:10000000120000030000000000000F21B8160511C7
:10001000A60021000020008000F002F800F040F867
:100020000CA030C8083824182D18A246671EAB460D
:1000300054465D46AC4201D100F032F87E460F3E98
:100040000FCCB6460126334200D0FB1AA246AB467F
:1000500033431847F0AC000020AD0000103A02D343
:1000600078C878C1FAD8520701D330C830C101D559
:1000700004680C607047000000230024002500265F
:10008000103A01D378C1FBD8520700D330C100D554
:100090000B6070471FB5C0460000210080C0461F9E
:1000A000BD10B510BD03488546FFF7F6FF08F0E226
:1000B000FC0AF069FA0020002003B4FFF7F1FF0307
:1000C000BC0AF068FA014B9D460148004700200039
:1000D0002001100000C020807B810707D0800780AE
:1000E0000F012805D0022800D0032070470420709B
:1000F000470520704710B504220E2101200AF05058
:10010000FA04220E2100200AF04BFA002108460AC8
:10011000F04DFA10BD10B501220F2110460000224B
:1001200000800AF040FA06220F2108200AF03BFA6C
:1001300001220F2100200AF036FA01220F210920A6
:100140000AF031FA10BD70B504461448154D018807
:10015000002910D089B27E290DD841887E290AD184
:10016000034601882A4618460AF029FA0C496031EC
:10017000C98B884212D0802120460AF026FA4421F9
:1001800021807E20608020462A460AF018FA7E21CF
:1001900008538022214601480AF01DFA70BD00FF75
:1001A00000000000230080FFFF000008F07FFCC07B
:1001B00020C07B002801D008F072FC0024C0252854
:1001C00089E040C107C90F20460AF00DFA641C02FD
:1001D0002CF5D308F04AFD1149002088630246013E
:1001E0004610200AF0E2F908F053FE08F0A6FE0CD3
:1001F000480AF077F80A4C0B4E40340125E0682895
:1002000043E06008F0A9FD08F0EFFE00F066FC3066
:1002100078002801D008F035FB09F0F7FEEEE70082
:10022000000340B8B70000000024008044150020FF
:1002300070B5FE4C03216379581EC2B2FC4862714E
:10024000002B2AD0436B9B79072B09D1436BF94DC7
:100250005B78AD88AB4203D2406B8171A17070BDF9
:10026000F24B08335D7C6D1CEEB202255E74042EE9
:1002700001D95D7401E0012E0AD0426B9279072A00
:1002800001D0406B817100F0E7FC0120A07070BDCF
:10029000521C6271406B8571F5E7406B07228271D9
:1002A000E548A170407841004018607100002500C9
:1002B0008070BDF0B5E14DE04E203D297F0022DC8D
:1002C00048002904D0B178002902D00120F0BDC235
:1002D00071D84901244B6B9F79D54B9B795B1CDB13
:1002E000B2002F12D1AF7FBF070FD44F6BF6883FFC
:1002F00078B7420AD84E6C3678002E08D0CE6B0004
:1003000021715E3026AE5FB14201DA8371C471CBD8
:10031000498379097F994202D28271C271D5E7C1BE
:1003200079002900D182710020F0BDF8B5C04D00E0
:100330002700002600802C46A87808342646203660
:1003400003000AF0E2F90604112534406310FFF7B8
:10035000B3FF002858D0BB480078002803D1012003
:10036000A87000F07EFCF8BD00F084FC002807D0E7
:100370000220A870A761B448E76107707771F8BDE3
:100380000320A870AF484078410040186871F8BD5C
:10039000AA48406C0770A761AC48E7610770AB489A
:1003A0007771AB4900680860FFF747FFF8BD617CD3
:1003B0006878814204D0000027008000F00FFC60C4
:1003C0007C687023E00420A870F8BD00F0DCFB001E
:1003D000281CD0A7619E48E761077077710320A8A9
:1003E00070974D686B80790028EED100211F2001A5
:1003F000F09FFD99481F210770E16091490978003D
:100400002900D001216A6C11700770F8BD0520DA4F
:10041000E78A49627D283105200856002A06D00067
:100420002804D0032020700120206208E0217D00F4
:100430002904D1002802D005202070000028008067
:1004400000E02770AF70F8BD70B57D490824083111
:1004500088680A46C607834B0125D269002E04D05E
:10046000A8431C702A43886005E0860705D5092447
:100470001C70022314E0CA6170BD460703D50A242C
:100480001C7004230CE0060705D50B25A0431D7046
:1004900022438860EFE7C40606D50C241C701023A5
:1004A00098431A438860E6E7820506D50D221A7044
:1004B000012252029043886070BD087D002800D060
:1004C0000000290080062008705E48283005717001
:1004D000BD70B503F0D1F9002807D06448017A0057
:1004E0002903D00021017203F00EFA564A60480831
:1004F0003291695D4BCC0703D001241C70A14304E9
:10050000E08C070AD502241C700DE09161916821EE
:1005100043916001682143016070BD4D07042400D0
:100520002D03DA03251D70A143EFE70D0702D51C4B
:1005300070082304E0CC060AD505241C701023990A
:10054000439161916800002A00801943916001681D
:100550001943E3E7062018700920107070BD30B50C
:100560003E4900220A7042480A61C2713748083089
:10057000437C002B00D00374007C3F4B44001D5D86
:100580000D71851E032D00D2421E4A71E1184A7872
:1005900037494A70887030BDF1B500F073FE2B4DBD
:1005A00030482968006808603048274C00780127E7
:1005B0000834022802D16068384360602868016806
:1005C0002248303002688A1A234900002B0080201C
:1005D00039C98E8A4208D3284901230A68DB031AE5
:1005E000430A60616839436160696C097800291ABF
:1005F000D01A4920390A7B032A15D12A6843681288
:1006000068D21A0B8F9A4203D3626802231A43629C
:10061000602A6883681268098FD21A8A4203D361FC
:10062000680422114361606168CA0702D02A681217
:100630006802608A0702D52A68126842604A070287
:10064000D52A681268826000980026002819E00008
:10065000002C00801801002094B8000088000020C1
:1006600024E2000020120020600100200018002079
:10067000C8000020281100203C1100203412002066
:100680004811002000B800000CD1FD484078002837
:1006900024D0C80706D0686BC079002802D120207A
:1006A00001436160686B8079022806D2F4480078C3
:1006B000002800D00120696C08702046E168F14CE8
:1006C000002906D04268C6600A434260EE4927719D
:1006D0000E70EE4B00002D00805979002910D013C8
:1006E000E06674686B80790028E2D000211F200149
:1006F000F02EFCE84806701F20E060686B8671D71A
:10070000E74168182291434160D97B002904D00158
:10071000228168520211438160FFF728FF00980090
:100720002800D06670686C0078002801D02671F827
:10073000BD2771F8BDF8B5D84CD84F2278D24926DC
:10074000463878097800252036130009F0EFFF0CB1
:100750002C070C1117373D617200002E0080777E48
:10076000838601F0FAFF00F07CFD50E00120FFF7E6
:100770001DFF04201DE00020FFF718FF042020705B
:1007800035713878002811D16068002802D0B8602F
:1007900003203870217D062000290CD071790029B2
:1007A00005D065750520207001202062F8BD01216B
:1007B00061752070F8BDA561B649E5610D70757170
:1007C000F7E770790028F5D075710820F1E7002867
:1007D000F0D102F0E1FF002809D0386901210000C2
:1007E0002F0080A0617171820609D520218843A065
:1007F0006122E0A561A848E5610570757109E060B6
:100800007D002803D0032020702162F8BD207D00E8
:100810002801D02570F8BD0520CDE70028FAD1B019
:1008200079002809D0FFF7A7FE6068002802D0B839
:100830006003203870B571F8BD0B20BCE70029FAC1
:10084000D1FFF755FEF8BD92480029FBD1072101E1
:10085000700A20B0E70029F5D1FFF707FEF8BDFFC9
:10086000F77DFD0000300080F8BD0121A0698907F7
:100870000843A06101F076FF00F0F8FC8A490120EE
:1008800008390870F8BDF8B5874C002560602574FC
:1008900002202070854E804F61740006000E02D049
:1008A0002562FFF74FFF3078002805D08048807917
:1008B000002801D103F039F83878002801D001F080
:1008C0002FF920780028E8D1F8BDF1B579487A4EA3
:1008D0000568706B82B00124C47100212046009429
:1008E00001F03DFB6F490020000031008008706F6F
:1008F000480021C4602046FFF7C8FF022480210081
:100900009801F02FFBA11C0098FFF7BFFF6B480177
:1009100027816B826B49881288891A09B2FF2901E5
:10092000DD0F127F1C2F70816B098869805D490E75
:10093000880BE0624871004068405E0221695E40B9
:100940001A394609F079FEA9190871761EF1D2020A
:100950009800282BD17320000122464243584800BA
:1009600021121890784F4B8446188812E00000320C
:10097000008013189B79664673430426965F4700F0
:100980009B194F4E7668F65F9B1B00D55B42464E27
:10099000768EB34200DA491C401EEAD24348424AEE
:1009A0002030007D12885043C00988420CDD0120B0
:1009B0000290732000014349604340187322801C59
:1009C0001201294609F02FFE641E9AD202980028CF
:1009D0000CD03C483D49801C3D4A09F018FE694650
:1009E0008880022201A9374809F01DFE00210098E5
:1009F00001F00000330080BAFA2E48002404702D64
:100A0000490098C86021460098FFF744FF2E4840EF
:100A10006BC471FEBDF8B5274C0026083CE0780198
:100A200027254D030009F091FE0504070F2C2E0623
:100A3000002E75E770F8BD04F065FB2648407A0388
:100A400028F8D102202AE02079002811D01548404A
:100A50007800280AD01D4D1D49A81C1D4A09F0D94F
:100A6000FD2988884201D0002000E0012078400361
:100A7000E0E87C800702D500003400800120FFF709
:100A80002EFF03200DE004200BE000211F2001F0C9
:100A900070FA0948002106701F20E860FFF7FDFE8C
:100AA0000520E070F8BD0000880000203C11002007
:100AB0006001002004E20000281100202001002035
:100AC00020120020341200205401002094B80000AD
:100AD00000E7000090150000FFFF00004812002012
:100AE00010B52821864809F0B5FD85490020083950
:100AF0000863486388638870824A48700000350044
:100B00008052785300D2184A71804A107088711050
:100B1000BD7F488049407E08707B487F49203882ED
:100B20007B0A70427B4A70427F8A70828D8A80C0C5
:100B30008DC880704770B5734E0024083E30780130
:100B400025012830D06F4D022815D003281CD00471
:100B50002828D12878002802D02C62FFF7FFFD2832
:100B60006A00281FD16D480078002815D06C488095
:100B70007900280FD010E0FFF752FFF07805281118
:100B8000D10000360080EC74347103201FE000F0C7
:100B90007CFBFFF7AAFF042019E002F0D5FE6248B3
:100BA0000078002801D000F0CAFF70BD00F0DAFA2A
:100BB00000F06BFB5848007E08F0DCF901F0E1FD25
:100BC000FFF793FF5A484472F47035710220307079
:100BD00070BDF0B5574A0020516B8D79002D0DD0B6
:100BE000536B54491E78494B09681B78534C9E42FD
:100BF00003D2454B9E7C002E01D02160F0BD434FB7
:100C00002668203FBF6900003700808E1BBE42F778
:100C1000D901202160022D04D9526B02219171016A
:100C20002102E0526B002191715974F0BDF0B502C0
:100C30002801D9821E00E000221446022901D98A27
:100C40001E00E0002213467322120154433D4AA6BF
:100C500018B478A6467324240163439D18AA789497
:100C6000462C4A203A148823E00022022807D33277
:100C700019927973465A430423F35ED21852420202
:100C80002907D32B199B7967467B430000380080E6
:100C90000427EF5FDB199A18284B6700DB68DB5FDE
:100CA0009A182A4B9A4203DD5B0C9A4200DC1346E9
:100CB000224AD268D353641ED9D2F0BD15484021D0
:100CC00041600721017001212030817170471B486C
:100CD000416B8979002909D0072905D0406B124959
:100CE00040788988884212D9012070470A49203902
:100CF0008A7F012AF8D0426C1278002AEED0C36BAA
:100D000000229A5E3023CB5E9A42EDDBE6E70020BC
:100D10000000390080704700002001002024E2001C
:100D2000006001002020E500009000002088000005
:100D30002020120020341200203C11002048120014
:100D40002094B8000000180020C800002000E70030
:100D5000000080FFFFFEB51446D74A5E00B618D7E4
:100D60004F4036B68B0A9D3F683F043F0EF71BD4B9
:100D70004EF3565B009B184033DB890293928A92B4
:100D800004960F46434E435020464307F0D8FE607A
:100D90004378430A2100003A0080484300090024B8
:100DA000019014E00E98012831D00C980068009052
:100DB00009986100405E002800DA404270430199C2
:100DC00009F051FC009940182880AD1C641C0B9858
:100DD0008442E7DB0298089947430D984743B809D6
:100DE00009F041FC00900E98012814D0012700243E
:100DF00000980199704309F036FC0C99A200895AB9
:100E000040182880AD1C641CBC42F1DBFEBD0C9870
:100E1000A1004058CBE700240B9F00003B0080F569
:100E2000E7F7B5A74D064640352A7BA8480523A815
:100E300049521CDB0100795A43E4B009680492A5C9
:100E40004B012204461A7003E0CA0700D1A41E49D0
:100E500008401EF9D29B482030817A002920D0E832
:100E6000887D214001C90009F00CFC07469548C166
:100E700068C0684902490F00030901000F0818966D
:100E800049085C6090669800280FD0012842D093F2
:100E90004949794C00A41C022870D0032839D1009C
:100EA000003C0080D5E08E498078091F0F5CE0E7A8
:100EB00000210120FFF705FD07F049FE784360435C
:100EC0000A2148434109884800686090FF3021307A
:100ED000027F407F42430498504309F0D5FB0790BE
:100EE0002A78804D00232888069307A903AB07C3FF
:100EF0007E48002380680190609802960094817873
:100F00007B483A46415C6098C078FFF72BFF288801
:100F100065994000801C0880B8E000210620FFF79A
:100F2000D0FC07F000003D008014FE609907AF4838
:100F3000430A214843400905906C4804990468FF1E
:100F4000204530005DFF34484347340390002009BA
:100F5000E0207803994843059909F098FB01C70000
:100F600098641C401C009060480099C2788A42EF47
:100F7000DC5E49049A0968FF3141314979514303E4
:100F800091002100910BE04CE02078039948430543
:100F90009909F07CFB01C70098641C401C0090522A
:100FA00048817800988142EFDC00003E00804F4C81
:100FB0006978E2780120930007AA9A18A37803932E
:100FC0000690049205914B48E17840694900401829
:100FD000019001214748029600910068474F8179AE
:100FE000C079795C0523609AFFF7C1FE6A78E078E2
:100FF000012307A903AD0FC5A0783E4A80005269BE
:10100000801902903B480093019200680523017902
:101010004079795C609AFFF7AAFEE078A1784018E1
:1010200081006598018036E000210820FFF700006C
:101030003F00804EFC002307932E48AA7840790792
:10104000A903AD0FC52D486A46016A012043C22994
:10105000482B4900680623027A407A895C3A461890
:10106000E000211020FFF734FC002307932148EA19
:1010700078407907A903AD0FC520486A46C16A01C7
:101080002043C21C481E4900680723827AC07A891F
:101090005C609AFFF76EFE65980480134900200893
:1010A0007067B0F0BD70B50446212008700B2214A3
:1010B000492046000040008009F0F6FA21460B3135
:1010C000002004F014FA054621461631012004F0F0
:1010D0000EFA002800D10025284670BD20E500004A
:1010E00000000A40F5B90000A010002030E3000025
:1010F0003412002012B8000004E20000D0000020EA
:1011000094B80000A8B9000064E20000F8B52821F6
:10111000654809F0BDFA00201EE05022634B4243AF
:10112000D2181A329446CA790024824200DCCC7864
:1011300035218500624652560000410080121B0A8C
:10114000D453111F01594E5B01BF19D31A7E5901A7
:10115000229A4016437E51491EEED2401C55494A00
:101160007A8242DCDC0A465179012003468B4051E9
:101170007A5B1E8C004D490B51D378202B06D98306
:101180001E0B62D278203A9040401E04E0DAB29002
:1011900040401E086200204862F8BD4748474900A9
:1011A000780870B5E7F0B50024002801D0421E0091
:1011B000E00022404D9446EA78521E8242000042EE
:1011C000008002D1EB785B1E00E0431C002901D0B7
:1011D0004A1E00E00022A878401E884202D1A97869
:1011E000491E00E0491C364EB61C0EE033486546E9
:1011F000C07850434519604604E06F00F75F6D1CEE
:101200003C19401C9842F8D9521C8A42EED920461B
:10121000F0BDF0B500240346002801D0581E00E0C0
:10122000002084462548C278521E9A4202D1C378D3
:101230005B1E00E05B1C002901D04A1E00E000227A
:10124000857800004300806D1E8D4202D18178496F
:101250001E00E0491C1C4DAD1C10E018486646C03D
:101260007850438619604606E07700EF5F002F0054
:10127000DA3C19761C401C9842F6D9521C8A42EC82
:10128000D92046F0BDF0B50F4F00249C460546BF5F
:101290001C0DE00A48C07848434619284604E0730C
:1012A00000FB5E761C1C19401C9042F8D9491C6159
:1012B00045EFD92046F0BD4C20012060E30000043A
:1012C000E200008800002000004400806801002047
:1012D00010B5F7480024046044608460BC210C30E1
:1012E00009F0E0F9F2491F2080020C310860142156
:1012F000F04809F0D7F9F048806C047000F036FF30
:1013000001F096F810BD10B5ED4CEE4B2068582258
:10131000EA49C01807F03EFEEA4BE8492068B033BE
:101320005822C943C01807F035FEE1490020886003
:1013300010BDFFB5044696460020099E1BE00A9AA0
:10134000039B4A43944612E06246D21800004500CF
:10135000805700E55F3F193A46203A1E27D75FEADB
:101360001B01D4154600E07D1B0B9FBD4201DDEA49
:101370001B10185B1CB342E9D9491C7145E1D90423
:10138000B0F0BDFEB5D1480078002807D0C948C0EC
:1013900078002804D0CE48C84900680861FEBDC75F
:1013A0004D0027686B8079012804D9A86CC24907D1
:1013B00070012063E0C848C74CC178E289CBB25BBA
:1013C0001E00930191029282780023521E1946A8B2
:1013D000680000460080FFF7B1FF064600F034FECB
:1013E0000246B6488068311A00D5811B238A8B4299
:1013F00005DD0302181A80190312B0488360AF4854
:101400000378002B04D0012B06D0022B28D117E043
:1014100001238660037023E0A38A8B421FDAE38AEC
:1014200093421CDB43785B1CDBB24370A67EB34265
:1014300016D902230370A74B47701B6803610FE0A6
:10144000A38A8B420BDBE38A934208DB43785B1C65
:10145000DBB24370E67E0000470080B34202D90150
:101460002303704770C2604160007801280DD020CE
:101470008B814201DA012005E08000814201DA021D
:101480002000E00320A96C0870FEBDA86C0770FE68
:10149000BDF0B58C4E9E46736C059D1B78002B04E9
:1014A000D0904BDB7ADB439B0700D0084680232C8F
:1014B000461C4331E0736B9B79012B01D984542B7B
:1014C000E0069F5300FF5E774501DD84541CE083F6
:1014D0005C9C461B06634604D59F060000480080BE
:1014E00018D15F067F0E05E05B0605D56346DF0970
:1014F000FF017F1C87540AE00923DB439F4206DA81
:10150000634640273B4383548B5C3B438B54875C4F
:10151000BB0602D0875C7F1E00E02F438754521E1B
:10152000CBD2F0BDFFB5694648780E788446654851
:10153000683050E06D498E46CB076449496B897924
:10154000012903D961468023194343E0911B491EB9
:10155000B4180FE000290CDB634FFF788F4208DDE1
:101560000000490080039F4D007F5F9F4200DD3BEC
:1015700046774500DABE46491C8C42EDDA6C4604DB
:1015800021615E994202DA6146802312E0815C0BA0
:101590000604D58B0612D14906490E0BE04B060313
:1015A000D5C909C901491C05E00924E443A645023F
:1015B000DA402319438154C9B28B0602D0C9B2491B
:1015C0001E01E06346194381543F490C31098809E3
:1015D0000403D5815CC909C9018154521EACD2FFF4
:1015E000BDF3B53D4800004A00803D49006884B025
:1015F000411801913B496A46B03140180390507C34
:10160000334B3B4986460C33181DC978147C55E092
:10161000394A0292D20794462F4A526B9279012A94
:1016200003D9724680252A4347E00A1B521E6618DA
:1016300014E0002A11DB2E4DED7895420DDD5500AA
:10164000039F00957D5F654500DDAC46019F009DD1
:101650007D5F029FBD4200DA0295521C9642E8DA95
:101660006A461225555F654502DA00004B0080721C
:1016700046802513E0425C150604D5950613D15229
:1016800006520E0CE0550603D5D209D201521C06B3
:10169000E00926029DF643B54202DA40252A43427C
:1016A00054D2B2950602D0D2B2521E01E075462A3B
:1016B0004342541A88120403D5425CD209D2014233
:1016C00054491EA7D201211868C90388431860062F
:1016D000B0F0BD3C1100202811002094B80000FF9C
:1016E0007F000054010020180F0000880000200037
:1016F000004C008000180020E0E4000004E200003C
:10170000FFFFFF7FFFB5FB4C8FB021465831981883
:1017100008AB02901B7F9C4608AB5B7F06937FE083
:10172000F54B0C930893DB079E460B936346C31A55
:101730005B1E65462E1829E0934226D3029D9D42EA
:1017400023D95F00ED4D07972D687F193F25AD0127
:101750000E977F1908257D5F0B9FBD4200DD0B951D
:101760000F250E9F2D027F1918257D5F0C9FBD420E
:1017700000DA0C9500004D0080E24D2F69079D7D39
:101780005F754500DDAE46089FBD4200DA08955BF7
:101790001C9E42D3DA10AB00255D5F754509DA6BFC
:1017A000463E255D5F0B9B9D4203DA069B80252B01
:1017B0004319E0235C1D0602D40D5C2D060AD59D5D
:1017C0000602D15B065B0E23540B5C9D060DD15BBC
:1017D000065B0E09E009230C9DDB439D4202DB08FA
:1017E0009D9D4202DA012323540B54235C9D060184
:1017F000D05B1E01E0069D2B4300004E0080235469
:101800000B5C9D0601D05B1E01E0069D2B430B5433
:10181000BB4B1B1F1B881B0407D5235CDB09DB01AB
:1018200023540B5CDB09DB010B540346401E93423F
:1018300000D07AE713B053E7F0B5B0482023103852
:101840000446027941780C34B14EB14FB24D206854
:1018500087B0002A7DD0C20710D04008400018434E
:101860002060705C06214843C1196631062201A838
:1018700008F03DFF02990198FFF7BFFE20680000C5
:101880004F008081071BD502218843402108432057
:10189000609F48062100690090E878019099480609
:1018A0002210384078305C4843C119663103A808DB
:1018B000F020FF009B019A04990398FFF744FE2053
:1018C0006841071DD5042188438021084320608F8B
:1018D00048E9780069490040180290A87803908888
:1018E000480621103840780622305C4843C119660A
:1018F00031684608F0FEFE68460BC8039AFFF723DE
:10190000FE804F000050008020683F1F3946834E04
:10191000B4310207B83760360391002A10DA082183
:101920008843490108437B492060C969707E019161
:1019300000901A23F35E6A7938460399FFF7BFFDDA
:101940002068C10612D51021884349010843714916
:101950002060896A707E1C23019100E008E00090FD
:10196000F35E6A7939460398FFF7A9FD07B0BCE634
:10197000C207C8D04207920FC5D0C008C0001843A4
:1019800020602A7BD20702D0000051008040221044
:10199000432060287B800703D520688022104320E5
:1019A00060705C06214843C1196631062201A8080F
:1019B000F0A5FE0299019800F099FBA6E7FFB55A41
:1019C0004887B000680D4602901299139844188118
:1019D000E022461599149800F010FC099A169B1104
:1019E00046079800F030FCAE880027B4462E7802F7
:1019F0009BF607F60F109A11990998002E04D066ED
:101A0000460197009600F071FC28780221000052F0
:101A1000008008406988009101900A9A6B7811460D
:101A2000099800F041FC119A10990A9800F085FC81
:101A30002878C00751D01098059002980490149807
:101A40003A4A03902032927E3A4B944650226243A7
:101A5000D2181A32159801920022964617996246BA
:101A6000002A3AD0042936D13049C9788E4632E06E
:101A7000049A8300D25A039B059E43435F000021D2
:101A800012B2BE19002A09DD6146624504D98900F7
:101A90009142000053008001D961460CE001210E03
:101AA000E0002A0CDA51426246614506D992008A6A
:101AB0004203D96146494209B201E00021C94335D8
:101AC00022019F7346BF56FF1A05D47F000097F787
:101AD0005B7B18009FF353521EF2D2401ECAD220E5
:101AE000461399641E884200D977E70BB004E6706C
:101AF000B5124DEC43002608E05300CB5EA3420034
:101B0000DD1C46AB4200DA1D469E19521EF4D2443B
:101B1000800580466070BD00005400804C1100209C
:101B2000FFFFFF7F5401002094B8000001B90000BE
:101B3000A0E4000004E200005801002060E300007F
:101B4000FF7F0000FFB5FF490A9C0180491C4180CE
:101B500000219E469446416039E00999099D614300
:101B60004A000199571861194E0020E06900624649
:101B7000525E7B5E9A4201DD6246535273465B5E63
:101B80007A5E934201DA73465A526246925F7B5EF6
:101B90009A4201DD6246935373469B5F00005500F5
:101BA000807A5E934201DA73469A53795E426851B5
:101BB0001841606D1EDCD200226146825E895F8A18
:101BC0004200DD018002227146825E895F8A420006
:101BD000DA4180641EC3D2FFBDF0B5DC48DD4D079D
:101BE00078E8788FB0DA4C42000A9260690026806B
:101BF000180B90D6484078810040180E90D648D7F0
:101C000049006809900E984018D04968310491A3A2
:101C1000695C3909689A180C9223690A9A9A180D16
:101C20009200005600803B0008F0E7FD0E3A083CA9
:101C30006A98BAE0E7F1EFEEEDECEBEAA878E97824
:101C400001270697079704910590E0680023AA7979
:101C500061686E460FC6C2490E98BD4E08560621F1
:101C60004843C049A3684118C048099AFFF7B3FE2A
:101C7000BF480178B9430170B068B84A3843B060D2
:101C8000A978E878019100906168A06B1268B84B60
:101C9000B84CD318B03C1219FFF759FF0020307030
:101CA0000FB031E5EB7800005700800221012206D9
:101CB00096049305920791E9792369A26902910339
:101CC00096019300920121415606204143A748AA5C
:101CD0004A091809982F468218A5489E4D636980C5
:101CE0001DFFF77BFEA3480178FD2211400170A87B
:101CF0006802210843A860FA782169E06BFFF701C8
:101D0000FF2E70CFE7AB78042101220592079106E0
:101D10009604930C99EF792B7A0D9A6C468EC40930
:101D20009A0A998C4C8A1894490B9B0000580080A1
:101D3000521802214156062041438D4809188D480A
:101D40000C30FFF74DFE8C480178FB2211400170EA
:101D5000A06804210843A0608148AA780D99006C0E
:101D6000FFF7D2FE4CE06B79012108270591079718
:101D7000049306916A7AE569636A03920291019578
:101D80000093032141560620414379487C4A0918B3
:101D90000998B03282187748236A704C1230FFF7E6
:101DA0001FFE75480178F7221FE0102701216B798B
:101DB000000059008005AAC2C204936A7AA56A236A
:101DC0006B03920291019500930421415606204134
:101DD000436848F12209180998120182186648E3FD
:101DE0006A5F4C1830FFF7FEFD64480178EF22115E
:101DF000400170A0683843A06004E0594CE178A02D
:101E00006800F069FC267052E7FFF731FD03E10935
:101E1000E105E1D2E090E062E032E0FFE7504B0CF8
:101E20003348051DD48806F1D5287B022816D0003A
:101E3000202022914300005A008002C3A978EA784A
:101E40004D4F0E9D7D5706277D434B4FED196D7805
:101E50000192ED1C009502910390E268A068114682
:101E60002BE00120E7E70120800281431960A97877
:101E7000E87801910090E26863681146A06800F07C
:101E80007EF9A06B2BE0374A0C320B0518D44B06B9
:101E9000BFD5402399431160012143560620434397
:101EA0003648EA78181840780396C01C01920291CF
:101EB0000090A26960691146049B00005B008000ED
:101EC000F069FAADE00120C00281431160E87801B9
:101ED0002101910090A26923691146606900F051C7
:101EE000F9E06B066046609BE0204A0C32CB041898
:101EF000D40B067ED58023994311600121435606F9
:101F00002043431E48AA78181840780192C01C024A
:101F100091039600900C9AEC78049B1146E3180B01
:101F200098CDE70120000381431160A878012101C9
:101F3000910C9A009011460D9B0B9800F022F9002D
:101F4000005C0080206CCFE7094A0C328B042FD450
:101F5000CB0568D5FF230133994311600323C35692
:101F60000121062043436A79064815E0FF7F0000FF
:101F70003C11002094B8000004E20000540100204D
:101F8000E8B80000A0E40000D010002060010020AC
:101F9000C80F0000580E0000181840780396C01CA7
:101FA000019202910090626A704B1146206A89E7A3
:101FB0000120400381431160687901210191009063
:101FC000626AE36900005D00801146206A2BE068C8
:101FD0004AB43A4B041BD48B0527D501235B0299E5
:101FE0004311600423C3560620434362486A7918AC
:101FF0001840780121C01C0396019200E015E00210
:10200000910090226B5A4B11461B1DE06A5CE70160
:1020100020800381431160687901210191009022A1
:102020006BA36A1146E06A00F0B1F85148C0380667
:102030007047E6FFF7E2F9F8E7FFF788F941E6F8BD
:10204000B5054600244C4E0F4600005E0080C007D8
:1020500006D001240A46A4025821301D08F075FB61
:102060006807800F08D00320C002044342483A4664
:102070005821583808F069FB42484079002814D0AC
:10208000280707D50120400304433A460421394874
:1020900008F05BFBE80608D50120800304433548BF
:1020A0003A460421001D08F050FB002F00D1346097
:1020B000F8BD34490220896C0870334908707047B4
:1020C000FEB52E4800270C38007A304E2D4D00000A
:1020D0005F00803C4680070FD5E978708ACAB2520B
:1020E0001E0290009201912848002300691A4619A7
:1020F00046FFF762F90446012722480C38007A406F
:102100000712D5A978708ACAB2521E0092029001B5
:10211000911E48E97800694900002340181A4619C1
:1021200046FFF74AF904197F1C022F00D1641020E2
:1021300046FEBDF8B5144C0646207B134D0F46C035
:102140000707D0E86B002240680090E3783046FF34
:10215000F708FB0000600080207B800708D5286C12
:10216000394640680090A378E2783046FFF7FCFAE1
:10217000054801220168D20391430160F8BD0000C7
:10218000FC110020A0E400004811002004E200003F
:1021900094B8000028110020E0E40000FFB581B0F1
:1021A00096468C460A9F0B9B0EE01D467D437C198C
:1021B00006E06600815B72469153815B62469153F3
:1021C0002146641EA942F4DC5B1EEED20B98474305
:1021D0007900049808F094FA000061008005B0F0DE
:1021E000BDA948C168016082688A438260A748C966
:1021F0000501D5022100E001210170704710B5A44E
:1022000049132008F0AFFAA34908200860A2490842
:10221000609E4900200870A249A0484860A049A1DA
:10222000488031086110BD70B5984A002414709C34
:102230004B803B5C60944CA5689E1531430D43A5D3
:1022400060986010780028FCD070BD30B5944B00C9
:1022500024803B5C610002FF3801384D1E000062A3
:102260000080284318619148002A03DA026A1A6242
:10227000406A04E0920085581D6210180069586297
:102280000120202904DD821E20398840401E02E002
:102290008840421E20461A63586330BD10B4814CFA
:1022A000403CA1612262FF2105312160002B02D058
:1022B0000022032101E00122022104884388E40571
:1022C000E4099BB2234312071343764A136203883F
:1022D000DB05DB0909070B43536200790721C006C0
:1022E000C00800006300800904401810606F497145
:1022F0004880390860022110BC084699E770B46A2A
:102300004C039E403C049D206162612162FF2004D9
:10231000302060012165480904016201219940498A
:102320001E09044162002D02D01906314301E00369
:1023300021090401605D495F488039086070BC0272
:1023400021084675E770B5584C049E403C059DA396
:10235000606261A061216260620620206026635293
:102360004E5648803E3060000064008001210846DF
:10237000FFF761FF002D02D0FF20073000E0514839
:102380002060032020635048306001210846FFF799
:1023900052FF70BD464B403B186199611A62FF20A5
:1023A000063018604248990201620021416207210B
:1023B000090401603E49414880390860022108460D
:1023C00039E7FFB582B000240E9E0C989C46254646
:1023D000002E02D002460D9913E00146002210E0C3
:1023E0008B186746FF5CBF231F420AD100006500BF
:1023F000801F2905D90F46203F0123BB401D430202
:10240000E001278F403C43491EECD2002C01D10053
:102410002D17D00022D2430D99FFF721FF254880C8
:1024200038002E02D00463456301E0046245620176
:10243000212748019100900B9B039A04990298FF71
:10244000F762FF06B0F0BD30B51A4C054680340384
:10245000982162514361624A10A2628910E16215BB
:102460004940390D6101220A600146921E1846FF5B
:10247000F70000660080F6FE1048124980380160BF
:10248000094A002111704160616005498B68FF2491
:102490000D3423438B600421816010780028FCD028
:1024A00030BDC0030C40041200208530000080E2E3
:1024B00000E000E100E00080FF7F80000C40FF01B1
:1024C000D9004C200120000100800001018006029B
:1024D000000000010280FF7F0000D1490020086059
:1024E0007047FFB58DB094460024169A1098234685
:1024F00050430590CC480000670080049060466E11
:10250000E01D4642008B5E00281BD05618203E1E60
:1025100022B25E109EB34262DD934260DBAB425E4C
:10252000DD5D19AA18059D0692AA4258DB01220317
:10253000926246521E9E460A90099090421CDA45CD
:102540001C18E00022E5E76A008E5E0296B6009E47
:102550004212DB5718029E203F1E22BA5E0A3E96A8
:10256000420ADC029A9644039A521C03920A9A5237
:102570001C6D1C0A926545E6DB002800006800809F
:1025800018DD054614E06A008E5E0296B6009E4293
:1025900010DB5718029E0222BA5E0A3E964209DC00
:1025A000029A9644039A521C0392099A521E099267
:1025B0006D1EE8D2224614256A430D9D52191071F2
:1025C000D380069D158175465561099D55810A9DEB
:1025D0009581039D1561049A9A4200DA0493641C64
:1025E000042C01D0401E8ED20D9804700D990498D1
:1025F000488011B0F0BDFFB50446ADB0002020709A
:102600000000690080608000938B4D8C4F1E46EA6D
:1026100078396901A82E9BFFF76BFF0096E978389F
:102620006949004118AA7816A82E9BFFF761FF6838
:102630004600792B9071E010A8007E009067E000C2
:10264000981421484316A946182B98142148430191
:10265000A945180C230C220A210A20F35EAA5E71F8
:102660005E285EFEF76EFE2F99884250DD7348317A
:1026700079426871482B79C0789C464843C018401D
:1026800000175E207800006A00801C225043001969
:102690004781207850430019037120781C23504350
:1026A000001941712078EA8858430019C2802078C7
:1026B000F28858430019028120780A225843AA5E02
:1026C0000019026120780A225843B25E0019826123
:1026D00020780C225843AA5E0019426120780C220F
:1026E0005843B25E0019C2616046FEF7C2FDC11BCD
:1026F00020781C2250430019C1600220205EB8429D
:1027000002DA678020786070207800006B008040DB
:102710001CC0B22070102809D00098401E009040C4
:102720001C92D12B98401E2B90401C89D131B0F0C7
:10273000BDF8B502464548056845480090007F0051
:102740002845D0002943D0D043400740D1404F0412
:10275000232037BA8879882846FFF754FF2C780061
:1027600020364E002C32D002223988AA5E891A0007
:10277000292CDD68781C22504342190620082310BA
:102780005ED35E584307F0E9FF002815DB0099008F
:10279000006C0080C98B814201DD084605E0012103
:1027A0008904884201DD084601E0002807DD316820
:1027B000002903D04A008918081880103060316859
:1027C000002907DD01204002814204DD491209226F
:1027D00002E03060F8BD0022009207F0C1FF84469D
:1027E0002BE01C2060434219916923E010691DE031
:1027F000164B46001B699B5F144E3769124EF678E4
:1028000076187600BE5F73435B1266467343009E84
:1028100033410E4E00006D008077680C4EF6784E06
:102820004336187600BF5BFB18094F401C7F68BB1E
:102830005353698342DEDA491CD0698842D8DA648E
:102840001ED1D2F8BD081200200080FFFF04E20074
:102850000094B8000058010020E0E40000FE4801A8
:102860006B8215914301630020FC49C0430860FC62
:10287000490860FC4810220260FB490A60202202DD
:10288000600A60FB49F948098900688900401AF923
:102890004988607047F8B5F74800006E0080F74C33
:1028A0001421143007F067FFF4480921283007F09D
:1028B00062FFEA48C0380168490049080160E748FA
:1028C000016B490049080163002787630121EC4837
:1028D00049040160EB4880300760EA49FF23898C96
:1028E0001B044AB25142994312040A434260E7482A
:1028F0004822E549006807F05CFFE3495822483167
:10290000204607F056FFE348E2490160E349416091
:10291000D94CD249403C403920690862E048000067
:102920006F00802168016061684160A1688160CCAE
:102930004D2068803D002801DBDB4801E0DA48805B
:102940001C2861CD4E203E707B012806D00228084D
:10295000D0032845D0042809D146E00122092108E6
:102960002002E009210122084607F0DDFE60692807
:10297000630020A863377B042F00D20127CB4DCB07
:10298000482F710168BE480161C0483946807840CF
:102990001E07F0EDFE401CB9497843487168712666
:1029A00022C4490000700080C44807F0F5FEB74813
:1029B00001693F2212049143016101692A790123CF
:1029C00012041B04D21A114301610169FF22120291
:1029D0009143016101696A79120211430161B07B7F
:1029E000012808D020E0012209210A20BFE70122A6
:1029F00009210B20BBE7B24900200856B14A105606
:102A0000400000194030C0890221531802255D574B
:102A10006B001B194033DB89834200D81846491EDE
:102A2000F3D298490B38C88000007100809048812B
:102A300068012211438160FFF71BFF934900203199
:102A400031087048708870F8BD8C481021803001C2
:102A500060202101608548816B02229143816301DE
:102A60006A4900490801628149C0390A6852005226
:102A7000080A604A68920892004A607C4980390AD4
:102A80006B920092080A63794940390A6805235B12
:102A9000079A430A60016B490049080163016B8290
:102AA000151143016370477148C038016800007216
:102AB00000804900490801606E48816B0222914301
:102AC0008163016B4900490801636E4870490068E1
:102AD00088607047F8B50C4600216D4D0E460B46D8
:102AE000012A03D191020326F6060B46012C7ED063
:102AF000002C7DD0774C06274200E75F521C7A43BA
:102B00001413241FFF2C01D9FF240134071B0A3F93
:102B1000F62F00D3F6277F1E614A641EBC4648325A
:102B200017685F402F6057685F406F6097685F402D
:102B3000AF600000730080D7685F40EF6017691EC8
:102B4000437740B6462F6157695F406F61976927A9
:102B5000435F40AF61D769664637435F40EF611717
:102B60006A5F402F62576A5F406F62976A5F40AF4B
:102B700062494DD76A2C355F402F60176B5F406FFD
:102B800060576B5F40AF60976B5F40EF60D76B76CD
:102B90004677402F61166C5E406E61566C26435E30
:102BA00040AE61966C67463E435E40EE61D66C5E19
:102BB000402E62166D5E4000007400806E62526DA1
:102BC0005A40AA62384A9569384B4D401B689D614E
:102BD000D5694D40DD61156A4D401D62556A4D4015
:102BE0005D62956A4D409D62D56A4D40DD62156B10
:102BF00025434D401D6301E023E025E0546B3C4339
:102C00004C405C63946B4C409C63D46B4C40DC63E5
:102C1000126C4A401A64194CC03C2168FF2212020F
:102C2000914321601B4920394A7A18214A430146C1
:102C3000104607F0B5FD00062168000C0000750085
:102C40008008432060F8BD154AD48862E704460B2B
:102C50003C5FE7124910B528318978094A803A006B
:102C60002903D0116B2F231B0619400B4B7F2440E7
:102C70003B5B692404A343000403430B4313631029
:102C8000BDC0000A40C03F0A40C03F0B4080E20088
:102C9000E000E100E00018002060E500000C1200F8
:102CA0002048180A4000000B4004E2000008B90068
:102CB00000CC0000200001020300040A40121D069F
:102CC00011000076008000020A4000010101A010FE
:102CD000002030E3000038E3000000010B40D2B9CF
:102CE0000000F5B90000342E0010F1B5FF4D82B0A0
:102CF000002068710120FD4CC0072063FD48206260
:102D0000FD4FFA4907223E46029812054039203607
:102D100000280ED000200090A8780028086811D064
:102D20007F22120410400F23FA681B049A431043B9
:102D300011E008681040FA68104308600A2006F0A5
:102D4000ACF913E010400000770080FA681043F2FD
:102D5000790A2A02D1012212070092FF22013210C1
:102D60004308600A2006F09BF9206A009908432076
:102D7000620121B07A49078B10002803D0206A88AD
:102D800043184318E0B27801208002002A7DD00168
:102D90002A7CD0022A02D0032A0AD102E0226A82C7
:102DA0004301E0226A02432262A06B40084000A077
:102DB00063206A084398432062CE48006A01218953
:102DC000060843CB490862CA4C803C00007800806A
:102DD000206B090608432063206B610408432063CD
:102DE0000C2006F05FF9C448016A20058143C248FF
:102DF0000162122006F056F9216B600481432163C1
:102E00000A2006F04FF9BB49BE4828390068896896
:102E1000401ABB49800840310989814200D20846E6
:102E2000282803D9283880B206F03CF9B249086A4C
:102E30000F23029A1B05002AB34A4BD090437279A4
:102E400012040243B0799A43000510430322120290
:102E500000007900809043327A130203430B62A78B
:102E600048C038026883031A430260426802231A8A
:102E7000434260A74ADC1E14609468A64E34439413
:102E8000608A6B1A438A639D4980394A6B002A0520
:102E9000D02A7901E019E015E0002A26D0486B9687
:102EA0004C143C002827D02879002824D0FFF7E0D4
:102EB000FD387E06F006F9FFF7EFFC0020287101CF
:102EC0002169711EE0226A824301E0226A024322E4
:102ED00062A06B012200007A008010436FE79043EC
:102EE000F2781204024330799A4303051343B8E79A
:102EF0003968002901DB01210161FEBDFFF7BBFD3F
:102F00000120287168710020A060A871FEBD83496E
:102F10007C4A0B6A13604B6A53608B6A9360C96A80
:102F2000D1607F49C8637F49C8637047F0B5744A70
:102F3000036813604368536083689360C368D36019
:102F4000784B0422DA63774BDA63754B1522C03372
:102F50000125D407002904D0960000007B0080F6EC
:102F6000183768274309E02E46476996403742F5EF
:102F7000D19600F61837687F007F083760521EEB45
:102F8000D2694B1F224033002904D09600F618372F
:102F900068274309E02E46076996403742F5D196E7
:102FA00000F61837687F007F083760521EEBD2F0BA
:102FB000BDF8B55B48544902690A6042694A6082BB
:102FC000698A60C069C86057480121C1635848597F
:102FD0004A0478574B1279A646002C0AD14478004F
:102FE000007C00801419E4B244709D781419AC423E
:102FF00002D9ECB2A41A44704E48DB784078504EA7
:103000001C184E484F4F0079401E0090012A0FD0E7
:10301000484B75461B6908469C46A8400023002A79
:103020001ED9009DA9406546054209D0022508E049
:1030300070462018305C02218000C01901600FE04A
:103040000325814201D1012000E040003C4EE718F9
:10305000F65DB7003B4EBE1935605B1C9A42E2D864
:103060000099344800007D00807246714501DD51B1
:103070001C00E000210170F8BDFFB5274883B08037
:103080008A0C9F8004800F0E9C012800D17F08804D
:103090002B01D2022004E0FF2B01D8032000E00422
:1030A00020A0711B48C03800680004000E151A17D4
:1030B00048067800220620002E07D0012121802218
:1030C000716280A179401A60719BE02E465E43A335
:1030D00079C01A864001907000002262711B4A017B
:1030E000E0761C66716679034600007E0080F3403E
:1030F0009342F8D84843F1B2C91DC84000B2044910
:1031000060804978002926D000202071012020808D
:103110007AE034120020C0000A400000EE8020E572
:1031200000000018002000000F00C03F0A400510FA
:10313000000044E20000C00F0A40C00B0A400C121D
:10314000002004E20000A010002074E20000000C47
:103150000A40FF7F0000F6498C4208D1F649097900
:10316000012904D9F54A515C4843C0116080000030
:103170007F0080F2480D990938415C039819227844
:1031800043414328469202504307F025FB41080182
:10319000438A080A4310091043010A0143080C0836
:1031A00043E84A41081140401AE74982080A4008AA
:1031B00040101801090818E4490840010A081801DC
:1031C0000C08188106890E2171DD4800910D9909BE
:1031D00038405C039A00998A407A435043294664F8
:1031E00022514307F0F8FA02B22280019800998038
:1031F0001B40180000800080C1B22171002000E057
:10320000401C13460341FF2BFADC02412280081ABE
:103210002071A0790104CF4801606179816207B013
:10322000F0BDF0B50346CC4814460268CB48FF32E7
:1032300080788C46053200280BD135200326C84DF6
:10324000B607115C09028F19810049190F60401EF1
:10325000F7D2C448C449007E184308616046FFF7AE
:1032600014FDC14880380168090A0902016001683B
:10327000641EE2B2114301600000810080F0BD7065
:10328000B53622FF242402BA4D0AE05300C1561B72
:103290001801269E57A14333020B43910049190B95
:1032A00060521EF2D270BDFFB5AF4C83B00D460622
:1032B00046403CA17B00220C9F0598FFF730FCADF7
:1032C000480178A048002904D001210171AA498948
:1032D0007807E0217B042900D201210171A049284F
:1032E00039497941719E4881789B484030002900D6
:1032F000D001068163994800682C30FFF7000082F6
:103300000080C0FF9B48016AC204914301622946C4
:103310003046069AFFF78AFF95486946E0C1203893
:1033200002460178403A1A20105E059B069AFFF784
:10333000B0FE9349142007F068FA9249152007F06F
:1033400064FA8B48803801680122120691430160BB
:103350006AE7FFB50546854817460C46403883B0F6
:10336000C17B012238460C9EFFF7DCFB7E4881784A
:103370007B484030002900D001068163794800680D
:1033800098300000830080FFF77FFF7A48016AC20F
:10339000041143016221462846069AFFF749FF744B
:1033A000486946203870C102464178403A1C2010D6
:1033B0005E3B46069AFFF76FFE7549142007F0271B
:1033C000FA34E7FEB506466A4814460D4640388191
:1033D0007B1F4600222046FFF7A7FB6149002040E3
:1033E0003188636448016AC204914301623A462904
:1033F000463046FFF71DFF54480196183002905C96
:103400004800952038024600008400808178403AC8
:103410001E20105E23463A46FFF740FE5E49142008
:1034200007F0F8F9FEBDFEB50646534814460D46B2
:103430004038C17B1F4601222046FFF778FB4A49EE
:103440000020403188634D48016AC2041143016283
:103450003A4629463046FFF7EEFE3D4801962030B9
:1034600002904548009520380246C178403A202015
:10347000105E23463A46FFF711FE4749142007F035
:10348000C9F9FEBD70B5344B5024143300008500DB
:10349000801B5C3A486038808A8004800F60433724
:1034A0004C4843203C247805215443E4095843C93F
:1034B0000207F0A0F93A490002084331494039882F
:1034C0006336202102374B384D214304E08200D47B
:1034D00018216052191160401EF8D270BDF8B50D68
:1034E00046324914460A68832106464901002051A4
:1034F000180876887621481F464038817B002220B4
:1035000046FFF717FB1E48016AC204914301623A65
:1035100046000086008029463046FFF791FE154898
:1035200000682C30FFF7B8FE224629463046FFF7E8
:10353000AEFF01200F49400408600D484030816B08
:1035400049004908816301200A49800480310860EC
:103550001949142007F063F9F8BDA8100020A01045
:103560000020B1B9000055555555333333330F0F93
:103570000F0F00000B40D00000203412002000107C
:103580000A4080E5000080000A4000020B409000E5
:10359000002004E200000000870080AD4C0000E144
:1035A0004D0000494E0000A54F00000000018300BF
:1035B000140A4000120A405401002007510000F88C
:1035C000B50D46FD49144609688322520106468915
:1035D0001800204876FA480090224629463046FFD7
:1035E000F771FE224629463046FFF753FFF549148E
:1035F0002007F017F9F8BDF0B5944650225043F17A
:103600004A002486181A365A07F048002A1AD0EFC2
:103610004A0902127B1204114383220000880080B1
:10362000120611438163EC4935203556002D2FDBFE
:10363000012B0CD0022B18D0042B16D08200551869
:103640002C60E64D521914601FE08463F0BD6246A1
:103650001278870015022A437D182A606246157881
:103660002A021543DD4ABA180EE06246575D3A0257
:103670001743820096465218176067467D5D724672
:103680002F023D43D54FD2191560401ECDD2F0BD5B
:1036900085006F183C60D14FEA19D4E7F8B50F46A2
:1036A0000000890080CF498870CF48027952424A91
:1036B0007000240C700C710A4628329278CB4D01B0
:1036C00026002A05D0CE700020FFF746FC2C62238E
:1036D000E04079C8700C460120FFF73EFCA078500E
:1036E000214843BB4940180021FFF745FCFFF78301
:1036F000FC0120C0072862BB4801231430407941F7
:1037000000BB48006808180246FF302130FF320134
:103710007F3E32A078FFF774FF012F03D00020FF17
:10372000F713FBF8BD00008A0080B3488168B34AF4
:1037300011438160A9484038416802221143416029
:103740000661F8BD70B5A84C0025A570257120460E
:1037500028308078A74E002806D00120E070002095
:10376000FFF7FDFB35621DE0A648C079E0709B487D
:103770002038C079FFF7F3FBA078502148439549E2
:1037800040180021FFF7FAFB0120C007306299487A
:1037900002230268FF204530815CFF324732A07867
:1037A000FFF731FF0120FFF7D2FA00008B00807095
:1037B000BD10B594488E4CC179A1700021217100D3
:1037C0007AE07087482038C079FFF7CBFBA07850AB
:1037D000214843814940180021FFF7D2FB01208591
:1037E00049C0070862854804230268FF20463081EB
:1037F0005CFF324732A078FFF708FF0120FFF7A9EE
:10380000FA10BD70B58048804A0179784C565C4109
:103810007AA1700025257101462031C97E01292039
:10382000D00120E0700120FFF79CFBA07850210020
:10383000008C008048436A4940180021FFF7A3FB31
:10384000744A0220B1008A181060734A891808600F
:103850006A480562002208231146A078FFF7D8FEC7
:103860000020FFF779FA70BD4079DDE7F8B5674CC5
:10387000604D607AA870002028715B4E0120E870CE
:10388000203EF079FFF770FBA87850214843544957
:1038900040180021FFF777FBE07A800717D5204614
:1038A0002030C07E01281FD00020594923790918F3
:1038B0005B5C584F00008D00809B00F279DB191A89
:1038C000602379F279595C554B8900C9180A604028
:1038D0001EEDD24B4900200862024601461023A883
:1038E00078FFF798FE0120FFF739FAF8BD6079EE0E
:1038F000E710B54748404C8079401EA0700020205A
:10390000710220E0703E49800708620120FFF72E17
:10391000FBA07850214843334940180121FFF73577
:10392000FB0020FFF71BFA10BD10B53D48324CC01C
:1039300078A07000202071204600008E0080283082
:10394000C078002801D0012002E032482030807881
:10395000E07001202C49C00708620120FFF709FB35
:10396000A07850214843204940180121FFF710FB5F
:103970000020FFF7F6F910BD214800B501232830DB
:103980000079002801D0002000BD01201849C0079F
:1039900080310863164940390A6802430A601348B7
:1039A000406B002800D10023FFF7C6F8184600BD81
:1039B00070B51248002114300446836814340000A6
:1039C0008F0080002B39D00125C1602A468A401E15
:1039D0004616422CD0091D017093438360C26029B2
:1039E000E0000054010020A81000201152000060E7
:1039F000E3000040000A4060E5000000140A4000B7
:103A0000120A400C120020A010002000000B40D031
:103A1000000020C03F0A400510000004E2000074CE
:103A2000E20000000C0A4000080A40EE10002049A5
:103A30001C0729CAD9A571012070BD0170A17100B0
:103A40002070BD000090008010B5C84A53785C001B
:103A50001B199B18DB78037050784300C01880183E
:103A6000007908705078401CC0B25070022801D113
:103A7000002050709078401E907010BDFEB5BC4F75
:103A8000BC4EBA4D29E0687841004018401944798D
:103A90003078204201D00020FEBD01A96846FFF722
:103AA000D3FF6846007900281CD0B349012C1BD0F5
:103AB000022C1ED0042C21D0B048082CC26822D081
:103AC00004236846007800F00000910080F2F9308D
:103AD0007820433070AA481430016921430161A85D
:103AE000780028D2D10120FEBDA649E1E768460052
:103AF0007800F08DF9EBE7A4480068C2190123E2D1
:103B0000E7A1480068C2190223DDE70323DBE7F8D9
:103B1000B5FFF7B6FF00280FD0994C0B279B4D9CA3
:103B20004E14342078030006F0FBFE0C0B0C0B1334
:103B3000183C5B799CBED8F7F58D48012109380106
:103B400072F8BD00208A4920700939206100009276
:103B50000080C871F8BDFFF735FF0028E4D1F8BD3B
:103B60002079810041188C48405600287BDB8B4926
:103B700000914100491940318B8B894908560A212F
:103B8000400040194030C28960794843316840188C
:103B9000C1788078FFF7B2FB834800218079401E0E
:103BA000C0B2FFF794FD1CE02079810041187A48EB
:103BB000091801200856002855DD78490831009180
:103BC0004100491940318B8B764908564000401915
:103BD00040300000930080C289306841790079FF4D
:103BE000F7E2FBFFF7C5FD2770F8BD2079810041A2
:103BF000186B48091802200856002836DD6949105C
:103C00003100914100491940318B8B66490856407B
:103C10000040194030C2893068C1798079FFF7C30C
:103C2000FBFFF7DAFDDFE72079810041185C4809E6
:103C3000180320085600287ADD4100491940318BCD
:103C40008B59490856400040194030C289306841BC
:103C50007A007AFFF7DEFB00009400804E48494965
:103C60000068B03141184A48C160FFF7E1FDBDE787
:103C700060E02079810041184A480918042008565C
:103C8000002857DD4100491940318B8B47490856C0
:103C9000400040194030C2893068C17A807AFFF70D
:103CA000EAFB3D48F1210068090141183848C1602C
:103CB000FFF7F0FD9AE72079810041183948405616
:103CC000002837DB400040194030838B33482A8E70
:103CD0002030C17C60790A25684335680000950072
:103CE0008040198078FFF722FCFFF716FE80E7205E
:103CF00079810041182C48405600281DDB410049BD
:103D00001940318B8B2A4908560A2140004019403E
:103D100030C2896079484331684018C1788078FFA3
:103D2000F771FCFFF715FE63E709E0FFE7154809A7
:103D3000384079002800D15CE703202070FBE600C2
:103D4000202070F8BD30B50F4B9C78022C19D09C08
:103D500078641C9C701C7865006419E418E0701885
:103D600078000096008044000019C018017118788E
:103D700041004018C01842711878401CC0B2187039
:103D8000022801D10020187030BD3D120020580ECD
:103D900000006001002000920B400C120020008007
:103DA0000B405401002020E50000D0000020D2B9D3
:103DB0000000A8100020F5B9000004E2000010B5D2
:103DC000F94801240460F848406B002808D1FEF748
:103DD00098FEF64804714471F64A002191608171A1
:103DE00010BD10B5F0480000970080C1680160CA9E
:103DF0000702D0FFF7E6FF17E0CA040AD5EC4A40F5
:103E00003A5368032423435360826801231B039AB7
:103E1000438260490708D58168052291438160E6A5
:103E20004910200860012010BD002010BDF8B58C9D
:103E3000465021E24A41438B18DE499E464A781A91
:103E400033002A0DD1DF4A1278D20709D0DE4A9416
:103E50004501D0012100E000210122FFF778FFF8A1
:103E6000BD887800282BD1D848827800009800803F
:103E7000521E27D3D74841790079081A904201DDB4
:103E8000104603E0D24889188078081A71464D7EA2
:103E9000CF496843C97851434C00CF49096861183C
:103EA00044006046271835201C56002C06DB2E46A1
:103EB0006D1E7600B61EBE5B64000E53401EF3D22C
:103EC000521ED7D2C548C64902880A8042884A8015
:103ED00000790871F8BDF0B450246043B94C04195E
:103EE000667E1A3435202556002D06DB3746761EB1
:103EF00000009900807F00BF1ECF5B6D00575340CC
:103F00001EF3D2D900B64806225343445AB54A0894
:103F100018D452448899184C8000790871F0BC700C
:103F200047F8B5A44CE5682560E80702D0FFF74ED6
:103F3000FFF8BDAD4EAD4FE80417D53078401C30CA
:103F4000703078AB490978884209D1786803210834
:103F5000437860A068012109038843A06005E0FF61
:103F6000F772F878680221084378606807E0D5A006
:103F7000680521884300009A0080A06093491020C2
:103F8000086000203070954D9C4C29798D4E012998
:103F900002D97078002804D03868C00136D48D4921
:103FA00035E09648826803151A4382603868954A5E
:103FB000C3019348036901D4934300E013430361B1
:103FC0003B68904A53403B602278502394465A43C2
:103FD0007F4BD218537E6A79964602698A4F5B1EE0
:103FE0003A40009272461702FF3F013F0122090446
:103FF0001204891A1F43009A0F4300009B00801788
:10400000430761FF210131816081486246027003EC
:10401000E080492078FFF714FF2078002806D04080
:104020001EC0B220700121FFF768FBF8BD2879019E
:104030002802D070780028F8D0FEF79EFD0121718B
:104040007165480278D20707D1604AD468136923A2
:1040500043136102780A430270FFF772FDF8BD70E6
:10406000B5684CE068206040052CD5A06821158813
:1040700043A06064480069C00101D4574900E000D2
:10408000009C00806449634D2878FFF7DCFE2878A7
:1040900000281AD1A068012149028843A0604D4937
:1040A000202001240860FEF76AFD4C480178C9070A
:1040B00007D10178214301704548C2680169114365
:1040C000016142484471FFF73EFD70BDF8B5FFF74E
:1040D00097FE002861D048480178491C017041488A
:1040E000484DC1792878814202D90226012301E096
:1040F0000426022335494978404C00290AD1374922
:104100000978314200009D008006D021683246C9FE
:1041100001C90FFFF72BFE0BE02168C90101D43163
:104120004900E03E49324A3E4F1268D219FFF7DF9C
:10413000FE3248007833490978884231D0287840E7
:104140001C287020683349484020600A20FEF7365A
:10415000FF287850214843214940180021FEF73DAF
:10416000FF21483049C279287882420A6804D9FF81
:10417000214531895C022303E0FF214631895C043B
:1041800023FF324732FFF76EFA00009E00800F488F
:104190008168264A1143816060680221084360609B
:1041A00001202061F8BDFEF7EFFC0E480178314296
:1041B00007D10178314301700848C2680169114391
:1041C0000161044901204871FFF7C2FCF8BDC03FFE
:1041D0000A4040000A40341200202012002080E2F1
:1041E00000E060E300006001002000800B4004E27A
:1041F0000000A010002054010020A8100020D010C2
:1042000000201012002000000A400F1200200000C1
:104210009F00800E120020C03F0B4000000B4000AA
:104220000000014612002000920B40580E0000D002
:1042300000002005100000F8B5FE48C2680260D1F9
:104240000702D0FFF7D2FDF8BDFB4CD1042AD5FA06
:10425000490B785B1C0B700B78F94D2D78AB42093C
:10426000D16168032319436160816801231B0399AD
:1042700043816017E0F34D01232E79F24D0F7876DC
:10428000197F1EF65DB700F04EBF193B60ED4F0978
:10429000783F790000A0008002236918795C8900CA
:1042A00089190B606168194361605107CED5816837
:1042B000052291438160E74910200860FEF769FC00
:1042C000E548007B000702D50825032301E01025FF
:1042D0000423E2484178E24800290BD1E1490978FA
:1042E000294207D021682A46C901C90F0078FFF783
:1042F00045FD18E0D449DD4E2031CF7EDA49DC4A55
:104300002468012F15D0E40100D5314612680078E9
:10431000FFF7F5FDD34801780000A1008029430193
:1043200070CE48C268016911430161CD490120483E
:1043300071FFF715FCF8BDE40100D531460078CED9
:104340004E502735247843801906191A27F757004D
:104350002F01DA641EF8D2BD48082D407902D064DE
:104360000012680EE0126806E036264643361976DB
:10437000008E5B4700D653401EF6D204E00E5B472A
:1043800000D653401EFAD2DA00BC4806214B4384C3
:104390005ABB491018CC52428859184A800000A2D2
:1043A000008000790871BAE7F8B5FFF738FD0028FA
:1043B0003ED0A44C00272068C00101D4B34800E0DF
:1043C000B348A94E00903578002D02D0681E307099
:1043D00042E09D480178491C017000789C490978A9
:1043E000884226D1FEF7DAFB964881680522914380
:1043F000816001249A49102008602946009800F045
:10440000A6F8A3480168832040010818A249827ECB
:104410008A70027E0A70027F0A71407F487190485C
:10442000C2680000A300800169114301618F484404
:1044300071FFF79AFBF8BD206840004008206097A4
:104440004997482031008E8A7C897B80180022FEA3
:10445000F7BBFB80488079401E30700127C0B285D1
:10446000420AD00120FEF7B9FD307850214843843C
:104470004940180121FEF7C0FD002F0BD020680134
:1044800021C9070843206060680221084360606D0D
:1044900048C91E01606C488168824A1143816020CE
:1044A000680121090648400000A400802060012026
:1044B00020612946009800F04FF8F8BDF8B5FFF7E5
:1044C000B3FC002837D06A4DE8780126002802D0D6
:1044D000FEF769FB2CE05E490868C00101D467481B
:1044E00000E067485B4C2278521C227023785A4ABD
:1044F000127893420AD2554A93686B4F3B439360BC
:104500000A6801231B065A400A600E612178491E81
:1045100000F06FF821785048007881420BD1FEF707
:1045200042FB00F001F95148C26801690000A50092
:1045300080114301616E71FFF71CFBF8BD70B5FF80
:10454000F775FC002809D05A48806A0125494C00BB
:104550002800D0E571FEF729FB657170BDF0B48CC1
:104560004650225143494A00258F181A37514C2A88
:10457000463523F95600290CDB990046583116368A
:104580000236168E1BB24201DA32461D46B4420094
:10459000DD34465B1EEDD23248C07F002800D012C9
:1045A0001B3F480168832040010918087E904203A0
:1045B000DA0000A600800A766046C8760D77CC7EC9
:1045C00050225443334A37253520A61837181A236A
:1045D000FB562F4A002B0DDB0F7FBA1827461A37E0
:1045E000D757FA1A00D5DA1B002A03D0AA4201DAFB
:1045F00015464877401EE9D2F0BC7047F3B500215C
:104600008E468C46184928228A5E82B0511001914C
:1046100019496C2249791F4B5143284A8918009146
:1046200017495022097851431A4A8A181A323521FB
:104630005556002D0BDB0000A700804E000027849C
:104640005FDF5F7C431F793C416F00009DED5B6441
:104650001B8453491EEED2154935E0C03F0A400085
:10466000000A40101200200F12002004E200007423
:10467000E20000000C0A4080E200E020120020343A
:104680001200200E1200206001002000800B40006C
:10469000920B401812002060E30000A8100020D008
:1046A00010002000400B4000420B4054010020EE5F
:1046B00010002020E50000051000000000A8008088
:1046C00040000B40FFFFFF7F000001200B79504EA0
:1046D0005B00C45A358D6419C4524B79358D5B002B
:1046E000C45A6419C4523523D456002C0DDB5C0027
:1046F000045F002C01DB254600E06542019EB542C7
:1047000003DAA6446446641CA4465B1EECD26246EF
:10471000404B52009A5E73465A4313130A79520073
:10472000825AD51A039A54003B4A155349794900D5
:10473000405AC01AA118088304B0F0BDF0B534483F
:104740000000A900802A2185B0415E01912A21281C
:1047500022415E825E88180021009131498C78A444
:104760001E611C51D0019989008000049103902B97
:10477000496200885E52180221515E18261A259659
:104780005F555F4218029292195719049ABA42046F
:10479000DD24486521417005B0F0BD019A904203C7
:1047A000DB914201DB954204DA1E48662141700527
:1047B000B0F0BD039ABA4202DA1A4A672353704036
:1047C0001A8019401B0000AA008064214843394622
:1047D00006F061F8002800DA40420099884200DDC6
:1047E000009002986421801B401B4843394606F024
:1047F00052F8002800DA40420099884200DD00901B
:10480000641EB7D20098642801DD642000E000989F
:104810000649487005B0F0BD000004E20000342EE7
:104820000010F610002024E20000EE100020F8B581
:104830000026F84F0D460446042825D004DC012C40
:1048400009D0022C04D108E0082C0000AB00801F26
:10485000D0102C1FD00020387008E0042000E005A4
:10486000203870FFF795F938780028FAD1EC49EC38
:1048700048ED4B012C10D0EC4A022C14D0042C171C
:10488000D0082C1DD0102C22D00020F8BD0620E727
:10489000E70720E5E70820E3E70A68C178E4484035
:1048A000794143588819E009688A18C178588914F1
:1048B000E0C77809687F0079188A188178588A0CCF
:1048C000E0DA4A0968B0328A184179588B05E0006D
:1048D00000AC00800968F12212018A184179588CD5
:1048E0002880084602E04300D35E9E19401EFAD29B
:1048F00009200442304604D005F0D2FF2988081A66
:1049000003E005F0CDFF2988401A00B2F8BDF7B5E5
:1049100088B0C94E054600276C46F05D287007A98F
:104920000A98FFF789FFB9007F1C6050072FF4D366
:1049300000980022002801DB034600E043420120EA
:1049400081006158002901DB0F4600E04F429F4281
:1049500007DA02460000AD0080002900DA49425023
:104960001C0B460728EED3B05C287007A90A98FFF5
:10497000F765FF099908600BB0F0BDF8B50646B0C1
:10498000481746808A0D468004840F502044430413
:10499000F0F8F9AC497843484374437D216C43C92E
:1049A000004C43E10905F08AFF0C2801D80C20F8DF
:1049B000BD7F28FCD97F20F8BDF8B50446A2480188
:1049C0002141709A484079002845D09D4D9F4F065F
:1049D0002038562E46400040190000AE0080403678
:1049E0004030AA8FB178C089FFF7CAFF60720822F1
:1049F0006946A018FFF790FF8F481A22825E009840
:104A0000111A607A00F04EFD607207203856EA8F66
:104A1000400040194030F178C089FFF7B1FFE072E3
:104A20002046102269460A30FFF776FF824822228C
:104A3000825E00981118E07A00F034FDE0720120E7
:104A40000A2141430919227A0A72627A4A72A27AC9
:104A50008A72E27A401CCA720428F1D37C480000B2
:104A6000AF008000214170F8BDFFB58DB076490ED2
:104A7000987C31085C1B318000401806906D4874AA
:104A80004A056800200B90012090706F49888A8049
:104A900004830F0F985843242801D2FF2004E032EA
:104AA0002801D2AA2000E07F200126059035246845
:104AB00049002048716948076810980028684838FC
:104AC000D0002141566148490008184030808B01D0
:104AD000905A480090019B059A0F990E98FEF75640
:104AE000FC60480000B000800021C1635C48403891
:104AF00081635E49A30009680919FF310131097911
:104B00000A025B4952185B4959180A60026B0F216F
:104B100009068A430263026B032331461B0659438D
:104B2000C30519430A430263444800218079401EAB
:104B3000C0B2FEF717FE47E0012141564448490044
:104B400008184030808B01903D48019B0830009050
:104B5000059A0F990E98FEF76FFCFF213846013138
:104B600008430F21090488430000B1008006990919
:104B70007809040143072000058143069840780026
:104B80000508433849086039480021C16335484069
:104B90003881633749A30009680919FF31013109D8
:104BA000790A0234495218344959180A60026B0FC5
:104BB0002109068A430263016B069AC30592199282
:104BC0007812061A4311430163FEF71DFE23484184
:104BD000790029FCD02948A10086462748081801F9
:104BE0006801221204914301601E4807600000B270
:104BF00000801D4800228038006811460004030E22
:104C00000198C01A8446552803D9552084460020AF
:104C100001E000200AE0470073460A97DF570123AE
:104C2000BA180A9F7744FB565918401C6045F2D3C6
:104C3000002E28D0E0002A5040192BE0000020125E
:104C400000205401002004E20000A8100020580EAB
:104C50000000A010002004BA000020E5000010278A
:104C6000000034120020F5B9000080000A40D2B9DB
:104C700000000000B30080C0110A40D000002000F6
:104C80000001C000100A4000800B40E0002B589A41
:104C90001A2A5040194268511A4160641E00D3100C
:104CA000E7761E00D30CE76B242646B00029580B8C
:104CB0009808180B90761EF8D26C210B9805F0011D
:104CC000FE86020127BF02A0002958304605F0F9F0
:104CD000FD7F21C01BC943884201DC084602E07FFA
:104CE0002800DD7F200D990855641EECD2FE480196
:104CF0006B2F22120691430000B400800163FC492F
:104D00000020887011B0F0BDFFB5FA488FB0808ADE
:104D100050218004800F4843189E0490F548890074
:104D200040300B90007B1546401C4843029012997E
:104D3000F14802291CD08478C7788AB209A9109852
:104D4000FFF7F9FD0220305E0999019041180091AA
:104D500006910A9010980078E8490E5CE8487900BE
:104D600000680818E749431800202146185E07E04C
:104D7000C4780027E1E74A009A5E82420000B5004D
:104D80008000DD1046491EF8D210990A78DC4909E6
:104D9000318A5C895D504305F099FD0A99411A6B8F
:104DA000D4109806700F980078049A4A4350430232
:104DB0009905F08CFDD2490931895D48430699C9AE
:104DC0000005F084FD28700B980521C27ACF484178
:104DD00056C948490008184030C1894A43D609FFDE
:104DE0002E00D9FF2628784843314605F07BFD2860
:104DF0007028787F2801D2287800E07F2028703042
:104E0000460000B6008000F06EFB054633E0C14866
:104E1000214603680DE0C819C218FF32413290796B
:104E200028430006000E907102D0B04200D93046EF
:104E30009071491EEFD212980BA980B2FFF715FDB1
:104E4000B549204609688C4612E0AF4AC11912687C
:104E50004B009B18392292019A181823D35E0A9AA4
:104E6000934205DA6144FF3141318A79AA438A715C
:104E7000401EEAD26D08002DC9D113B0F0BD0F98C5
:104E8000019A007800990000B7008000F021FB0F24
:104E9000990870F4E7F3B5984881B06430A04C00ED
:104EA00021009000209F4AC04310609E4B1860C3B1
:104EB00007924840380360032343600123036110D5
:104EC000684007FCD50422531A002001229A40961C
:104ED00046430982009446A258921152B29210158C
:104EE00006EF0F009D9E00AD595B01C61A0123B36A
:104EF000401D40F540EBB2029D002D05D000257D00
:104F0000409D4203D0724403E001250000B80080B8
:104F1000F8E77346D21A52B253065D0C03239B077F
:104F2000ED186346E550042921D1029B002B019B1B
:104F30001CD01D562B4653401B0614D5EB06D60637
:104F4000DB0EF60E9B1B5B10002B03DDE0221540F1
:104F50002B4305E0002B00DA5B42E0252A40134397
:104F6000019A135403E0AA185310F9E71A54401C8D
:104F70003628B0D3491C052996D3FEBDF8B50446A2
:104F8000FDF743FE68490020886068498860FEF7A5
:104F90000000B9008059F801205A49C00780310843
:104FA00063584D403528680721090508405749C90D
:104FB0006808432860534F5F4838631E2004F0148C
:104FC000F90326B6073E63F8032862524974227D2E
:104FD00039594805F0A9FC5A4858490160594941D6
:104FE000605949032008604749C20740390A6048B0
:104FF00060A078202108432861002000F0CBFA53FC
:105000004DEE63E01DFD3000210746FFF748FF012C
:105010002000F0C0FA0000BA0080EE63012138469B
:10502000FFF740FF362106E06018FF3001300279BB
:105030009206920E0271491EF6D2F8BDF0B5344DBB
:105040000446A88A50218004800F8DB04843049004
:10505000284640300890007B8900401C484303905C
:105060002B480121417020466C212C3005F041FC79
:10507000E11DF9310020C863086436490023087136
:1050800008982A8F01782748C356580040194030A5
:105090000690C089FFF792FCE0700000BB00800121
:1050A0002202A9A01CFFF758FC2D4D0222AA5E0285
:1050B00098111AE07800F016FA05900226AE5F0209
:1050C00098A778321A16480992C55D0930415DC02B
:1050D0005D504305F00AFC811B002973DDA57004B7
:1050E0009AE0784A435043039905F0FFFB0C4909C5
:1050F00031495D48430999C90005F0F7FB2546FF92
:1051000035C0B22135287708998A7A069929E04076
:10511000000A403412002020E5000004E2000000F4
:1051200000BC008089BA000054010020580E000025
:10513000F5B90000D000002000100A40C03F0A402E
:10514000C03F0B40000080C000180A40000102036D
:1051500000040A40060E161C00000B40C0110A4055
:1051600020120020A8100020C9894A43D2090092C9
:10517000FF2A01D9FF2200924843114605F0C4FBE3
:10518000C0B228777F2800D37F202877009800F0CE
:10519000B9F9064615E0687F30430006000E6877CF
:1051A00003D000990000BD0080884200D9084668FD
:1051B0007709A90120FFF76AFB0290002802DD6849
:1051C0007FB04368777608002EE7D102E0FFE7055D
:1051D00098E07001250A2068430619F848B7704026
:1051E0001901214156F648490008184030C1890686
:1051F00098059AC089504305F089FB6D1CF0700436
:105200002DE8D32046FFF7C6FEFDF70CFCFDF7EEB8
:10521000FBEC49002048700DB0F0BDF8B5EA4C0039
:1052200027227A2046016801250000BE0080E84E52
:105230004068130005F0E5FB064C040A112D394CBB
:10524000C90701D0FFF704FF02202CE04907890FAE
:1052500001D000F065F9032025E004462846DA4D28
:105260000E466870C80706D02046E278A178002371
:105270002C30FFF71FFCB00706D520466279217954
:1052800000239830FFF716FC6F70D048042101729C
:10529000F8BDD04A5279002A04D0C906890F01D03E
:1052A000FFF7B5FB05202072F8BD0546FF21000081
:1052B000BF0080801C9F31C94A05F009FB2880FF90
:1052C00022A1322946C74805F00EFBC54867603069
:1052D000602772F8BD0028FCD0FF22A132C1490529
:1052E000F032FB606830602572F8BDF8B5B848014F
:1052F00021C1700424BC480471A01E032801D2609F
:105300001E00E00020B8494871B44885792EE0B508
:105310004F6C2178794843B449401800905020B32D
:1053200049684346184020B86003201A363870FE9A
:10533000F761FC0000C0008038780028FAD1AE4840
:105340000068C00101D4AD4800E0AD48AD4A8446D4
:1053500035203356002B0ADB41006746795E002773
:10536000D75F7943177939415F00009BD953401EBD
:10537000EFD26D1ECED22046641E0128BDD89549BD
:105380000020C870F8BDF8B50646924C01200D46C5
:10539000607069463046FFF781FA0028694630465A
:1053A00002DBFFF77BFA02E0FFF778FA40420021C8
:1053B00061706946098869430000C10080C909819C
:1053C0004201D20020F8BD0120F8BDF8B5834C01A0
:1053D00027607A0226002805D001281AD00325026A
:1053E000281FD11CE0814DFF21A81C9F317E4A055A
:1053F000F073FA2988884203D100F00CF9002806DE
:10540000D182491F200968616020606772F8BD661B
:1054100072F8BDFFF70CFF60680028F8D0F8BDFFF8
:10542000F769FF6572F8BD70B5392319266C4C1306
:1054300060122835D010DC0A22072825D00000C2CF
:10544000008006DC002816D0042818D0052858D182
:1054500019E06C2210281ED0112852D11FE01338F9
:105460000225030005F0D7FA0B264D4D4D33383D8C
:10547000424D4D474D000A802068801C70BD0A8057
:1054800020680C3070BD0A802068163070BD0A801C
:105490002068203070BD0A8020682C3070BD0A80E2
:1054A0002068983070BD3620166008802068FF3074
:1054B000053070BD4D48166002794379D2180A80D4
:1054C000C07A0000C30080C00701D1521C0A80527C
:1054D0004870BD0D802068FF303D3070BD0D8020CC
:1054E00068FF303F3070BD0D802068FF3041307064
:1054F000BD0D802068FF30433070BD5A20088020E9
:1055000068FF30453070BD0020088070BD10B54880
:1055100043114605F00AFA0C2801D80C2010BD7F73
:1055200028FCD97F2010BD410801438808084301A9
:10553000090143480848407047F8B50446294D0121
:1055400020687020466C210000C40080983005F06F
:10555000E9F92046FF3045305A21064605F0E2F9C8
:1055600020481F4B05270146DF57428F7B00181844
:10557000403140304978C089FFF739FA6071E071F5
:1055800025480223083000903246211D601DFFF798
:10559000E3FB214822461030FF32009004234632BC
:1055A000A11DE01DFFF7D8FB01200A214143091985
:1055B00022790A7162794A71A2798A71E279401C72
:1055C000CA710428F1D300206870F8BD0000C5003E
:1055D000800F4A8032116A01239B0399438003089C
:1055E0004310627047F5B9000020E5000034120056
:1055F0002048120020D000002004E20000FFFF003D
:105600000094FC0000201200200000012060E30054
:105610000000000A4000800B4000920B40A81000E0
:105620002058010020D0E2000070B5154C01202167
:105630007DFFF7B5FE002822D0124D287BC007055C
:10564000D0617D0220FFF7ABFE002818D0287B80B8
:10565000070000C6008005D5617D0420FFF7A2FE8B
:1056600000280FD0687900280BD0A17D0820FFF713
:1056700099FE002806D0E17D1020FFF793FE002858
:1056800000D0012070BD40E5000004E20000F3B549
:105690009D483D218088C90148432D21BBB0490266
:1056A00005F04BF90490012005460090974E002428
:1056B00074712046FDF7E1FB944840790028FBD047
:1056C00000200190029003903621904835246943D0
:1056D0000E18375D582F0000C7008011D239463BA5
:1056E0009800F009F900280BD0394601A800F0FA1B
:1056F000F88948610009180020085EA20005A98801
:1057000050641EE8D2854B022001AA81005458C97A
:10571000180C60401EF9D281490420C8638149C831
:10572000637B4C0020E0716071FDF7A9FB6079009C
:1057300028FCD0E079002801D000200090352437E3
:105740005D582F19D239463B9800F0D5F800281340
:10575000D07148610009180020085E0000C8008070
:10576000A20005A98958401A00D5404204998842F0
:1057700005D939463C9800F0B8F800200090641E26
:10578000E0D268490020C8636749C8636D1E92D2A1
:1057900000983DB0F0BDF3B58FB004460B211098D2
:1057A00005F0B2F8FDF75AF95D4F0020803FB8636D
:1057B0005B4D403D286AE9048843286203205B4929
:1057C0008007C8635A4E800B30605A49F420088025
:1057D00000220121FF20FDF754FA51495648C039F3
:1057E0000000C900800860022028615548386355D0
:1057F00048B0621F205449012542005218158040CC
:105800001EFAD25249142005F0B1F80020FDF744E9
:10581000FC47480026C6634E49434A352009684084
:10582000320B18FF3301331B791F0203239B07FB45
:10583000188700BF183B60401EF2D201274548027E
:1058400090002C02D0012C05D04AE01099FFF726D9
:10585000FF074645E00896099608A90A96FFF71E35
:10586000FF3C4C0A200000CA008008A9203C2218F6
:10587000203212780B5C9A430A54401EF7D200245F
:105880002146029800F03FF8002829D02949A200BB
:10589000403151180C9128460D60304951180D9136
:1058A0000D60E2086107490F08AB88400592995CDA
:1058B0008C46814399546146009118461099FFF730
:1058C000F0FE002804D12146109800F013F80027BC
:1058D000059808AA009911540C9806600D98066066
:1058E000641C582CCCD3144886620000CB0080FD89
:1058F000F7BCF8384611B0F0BDCA084B075B0F0182
:10590000219940835C0B4383547047CA084B075B63
:105910000F0121805C9940084000D0012070476051
:10592000E5000034120020B7BA000000800B40C030
:10593000000A40C00F0A40C00B0A40C0110A4000D4
:10594000000B40121200204728000000101800042D
:1059500000008000040B408D520000D00000206445
:10596000E2000000080A4058490020488088800072
:1059700000CC00804870584956480860017C574860
:10598000534A4079921D00E01154401EFCD27047EA
:10599000F0B54F4B514A59881C784F4B0846527905
:1059A0001B6826E001259540AC46E5060FD54C4D19
:1059B0005600AD6AAD5F9E18377ABD4202DD65467E
:1059C000284304E0367BB54201DA6546A843250743
:1059D0000FD5434D5600ED69AD5F9E5CB54202DDCB
:1059E0006546294305E09E183679B54201DA6546D9
:1059F000A943521E0000CD0080D6D2364A102C0892
:105A0000D0082C05D0374B5B6C1B78002B00D001E5
:105A10004008465080F0BD70B52F48334C017D20C2
:105A20008802222646A03610432A4D00290ED1A115
:105A300078002903D12D498978002907D069880089
:105A40002903D0208000206880F08270BD2849188A
:105A500022C96911402970F8D02080FFF79BFF0010
:105A6000F017F86988A980002910D02A781D4810FD
:105A70002A03D0C2691A4840790000CE008006E0AF
:105A8000826AFAE74300D55A1B19A0331D83401ED2
:105A9000F8D2F18270BDF0B5104A12481149407930
:105AA0009688971D0D6815E0518801230C468340A8
:105AB00074401C420AD00C461C4209D03C5C002CAD
:105AC00008D099435180641E3C5403E0194201D12F
:105AD000297C3954401EE7D2F0BD581200209CE5C5
:105AE00000005412002004E2000094B800005C158D
:105AF0000020201600202001002010B50822000000
:105B0000CF0080A049A14804F034FF9E499F480679
:105B1000220831083004F02DFF9B499B4806220ED5
:105B2000310E3004F026FF97489849007E08751022
:105B3000BD10B5964A9548D27C08300021002A0B4A
:105B4000D002F09FF9934C0021A0782246C0320188
:105B50002805D98D49097D0BE002F03BF8F2E713E7
:105B600078012B05D98849897E02E003011B1919A8
:105B700074401EFAD21078012801D902F0EAFE82A0
:105B80004885490000D000800E30086002F0CAFC51
:105B900002F0EFFDA078002806D0002102E002010B
:105BA00012199174401EFAD210BDF0B585B07C4830
:105BB00004904078012802D07A49002008607A4891
:105BC0007A4F40787A4EC00771D0704D31782846B0
:105BD00008306F4C039020460830029028460E3063
:105BE000019020460E30009001291CD90822294638
:105BF000204604F0C1FE06220399029804F0BCFE80
:105C000006220199009804F00000D10080B7FEE858
:105C10008A6080A88A2080E87EA071687E20750155
:105C200020A074287F2072687F26E06348806C0083
:105C30007800282CD008225649564804F09FFE06CA
:105C4000220399029804F09AFE0622019900980412
:105C5000F095FE287E207559480221415EA87F41BB
:105C600043C8110021695E884201DA0020285E20C5
:105C7000806080E87F2075FF20A072607B40084034
:105C80000060734F4CE07B002814D001210000D24B
:105C9000008013E008223F49404804F072FE0622CB
:105CA0000399029804F06DFE06220199009804F011
:105CB00068FE287E2075E7E75DE00021374801F0A7
:105CC0002BF9E07B00280ED04048007800280AD04D
:105CD0003C480078002806D03948806C00780128BC
:105CE00001D903F04AF80120F07035480078002807
:105CF0001ED00220F0702D4C3878216888423FD9A0
:105D000003F02DF8054603F02EF8854202DD03F07E
:105D100026F80000D3008001E003F027F829498A23
:105D20006B0221515E814202DD2068401C00E000D0
:105D300020206027E01F4839780268914201D9008D
:105D400022026091420DD803F014F81D4902228905
:105D50006B8A5E904216DA0498C078012812D0034C
:105D60002009E01248C038807800280BD004984001
:105D700078012807D10420F07004E00120F0700CB5
:105D800049002008600B4839780068814201D80238
:105D90002000E00120B0700000D4008005B0F0BD0C
:105DA000B4E500006212002064E600005C150020EB
:105DB0003C150020E016002078120020B8000020DA
:105DC000D4E500001C16002094B80000E416002062
:105DD00004E2000088000020A64900204870A6497F
:105DE0000870A648A64902884A8040880881704702
:105DF000F0B587B09F48069047780020A0490090F2
:105E000002900190B800203140189E4E03900199F5
:105E10000398445C9C48E100747008180000D500A9
:105E200080059000688047F578B0780490BC420106
:105E3000D100950290022D0AD0032D08D09449007C
:105E40002008700198401C01900428E2D34DE0BC6A
:105E50004205D1022D19D105984068804715E00010
:105E600098002816D0012814D002283BD0042839E5
:105E7000D10598406880478448C038817800790807
:105E80001803D1009D02983C4604907C49002008EC
:105E90007028E00298012803D1002C01D0002004D2
:105EA000E00000D600807849F80040186100405AB0
:105EB0007A49012309680A6872490978002902D1E0
:105EC00070490B704A60744909680A686D490B781B
:105ED000002B03D04968511A8142BFD20098002894
:105EE00013D0054602983C4604900198042803D339
:105EF000009D02983C4604907470F5700498B07050
:105F0000604E361F032D04D005E00698C5788078D2
:105F1000E9E7032C07D05D48C0388178002902D119
:105F20000079002803D00000D700803078042108D1
:105F30004302E03078FB210840307000F038F83040
:105F400078002801D0012100E00021514AC043C05F
:105F50003A4007C0175171401C01D101F03AF907CE
:105F6000B0F0BD4B480121C170817070477047701F
:105F7000B5484C012520780226012812D800F02CC3
:105F8000F800280AD03F48407800280AD145480048
:105F90007FC00706D10320E07006E000F041F80062
:105FA0002801D0E57000E0E670A6700000D80080FF
:105FB00070BD70473548384A001F0178890889004C
:105FC00001705378002B08D1D278012A05D0032A1A
:105FD00002D101221143017070470222FAE710B585
:105FE00031483249C0692F4C820706D5E36B022243
:105FF0009A5E0023CB5E9A4211DC420706D5236CE1
:1060000002229A5E0023CB5E9A4208DCC00708D0C9
:1060100002F0BCFEA16B02228A5E904201DA0120EE
:1060200010BD002010BD30B51E4900204A6C12780A
:106030000000D90080002A27D08A6B0424135E1C3C
:106040004A145FA34200DA01201A4B1C7BE40707C5
:10605000D0CD6B00242C5F0225555FAC4200DA01E5
:10606000201B7B9B0708D50B6C0021595E0223D3B4
:106070005E994201DA012001E0002805D00E4901B5
:10608000230A68DB031A430A6030BD0000E01600F3
:106090002080120020D8E50000D40000201C16004B
:1060A0002024BB0000E416002094B800002001006A
:1060B0002064E600000000DA008004E200004811DD
:1060C000002070B5D44C00252570C421201D04F09B
:1060D00048FC20461621C83004F043FC658070BDA2
:1060E000F0B58DB000200690CC48017DCC48827878
:1060F0008A4200DD8170CA49C9480E6800253246CF
:1061000040320A60C449091D0A88520852000A80B8
:106110000078C007C00F7ED0C3480078002802D0A6
:10612000BF4900208870C048407AC00705D0BB48EE
:106130000179002901D0002181700000DB00800F6F
:1061400020FF218200B150401EFBD2B54988780A59
:10615000E0B44902015118497CCA06D20E91007080
:1061600050012191400D43401EF2D2002427469D4C
:10617000E0AA483901001D09184A7CD006C00E0F5C
:106180002878D85206920F032A2CD0012282400090
:10619000900992800030589543FF2829D00201A031
:1061A000480B89101802898446D21A40894B8952BB
:1061B00043C01A404310180B9098487A00C830002A
:1061C00000DC0080825A9C480088059082422CD2D4
:1061D00060460A7B007B121A9648037A9A4224DBB7
:1061E000DAB2FF2A21D0C08821E08D4900207A0050
:1061F000C83188525CE0BC4208D089482201001DA9
:106200001018891D801D102204F0D4FB0099602015
:10621000014383482201001D12185174018800E0D7
:1062200088E001221143018041E0834840887C4B93
:10623000099A5B881A4200D105980B9A90421DD8A2
:10624000774822010000DD0080001D10186146051E
:1062500090891D801D102204F0AFFB0099402001A1
:1062600043059841746F48099A438801211A4342B3
:1062700080001D008808436B49091D088011E0203B
:10628000E0BC4208D067482201001D1018891D801B
:106290001D102204F091FB63492201091D511800D1
:1062A00098487460482101001D0818417C80221123
:1062B000434174641C7F1C5B48001D8078B8420019
:1062C000D95BE7002725E0E8070000DE008021D049
:1062D000B8003058554A01015648121D09182001CE
:1062E00080180490891D801D102204F068FBA020F6
:1062F00039460143049841744C49012002464B88B9
:10630000BA4093434B80091D0988641C01434648E9
:10631000001D01807F1C6D08002D03D04448007DC6
:10632000A042D3D841484149001D84701F2203E098
:1063300023011B185A74641C0B7DA342F8D83A48F9
:106340000224001D02883A49A24302800E88000000
:10635000DF0080B30714D503460D46A033A035DF18
:106360008AED8AAF420CD022430280DD82032253A1
:10637000005C18A0341B18A033248B1C83521EF61B
:10638000D2028810239A430280F4061BD52D4C6458
:106390007AA40704D58C78002C01D000240C712439
:1063A0004C657D2D070CD506790D79AE4206D1647A
:1063B0007DE406A40F032C03D1002D01D01A430263
:1063C000800A7902711C4AC0321378184AC4321309
:1063D0007049790000E00080417119490A68403A2B
:1063E0000A600188CA0703D012490120087019E029
:1063F000104B1A78002A15D0827808E0140124186E
:10640000647C6406A40F032C01D001240694521E60
:10641000F4D2069A002A05D10122114301800021FD
:10642000817019700349C422091D044804F0CCFA94
:106430000DB0F0BD8812002064E600005C1500205D
:1064400050150020F4140020DCE50000940000202A
:10645000CB48CA49416000210000E1008001707012
:1064600047F0B5C94800220378C648022BC44B90B8
:10647000B0114600D308334360C24803780BE00CE8
:106480000120180594C14E1401477CA6190B96767D
:106490007CB7421DD0521CBB4D9A4204D2BA48C0B0
:1064A0003884788C42EBD8B74AB74800270832C006
:1064B0003883788B427ED90C0125182E89760116F7
:1064C000516D89A4186D01A760E760491C6560F0F3
:1064D000E76D68AC462D782D066DD5AA4E0000E21A
:1064E000008065460836AD79A7190C97BE68AE46A0
:1064F0007543A54EED110836345904942C190194B6
:10650000FC6875466543EC117D6864190394019C31
:10651000002C01DA002407E065119E4CE688B542A4
:1065200003DB3404E40A203C0194039C002C01DAD0
:10653000002407E06511974C2689B54203DB34043B
:10654000E40A203C0394019C0589079564112D1BE6
:1065500001D5079D651B039E448906947611A41BF3
:1065600001D50000E30080069C341BA54200DD2C11
:106570004609946446E778099CA742644601DB64B7
:106580007818E02479099DAC4202DA6446A47811B7
:10659000E0E41BE410824D64002D5F6446A678643D
:1065A00078A646361B3C46099F3F1B7E437543ED4C
:1065B0001374462C19079D002D10D06D1C01E0E0CE
:1065C000E041E0754EF688B54208D2019D65436E04
:1065D00009019DAE1B079D6543751901E0079D6D7F
:1065E000010195069D002D0000E400800DD06C4E49
:1065F0006D1C3689B54208D2039D65436E09039D23
:10660000AE1B069D6543741901E0069C640103946A
:10661000019D049C5F4E2C1B059D0836AF19BC6084
:106620000C9C039D64682C1BFC60059D019C7451AF
:10663000039C7C60019CE5020F24E4022D192D0CC3
:106640000581039DED022C19240C448164462478B5
:10665000640623D50B9D04892E89B44206D9504D7A
:10666000ED88AD1EAC4201D8641E04E00000E500D8
:1066700080B44203D2022C01D3641C04810B9D44DC
:10668000896E89B44206D9474D2D89AD1EAC4201B1
:10669000D8641E04E0B44203D2022C01D3641C442B
:1066A0008164462478A4060AD50B9C257B64466445
:1066B000792E46A640751B067BAD192541057364EE
:1066C000462478E4060AD50B9D047B2D7BAC420161
:1066D000D9641E02E0AC4201D2641C0473477D7C85
:1066E000072BD50B9C667B2B4C3546247CA540ACF8
:1066F0001B0000E60080457B6519274C247C254162
:10670000ECB24473A51B00D5351B234C647CA54219
:1067100000DC46730B9CA67B204C3546247CA540B0
:10672000AC1B857B65191C4C247C2541ECB2847321
:10673000A51B00D5351B184C647CA54200DC867374
:10674000FC0624D50F2404570B9E25463F357F2D8C
:10675000184D755705D2104E2F46B67CB7407D1B9D
:1067600004E00D4F2E46BF7CBD40AD1B2C190A4DD9
:10677000AD7C2C41C4730000E7008066B20B9C0F17
:10678000256557741B00D5AC1B054E767CB44200C2
:10679000DCC573491C8DE60248037010B0F0BDE8FB
:1067A000E50000681300201C16002020160020645D
:1067B000E60000342E00100F000000FA48002141CE
:1067C000808180C180018141818181C181018201FB
:1067D0007070470121F44A202805D3203881409069
:1067E00089014391817047102805D31038814010EA
:1067F00089014311817047814050880000E8008082
:10680000014351807047F0B5E94B8E46197EE74C45
:106810009446002903D0A1886288114328D0010141
:10682000E4480E1835891989E3488D4204D3C2889B
:106830005F89D11BA94208D87789998A8F4204D3EE
:106840000189DA8A8A1ABA4210D872891E8AB2423B
:1068500004D306895F8AF11B91420BD899898D4236
:1068600008D3C088D989401AA84203D9012302E07D
:106870000020F0BD0023CE487146457E01208840AF
:106880000000E90080CA4966460A8A114681430031
:106890002E04D0012B08D11043208207E01040EADB
:1068A000D0002D03D1012B01D02182E3E70120F09C
:1068B000BDF0B58C4601460D01BD49BE4A20314EA2
:1068C000590120BF4F1468536869180246B646BE86
:1068D0004210D98F7A3E467F060CD5BA4A527801CB
:1068E0002A18D00022B706BF0ED21B521C174657DB
:1068F000437C437B43AE4ECF7A20360121B940AC76
:106900004FFF8839420000EA008009D07146644692
:10691000611A994206DD0020F0BDAC4AD27EE4E760
:10692000A445F8D85100AA4A515E62465143091362
:106930007151F0BDF8B507460101A0489E4D0E18F3
:10694000307C8006800E09D080210843307468892D
:106950002989084300F01DFA103017E0E889A98959
:10696000084300F016FA0446944B203421469B7EDF
:10697000203901223846002B03D0FFF749FF0028B9
:1069800005D1A8886988084300F00000EB00800367
:10699000FA04462046FFF727FF0020F0807474F8C1
:1069A000BDF3B585480901203081B009180198CCA4
:1069B0007A0501834800222E180B7B01207F4DB3FE
:1069C00074202C06D32346203B9840AB898343ABED
:1069D000810CE0102C06D32346103B98402B898372
:1069E000432B8103E06B88A04083436B8000270F1B
:1069F0002C04D88888401CF08037742BE01F2C0CA6
:106A0000D8887A01060BD53F2281069206891800A4
:106A100000EC008002D0401E30741DE0377401E0AD
:106A2000202C07D2E889A989084300F0B7F9044669
:106A300020340122634B21469B7E20390198002B94
:106A400003D0FFF7EAFE002805D1A888698808432B
:106A500000F0A4F904463774F7802046FFF7C6FE1D
:106A60007474FEBDF0B58DB000205D4907900590AF
:106A70002B22086812018218514C0A60E0615249C9
:106A800025788978002D07D000290BD0A9420DD197
:106A9000012909D00000ED008004260EE000290144
:106AA000D001260AE0002608E0022606E0032604BC
:106AB000E0A94201D9062600E005260022628022D4
:106AC00081A281002E01D1A280E280404BC0335FC1
:106AD00078414B5B789F420AD0012205923A4A13D3
:106AE0006863615368A3613B4B1360536008E067C0
:106AF00069002F05D0344B1F606261A7695F60A2F7
:106B000061FE2303E0314A0F01BA185374491EF99C
:106B1000D22E4F2C4A102108370000EE008026327A
:106B2000002E51D0330003F0E4FF0A06078812124A
:106B3000621288CBFE06F3E70025254E03E02846C7
:106B4000FFF702FF6D1CB078A842F8D8B8E0204EDD
:106B5000B3784160076045618360C260016103F002
:106B60006EFF002517E0E0691821421951562C22CA
:106B700051430818A9004018C030C1682846FFF7E3
:106B8000A4FE0028E0690ED04119182008562946B5
:106B9000FFF70EFF6D1C20788542E4D3B578000026
:106BA000EF0080C0B285420ED849E0411918200894
:106BB00056FFF7CCFEF0E728018019407CFE280242
:106BC000D12846FFF7C3FE6D1EF5D238E0E5E02080
:106BD000140020980000205C15002064E6000020CE
:106BE0004E0000E0160020FCE50000342E0010509E
:106BF00015002085600260824D4160AA78C760421E
:106C000061016103F01EFF002616E0E16918208A89
:106C10001910562C2242435118B2008918C031C9AC
:106C200068FFF70000F0008055FE00280ED0E069F4
:106C30001821801941563046FFF7BFFE761CA87810
:106C4000B042E5D80598002804D03EE03046FFF772
:106C500080FEF3E7A68860888643002733E0F007CC
:106C60002FD06A4885782AE029010918497CB94261
:106C700025D1654B9A780B2A2BD0290109181201CE
:106C800018461018891D801D102203F0C5FE5E48AD
:106C90008178284600F096F8002812D05A4DA8783E
:106CA00000014019C188491C0000F10080C180A882
:106CB0007800014019407CFFF7A5FDA878401CA88A
:106CC0007001E06D1ED2D27F1C7608002EC9D14F14
:106CD00048807801283AD92078002837D04B488559
:106CE0007832E028014949844640182E46C3884737
:106CF0007C30460DE0454902015218517CD2889300
:106D00004203D8934204D18F4202D2064613460F63
:106D100046401EEFD2B54217D03C4F6046BF1DC063
:106D20001901460490102208A803F078FE0000F232
:106D300000803001C619102200E00AE031460498B4
:106D400003F06FFE3046102208A903F06AFE6D1EA4
:106D5000CAD22F49887802460FE015016B182E4FD2
:106D60001E89ED19EE805E892E815E7CEE72DE88D2
:106D7000AE809E7C2E731B7CAB72521EEDD22070B7
:106D800007E002015218527C0F2A02D8079A521CBF
:106D90000792401EF5D207988870A088E08060882E
:106DA000A080A089E081208960811C482B21026895
:106DB00009010000F30080511A01600DB0F0BD011F
:106DC000460020CA0704D04908401C0F28F9D9FF03
:106DD000207047124A10B500018018837A0F48C00E
:106DE000304078012801D0002010BD0E48C27E003E
:106DF00020002AF9D00C01074961180C7C640604B4
:106E0000D4521E402002430A7403E09A06ECD05B81
:106E10001E0B74012010BD5C1500202016002040C0
:106E200014002050150020FCE500007047FEB5005E
:106E3000200290019070480000F4008080780028C3
:106E400003D16F4908606F4908706F4881780091DD
:106E5000C378027D018A6D484068FBF75AFC6C4894
:106E60004068C306DB0E60E069489900C03008182E
:106E70000068674A4003400B803289180A68096835
:106E80005204540E4D0661495F4A4E68D1786D0E2A
:106E9000694309194900715E460301D55D4E3043CF
:106EA0001227D75F0E18BE421EDD0198401C0190CC
:106EB00054480022017808E0560036180000F5001A
:106EC00080B778A74202D1F678AE4202D0521C9128
:106ED00042F4DC91422BD10022102902D20A464909
:106EE0001C0170510008188470C57020E0C6005065
:106EF0007D484386421BDA444900200E7814E04264
:106F00000052189178091B8F1C0DD4891E00290A84
:106F1000DCD178491B8A1C06D4891E002903DC02B7
:106F200098401C029003E0401C37498642E7DC5B36
:106F30001E9CD20198401E012813D8314880780247
:106F4000280000F600800FD832480299C27D8A429C
:106F50000BDC2D490A68521C0A60807D824203DDE9
:106F600000200860FBF721FAFEBD274900200860D9
:106F7000FEBDF0B52B49097823E0294DCA0056190A
:106F800006240B46345F1A460AE0254DD7007F19C8
:106F900006257D5F671B4743002F01DA2C46134609
:106FA0001546521E002DF0DC99420AD01D4ADB0026
:106FB0009A1894685368B768756897605560B460AC
:106FC00073600A46491E0000F70080012AD7DCF0F2
:106FD000BD70B50C00054606D00F48008A00280297
:106FE000D0FFF72EFF02E00A480021017021462859
:106FF0004600F01DF80D480078012802D90020C095
:107000004300E00120FFF7B7FF70BD20160020F01D
:107010001400207420012004E2000094B800000055
:10702000010C400000F8FFE41600201C160020F3BD
:10703000B50746002087B0014601908548017041A0
:107040008085488078002809D084480000F80080B6
:1070500041788248C0304078814202D10220385EB7
:1070600001E00020385E7F498A780092CB780621C3
:1070700079568AB281B27C484068FBF754FB7B4862
:1070800040687849C606F60E0596C878401E0490FA
:107090008878401E0390D9E07448B100C0300818C9
:1070A0000068724A4003400B803289180A680968F8
:1070B0005204540E4D066B496D0EC9786A4B6943F4
:1070C00009195A684900515E0291410301D5684986
:1070D0000000F90080084300906448406C0078008C
:1070E000287BD00898002826D00598012823D95F4E
:1070F00048806C007800281ED029462046FAF752B6
:10710000FA00282946204602DBFAF74CFA02E0FA98
:10711000F749FA40420099491088427DDC53488083
:107120006C0078012807D95448C17800984143027F
:10713000980911814270DB4C48007BC00723D000C6
:10714000204D49844608780978201A09190DE00075
:10715000280ADB454A0000FA0080D278824206DD28
:10716000444A43001269D25E002A00DD9444401C68
:107170008142EFDA002C02D00498A04202D160468E
:10718000400084460421795E614564DC384B187BFD
:10719000800725D500203949844608780978281ABF
:1071A0004A190FE000280CDB31498B78834208DD57
:1071B000304BC9781B6909184900595E002900DD68
:1071C0008C44401C8242EDDA002D02D00398A84284
:1071D00002D160464000844604210000FB00807913
:1071E0005E61453ADC0020002C02D00499A14200E7
:1071F000D10120002D02D00399A94200D1401C07E3
:10720000217956029A514301410098814225DC01BF
:107210004615480278D20012189160029902780946
:10722000B200E01AE0D2001218D18002780223D214
:1072300000121814710278D20012185571C35E0240
:107240009A934200DA4180019A0099914202DD014D
:1072500091017841700178491C0170761E00D300BD
:1072600000FC008022E709B0F0BD0000E416002019
:10727000201600201C16002004E2000094B8000034
:1072800000010C400000F8FF18E60000FA49002059
:107290008862C862086348638863C86348702031A5
:1072A000486008601E39087048708870FF201A31E5
:1072B0008870C870704770B50C460546FAF746F9F5
:1072C000ED49CA68516B814204DA506310680421A9
:1072D00088431060E9484168E948C0786043401934
:1072E0004000085E0000FD0080916B40189063D064
:1072F0006B401CD06370BDFEB5E0480422C068013D
:10730000681143016001A9684600F071FF684601F9
:107310007800790D186846417840796F1008184652
:1073200010029031463846FFF7C8FF0024E80704F2
:10733000D03146781CFFF7C1FF01240298C0070432
:10734000D0711C3846FFF7B9FF641CE80703D07101
:107350001C781CFFF7B2FF684601780279CA48C959
:107360004BC74F914218D16A460000FE0080557805
:107370005479A54202D922462C4600E02A46DD78FF
:107380005543691807E0DD7869187D684E00AD5FE8
:10739000854200DA2846521CA242F4DB1DE06E460C
:1073A00075787679B54214D1914201D9144601E03D
:1073B0000C461146DA7855432A1906E0521C7B68C0
:1073C00055005B5F834200DA1846641C8C42F5DB93
:1073D00003E0AB48C068806B2041A9498001CC68BC
:1073E0002C21615E03F029FB402801DD40200000D4
:1073F000FF008000E0C0B24034A070FEBD10B5A513
:107400004802224178A048012901D0427016E0A22A
:10741000490223CB5EA2490C8AA342F6DCC2684C27
:107420007BD38BA34207D32E23D35EC9898B420221
:10743000DC0121417004E04078012801D0002010D7
:10744000BD012010BD70B58F4E002528363079342F
:1074500046263C002809D0FFF7D1FF002805D18D32
:107460004841788F484078814202D06570A57034D9
:10747000E085480001000080A1783430012907D060
:1074800082790121C079002A11D000281CD027E080
:107490006178022909D0042906D1B179002903D1E4
:1074A000317900798142E3D370BDF179F6E70028A4
:1074B00016D0F079002813D02078022802D2401C80
:1074C000207070BD022008E0002A09D0B0790028A1
:1074D00006D020780228F2D304206070A17070BD1D
:1074E000257070BDF0B56949CA6814681046230755
:1074F0002030002B09DA082100010100804174646A
:1075000048D18B1C304278914200D24170F0BD834B
:10751000799C46022B02D20121417435E05C4B9BE1
:107520001C9B78012B28D0E5050223002D55DB8913
:10753000684D790421AE07002E4DDAED074DD05489
:107540004D34352F796E79564DB7426D7824D1017F
:107550002E22D9574E3778534E3678B7421CD1B4C5
:10756000451AD1524E7678AE4216D1417448480140
:1075700022801C41708270F0BD4549891C000102C7
:107580000080497841740429F8D00829F6D0414890
:10759000D18B1C3002789142F0D90170F0BD012DE1
:1075A0001ED13C4DE706EE68414D4036002F0DDB05
:1075B00064070BD4546B2F68BC420FD36F68BC4276
:1075C0000ED8B4782D7BAC420AD807E0B4782E7B75
:1075D000B44203D99469AD68AC4201D24174F0BDA4
:1075E0004374D4E7F0B5344E00230224721F1B19F4
:1075F000F55CD75C45434F43BD4200D91B1B640873
:10760000F5D100010300801C01A446D45CF55C5B4D
:107610001CD25C4C434A43F15C121B454341434B33
:107620001B24012D01082100204018064607465E54
:1076300043574376193F19BE4200D9401A4908F30F
:10764000D16044F0BDF0B50021184885B0C03803C2
:107650009182784E1E12011018801D02900F480D65
:1076600046C3681C20185E0C460A4600280DD0FF51
:107670002807DC4000521CFF28FBDD06E0401052CA
:107680001E01E0FF2701370001040080B842F8DC4A
:1076900003480492806902780093019053E000004F
:1076A000F414002094B8000004E20000FF7F000002
:1076B0001C160020E41600201CE60000E016002046
:1076C0006817002049BB0000019853001B183E209A
:1076D000185E9E46002801DA002006E0049B002B7D
:1076E00001DD984001E05B4218417346DB781F02E0
:1076F000009B5B69FB1A9C4673469B781F02009BAC
:107700001B69FB1A9E466346002B01DD0001050044
:10771000801B1803E0FF2301331B1A63449C46734C
:1077200046002B01DD1B1803E0FF2301331B1A73F6
:107730004460461F4640435F43C019884202D90156
:107740004664460393B04200D20646521EBED2089B
:107750004603F0B4F94700304603F0B0F9FE49643F
:10776000238A7B4000C97B58434143FC485F43C0A8
:10777000687A438F0C2030417C960C04290ED0F897
:10778000480078800738D5F0191E2805D3B900794C
:10779000180001060080F01BC90888420BD83E463D
:1077A0002DE08079F1494000085E70430013C01954
:1077B0004608374623E0002C1CD00398009400288C
:1077C00002DA644240420390002C01DB204600E0D4
:1077D00060420399814205DD01460398FFF70CFFE3
:1077E000054603E0FFF708FF7F210D1A00980028E7
:1077F00000DA6D42DE48807A01281AD06D42D948FD
:107800000078C10709D002990422C97B1143029A6A
:10781000D1730299CE71000107008002990F728026
:107820000707D502981021C07B08430299C873024C
:1078300098457205B0F0BD002D01DA7F35E1E77F94
:107840003DDFE7F8B5CC4FB8780101CC19A41D0B8A
:107850002834D2E07AC44D8206920EC548E2728185
:107860007A4023E86800292AD0018AA180808A60B2
:1078700080E868014620310E79A673497961730169
:1078800078C90702D080210A43E27200788007029B
:10789000D5E07A1843E072E868806900010800804A
:1078A00003F014F92080E07A80098001E072E96831
:1078B0002031097C8906890E0843E072B878401CA3
:1078C000B870F8BD008A6080E868818AA1800146AE
:1078D00020310E7966734979A1730178C90701D007
:1078E0001A43E27200788007D8D5E07A80210843F5
:1078F000D3E770B59D4C9D4D28342079FF23401C63
:107900002071E8682168026801331A401143203071
:107910002160417C9948082931D080780B282DD2EC
:10792000000109008093480078002801D0FFF799F2
:10793000FE9248817A93480029E9680A6928D04371
:10794000685A43120C0A614A6900684243100C48A5
:1079500061E868014620314A7C022A20D08A4E0420
:107960002A21D0007880061AD4C879C00080190274
:10797000790A71407948716079401C6071FFF7663F
:10798000FF70BD217A491C21720179491C01717077
:10799000BD03685A43120C0A614A694068D5E7E0A2
:1079A00079401CE07100010A0080EAE7A279521CCC
:1079B000A27102689208920002608979704A4900B7
:1079C000C38B545E63431B011B0CC383515E8369ED
:1079D0004B431913002481610CE009192031C97946
:1079E0000174C90089190A79027149794171FFF757
:1079F00030FF641CE868014620308279A242ECD84E
:107A000070BDF1B55C4C8CB0606900250580458087
:107A10004421E06803F035F8E068FF210246203099
:107A2000017081705B489085A06900010B008006A1
:107A30002305700C98C10056480A189088694608BA
:107A400080D35EA26812795343DA11E3689A8362A5
:107A50006953885B009A18908060694288521C9232
:107A6000B24280462A01D100224280038892B2931A
:107A70004206D1521C92B20280462A01D100220253
:107A80008009220BE159000C185B1C99B20180A3FC
:107A900088462901D100210180684603803F49685A
:107AA0004653000088C95A401884B26846048000D2
:107AB000010C008001783548C378994274D26B4636
:107AC0005B788578AB42F9D2C0782D4E5843451883
:107AD00068098000366984463658EF06FF0E01209B
:107AE000B8400A9006425FD12E486D004068405F62
:107AF000234DEE681C25755F85427DDC092A19D06F
:107B00001F4F7D696E8876007519AC807C69658829
:107B10006D1CADB26580462D01D10025658026889B
:107B2000ADB2AE4206D16D1CADB22580462D01D15D
:107B30000025258000010D0080124EF468E58BA61B
:107B4000466D1CADB2E58334461C34A478A54206CC
:107B5000D973461B68082423437446236081E0756B
:107B60004620352C788C4200D929706C788C4200E4
:107B7000D26970AC789C4200D9AB70EC789C42160C
:107B8000E064E60000F4140020B4000020342E006D
:107B90001004E200005C150020EC170020E4160041
:107BA00020FF7F00004EBB000094B8000077E0008B
:107BB000D2EB70AB790793052B00010E008053D2F6
:107BC000009B0B93F94C0C9B27783AE0DC00A6193C
:107BD0006C46B688A48DA64232D101935B1C43D07B
:107BE000019B7446DFB2079B27345E1CAE711F55A4
:107BF000EF4B2C24DB68019E1C5F844200DD9885DE
:107C000000E022E02E241C5F844202DAD885302472
:107C1000E754E54CF5002D192C79002C0BD0E44FDE
:107C2000FE78761EB44206D06C79002C03D0BD7865
:107C30006D1EAC4218D11C6810252C431C6000013D
:107C40000F008013E05B1CD94E9F42C1DC0EE0D8D0
:107C50004B9E6935781E2D09D26D00AD196C809C44
:107C60006923785D002D195B1C2370E887D14B6573
:107C7000461C690A9E655935436646A551DB689CDA
:107C80006924189C611C7824070ED400280CDD5C44
:107C900068414324185C609C686118996069464992
:107CA00078DC6841436018D860521E00D000E708B5
:107CB00022C049486903884488A34200D0ECE60802
:107CC00046C06800011000801C31C28BC9788A420E
:107CD00003D90168202211430160B8492030CB78D4
:107CE00042785B1E9A4201D1012400E00024047115
:107CF0008978C378491E8B4201D1012100E000211F
:107D00000578AA185208121902718278D2185208FE
:107D1000511841710DB0F0BDF8B5A64804780B2C90
:107D200000D90B24A64F0020BC7038711BE0200145
:107D3000C519A048E1000E186C740621715EB06888
:107D4000401802F0D7FEE88000011100809C4880B6
:107D50007A01280DD03079E87470792875F088C0E0
:107D600010287300206873A873E873641EE1D2F8CA
:107D7000BD7079E8743079F0E7F8B504468F48C3F0
:107D8000683020C05CC1008C4808188D49027940D9
:107D900079CD78CE7845438F78AD18BE420AD200AF
:107DA0002A06D0F0B2401E904221D10021C94309D9
:107DB000E0012107E0002812D0FAB2521E824216DA
:107DC000D1F0B24142681880494000496800011270
:107DD0000080095E002907DD2E20185EC00002F039
:107DE0005EFE02E0F1B2F0E7FF20C0B2A04201D98E
:107DF0000120F8BD0020F8BDF1B599B00020129027
:107E00000C900D9011906E48C06810902030139027
:107E10008079844610980190ADE00198604420304C
:107E2000C079C100664808180F90017940790B901D
:107E300001208E46C04301210B9AC9431218734694
:107E40005B187ED4002A7CDB5F4DEC78641E9C427C
:107E500077DD0001130080AC78641E944273DDED81
:107E6000785C4C5543EF187F0066680228F45F0089
:107E70009409D0841C07D0022905D08C1C03D000A3
:107E8000280DDB06460CE00124019D14941C26AE4F
:107E90005F009DAE4269DC0D9EB54266DD33E04673
:107EA00042002901DB0F4600E04F42F419022C5C2E
:107EB000D1199C022C59D100241494119C002C54EB
:107EC000D10C9F009EBE4250DBB700F719019E2ED9
:107ED00024345F6600B742000114008048DB3E4F47
:107EE00075447E686D00765F394D7F68EC780B9D38
:107EF0006543ED186D007D5F7519AE00AF190F9DDC
:107F00000626AE5F75007519AF4231DC0027654665
:107F10006C1E14E0019D2D192035EF792A4DFE00CD
:107F2000751918952E79F51A00D59D1B022D06DAC4
:107F3000189D6E79B51A00D5951B022D18DB2546C4
:107F4000641E002DE6DC7F1C12D000E010E0149CC3
:107F5000002C04D001241194009C0D940001150004
:107F60008001E0009C0C94012412946C46237662FC
:107F700076009B6383491C032900DA67E7401C03F2
:107F80002800DA5FE76146481E8446002900DD4B81
:107F9000E71298002818D00D480178102914D2C98A
:107FA000000918079B069A8B604A60139A0378941D
:107FB00079109A07492732A3540278521C0270C8DC
:107FC0006820308179491C81711AB0F0BDE4160037
:107FD00020F414002004E200005C15002094B80096
:107FE000000001160080F3B5DB4C87B0DB4BA060CE
:107FF0001968E1600846FF312D310A46A16144301D
:10800000FF3120610D3119607C32E821626102F09C
:1080100056FD0021A162E162D148216306904278B9
:10802000D048059043782546FF201C359A4204D05D
:108030006163A163E163A870E87029706870A87833
:10804000FF2802D1A0688078A870E878FF2802D1C4
:10805000A0680078E870C34A906B4168BE48203041
:108060004368C91A01D400011700800B4600E04B99
:1080700042BF4E768AB34212DD002903DD03680059
:108080002B05DC05E0002903DA0368002B00DA5930
:10809000180160916B00274968B64E416087E00384
:1080A00068F5E7B2490220305EC97D0622484341A7
:1080B00011F8008019825E914278DCAE4A4179D293
:1080C000780079514308184109226989005158C242
:1080D00006D20E01209040014268D13846FFF7B128
:1080E000FC0898002808D0E068007800011800809B
:1080F000C00604D50898FFF751FE002859D19D48C5
:10810000808A00280CD006984178059840788142F2
:1081100006D1E06820308079052801D200F0E8F827
:10812000E068029001904068009001980099806892
:10813000000202F0CFFC01460198803101610198F4
:108140000099C068000202F0C5FC01460198803128
:1081500041610198874B203041780278891A9A7DD5
:10816000C91C914205DD0299012209681143029A56
:1081700000011900801160C1788278891A9A7DC93E
:108180001C914205DD0299022209681143029A11ED
:10819000608079012801D9FFF7F4F8FFF770F90042
:1081A0002805D0E068FF220168013211430160FF19
:1081B000F7D7F9FFF7C8FB7F1C3078B84200D975B4
:1081C000E7FFF781F9A1682878CA786B7880189A58
:1081D0001A904200DC1046C0B2A8708A78CB78D3DF
:1081E0001A834201DB184602E0904200D91046A8EB
:1081F000705C48283000011A0080C0790028087897
:1082000001D04978401AE870594847210268C900EE
:10821000511A0160226BE16AA06A343407C409B0C4
:10822000E0E6F0B55849544CCB788A7800211846DE
:10823000534D07E026694700F65F2F8BBE4201DDF4
:10824000491CC9B20646401EC0B2002EF2D1D01859
:10825000C2B207E020695600805F2E8BB04201DD7C
:10826000491CC9B21046521ED2B29842F2D26A8B51
:108270003E488A4201D8012100E000011B00800035
:10828000210170B1E6F3B586463948404BC06820FD
:108290003081792FE03648C06840182030C079C25C
:1082A00000394815182D1D0A4620E030482E78C0A8
:1082B0006880182030C079C40033482418241D2752
:1082C000783046F61B00D53E1A6F786078BC463F82
:1082D0001A02D5074660463F1AF019984206DA039B
:1082E0004670462E880680019824880480104652E5
:1082F0001E0028DADC0846491E0128CBDCFCBD0044
:10830000011C008070B52049888A002831D01B48A4
:108310000022C03883781D480478A34229D9154823
:108320003430057943799D4207D1012B05D90646A2
:10833000323E7678042E00D1012280791B18AB42A0
:1083400001D1002801D1002A13D00A48898AC068C7
:10835000203082790748203000684042A24203D191
:10836000884206DC022002E0884202DC0120FFF79E
:108370005CFD70BDF414002050150020E0160020B4
:108380001C16002000011D008094B800001CE600AF
:1083900000E416002004E20000FFFFFF7F70B5FF3D
:1083A000490020C870FE49FF480023CA88C356FE12
:1083B0004CD2180123C356FD4DD21892B22281022D
:1083C000230989C356C9180323C356C81881B2614B
:1083D000810E02100266602060A97A012909D0E9A5
:1083E0007802F084FB2060A978304602F07FFB60C1
:1083F0006070BDA97802F07AFB2060E978F4E7F3B9
:10840000B5E648C91E4068002200011E008086466D
:10841000491C03D4E74B987888420CDC1424154699
:1084200000206543744603462C198500401C6351A7
:108430000528FADB28E0DE4B0098DB78801E4B43F2
:108440001C180023142555437544AC46002803DB53
:10845000D84DED78854203DC002567469E000DE08F
:10846000D54D66006D680427AD5FCF4EF75F9E0067
:10847000ED1B6746BD51002D01DA0025BD51401CA2
:10848000641C5B1C052BE1DB521C052AC0DB0001D0
:108490001F0080C4484068016B002901D1012101FF
:1084A00063FCBD70B5C2498A89824204DD0324CAD7
:1084B000890125098A03E04A89082489890425104D
:1084C0001A631B5843511A02F00AFB201AA04200FB
:1084D000DD2046A84200DA284670BD30B5B24A0514
:1084E000205168926806E083005C18646995786C96
:1084F00043E411CC50401EF6D230BDF8B5AA4D0170
:10850000240E462C57AA49042C02DA0B8BCA8A0186
:10851000E08B8A00012000804A8A2102012C00D1D0
:108520008031CC17A40F611889104A4315124B43B0
:1085300001225202511A1F120091002805D0780022
:1085400038188710680028188510781B000202F080
:10855000F9FA0446AE4201DA002005E0BE4203DC2F
:10856000701B000202F0EEFA002C00D101240099E9
:108570004843214602F0B6FAFF210131081A864627
:108580008A4800214468826888008446894F00191F
:108590000623FB5EC66B002500012100809E42037E
:1085A000DD3D460627EF5FF51B876A96783B4677E9
:1085B000433E125D1BD77873465D436F43FB134305
:1085C00061B34200DA46619578436908276B43DD61
:1085D000116346E550784D066DEF5FBE4203DD083E
:1085E00023EB5EF31A00E00023491C03650529CD47
:1085F000DBF8BD70B56E4A054650680C46416E000A
:108600002900D0012192681279012A04D06A4A20F7
:10861000325278002A02D002F09DFA01E0000122D5
:10862000008002F0A0FA000202F061FA290240186C
:1086300080306043001400D5002070BD70B55F4BE2
:1086400002222033DE789A56614D5A4C022E02D017
:10865000AB78012B01D9627028E05D4B00221E78B7
:10866000002E03D01A7000F0B0F918E05A4B5A4EA1
:108670009B7830400126002B05D02278002A03D0B9
:10868000002804D012E0227000280AD00EE008462C
:10869000FFF70FFF01216156814200DD084660703F
:1086A00004E000012300800846FFF705FF60702604
:1086B0007001202056042801DA042060706078E8F8
:1086C0007070BDF0B5474989B00868024688320A23
:1086D000603A49486041488078002802D137480014
:1086E00021C17040480078002804D135482030016D
:1086F00078324881703748857801E135492801444E
:1087000018607C80090328F7D08B782B490020C99A
:108710007826E0AB4224D02E4E1F01E27CBF19FE2A
:108720007C9446921B01D500012400806246B21A57
:10873000267D3F7DB446F61B01D56646BE1B032A47
:1087400011DC032E0FDC022E03DAC143890700D0AF
:10875000401C022A04DA0107890F032900D0001DFA
:108760001021084307215B1ED6D2154E0029F17057
:1087700003D0491EF1701021084320737168144F13
:108780004866B87A012836D0217DE07CFFF749FEA3
:10879000F8780090BF7800F017F9E07C009900F0BD
:1087A00002F90390207D394600F0FDF80001250014
:1087B00080070203980743706802F0E2F90190090C
:1087C00048807817E03415002064E600003CE6009D
:1087D00000EC17002004E2000094B800005C1500D3
:1087E0002004010020201600201111000050150067
:1087F0002068170020002808D01EE0E17C207DFFC3
:10880000F712FEB8780090FF78C9E78848807801B1
:108810002812D18648C030407801280DD1B07800A8
:10882000280AD0401EB0708248418B0198814203D3
:10883000DD00012600807E48002181706AE0384614
:108840000199FFF705FF002F54D038461121084049
:10885000079004D00802074201D0012000E0002068
:10886000009078060590400F01D000F0D5F878040C
:108870000490400F01D000F0D5F80798002803D0ED
:1088800001990098FFF74BFE11200002074207D024
:1088900000F09FF801990098FFF741FE00F099F869
:1088A000009800280DD0706800210160416041618E
:1088B000C269C16A891800012700805F4AD28B51C2
:1088C00043491281610EE02220074201D0FFF719CF
:1088D000FE11204002074205D000F07DF8FFF7119D
:1088E000FE00F079F80598400F01D000F097F804E9
:1088F00098400F01D000F098F8514EE07C3168FFAD
:10890000F787FE208100F067F8207D7168FFF7800F
:10891000FE60816D1E00D3FAE64A4801688839017D
:108920006009B0F0BDF0B543488678464887684393
:1089300048058944893BE03F483101000128008017
:108940000B181889002800DA0020691E814200DA1D
:10895000681E3B4900228A56821A01D5002206E091
:108960003B48C188491E914201DAC288521E1A81D1
:108970005989002900DA0021601E884200DA611E50
:108980002F4802228256881A01D5002006E030497D
:108990000A89521E824201DA0889401E5881D8880D
:1089A0003988C0014843C013FF2801DDFF2000E0E3
:1089B000C0B21873761EC1D2F0BD034610B50020B8
:1089C00000012900800122022B02DA104698401093
:1089D000BDCC1EA342FBDDC91AC91C10468840103D
:1089E000BD10B51B48406802F0DBF810BD1A4A10F4
:1089F000B510420DD0112203461342184AD2780D09
:108A0000D011231B02184209D00846002A02D002C6
:108A1000E0084600E08800FFF75DFD10BD08460055
:108A20002AF9D14800F7E710B50948406802F0BEBE
:108A3000F810BD10B50648406802F0BEF810BD0041
:108A4000005C15002000012A00803CE60000EC17C5
:108A50000020501500203415002064E6000011119C
:108A600000005CE60000FFB58646404C000100199E
:108A7000407C84B08506AD0E3E48E90008180179B7
:108A8000029181682A468C460023A7781CE0734532
:108A900019D01E013619767CB606B60EF000019686
:108AA000344E8619B0680090367902980396861B7A
:108AB00001D5039E361A0598864204D2009EB14223
:108AC00001DA019A31465B1C9F4200012B0080E0D5
:108AD000D8AA420BD0069A60465043079A4A439060
:108AE0004202D2042008B0F0BD0220FBE70020F9CA
:108AF000E770B51F4DAE78864210D9761E04460841
:108B0000E02001401901461631801D102202F017A5
:108B1000F8641CB442F4D3A878401EA87070BD70ED
:108B2000B5164D2878002822D0124E1449B0788905
:108B30007888421CD9002417E0AB786422042120F5
:108B400046FFF793FF022802D0042808D00BE0006C
:108B5000012C0080200180196978027C914205D99E
:108B6000017403E0E0B2FFF7C6FF641E641CB07836
:108B7000A042E4D870BD00005C150020E41600207F
:108B800060E600002016002010B5BF4800214160BB
:108B90008160C16000F0ACF9FDF79AF8FCF7D6FFF0
:108BA000FDF7F6F9FEF7D0F9FEF7E8FBFFF71CFC3E
:108BB000FDF70CFDFDF7AEFEFDF750FBB449B348E1
:108BC000086010BD10B5F8F70DFAB248B249427C02
:108BD0000A70807C00012D00804870B148B14900C6
:108BE0007F0870B148B14902880A80408848801CDB
:108BF00022AF49B04801F0BAFF10BDF0B5A449005A
:108C000020BA314F78AC4DA54E0121AC4BAC4A0493
:108C100046002F02D16F79002F11D0AA4F7F6BBF72
:108C200079022F05D2A84F3F78002F01D0107B404A
:108C300000964F08437F78002F13D0197512E0304B
:108C40007800280DD0D07891788842107B02D380AC
:108C50000704D401E0C00701D000012E00800220EB
:108C600002E0042000E001201C755179002914D095
:108C7000894FAD78BF1FBF7800212F4303D0944D9B
:108C80002D7D002D15D0D47AE40700D01021D27AA2
:108C9000920701D50822114308438849C031497819
:108CA000002908D08C4A515C586019740320187050
:108CB000F0BD2146F0E77178890701D50521F3E77A
:108CC0000021F1E7F8B5844800240068002806D0A8
:108CD0008349820702D080088000001D08600001DF
:108CE0002F00806D48C421801F01F00FFF784E6A6D
:108CF0004D706BBA3580792870FFF7C7FAFCF780A2
:108D0000FF2A786F4D684B2846C0306E49022A050D
:108D1000D21F78002F02D04778002F08D00F7FFF96
:108D20000700D10124022A17D24078002802D16816
:108D300079002815D0706C007800280DD0634802A7
:108D40007BD20703D00A7F920700D40124007B80E6
:108D50000702D5087F400701D5002C09D00220F872
:108D6000BD187800013000800028F8D0087F400747
:108D7000800FF6D0F3E74A4C1121A41F2088084346
:108D80002080FDF71BF92078C00705D1A0780028C6
:108D900002D1A878002806D0FDF70EFF2078C00782
:108DA00001D0FDF723FC84225049514801F0E6FE32
:108DB0003B49C422891F444801F0CEFEFDF767FA03
:108DC0000020F8BDF8B5354C4A48241D3F492278AB
:108DD0000F78067820310020251F130001F02EFFA8
:108DE000061212040C183E120001310080002F0BF5
:108DF000D1042E09D1FFF70BFF03202DE00A7900E3
:108E00002A03D0042222700871F8BD002FFCD1047F
:108E10002E22D0F8BDFFF75DFF606000280BD02147
:108E200048BA3001782948C0300278914216D00102
:108E300070072902D00DE001200CE01A48C422235B
:108E400049801F01F08BFE17484022801F018811C6
:108E50004301800320287005202070F8BD0220F90E
:108E6000E71B4A002FF9D1042EF7D12B78000132ED
:108E70000080022B03D02070012B08D010E09061FD
:108E8000D0611F4A107048710221217008E01D490D
:108E90000978C9434907C917491C91741B4AD17005
:108EA0002870F8BD00004015002062150020640104
:108EB000002064E60000B80000201CE60000B400BA
:108EC0000020DCE5000094000020FCE50000980094
:108ED0000020201600202001002004E2000094B8A9
:108EE0000000880000209CE5000062BB00005815CF
:108EF0000020000133008050150020E41600206897
:108F000017002018010020600100207C1200203C86
:108F100011002010B5C421084801F001FE0748C423
:108F200021C43001F0FCFD8421054801F010FE034E
:108F3000488421843001F00BFE10BD5C150020E454
:108F400016002005490020085E70470349002008EC
:108F50005E704701490020085E7047B4E50000F8E4
:108F6000B51948194D80782C78A0422AD06878C06D
:108F700000401907794679000134008020E06878C4
:108F8000A0421DD0E00040190279B91A00D5D11BCA
:108F9000042915DA4279B11A00D5911B04290FDA98
:108FA0002978491EC9B22970091BCA0001460C3133
:108FB000001D01F0EDFD6878A04201DD401E6870E3
:108FC0002046641E0028DADCF8BD000020160020D0
:108FD000E4160020054801F011FE05480168012251
:108FE00011430160F7F78CFBFEE70000F0B70000CB
:108FF0000000104010B5044600F03EF800013500B6
:10900000800B48046010BD10B53020FFF7F5FF0954
:1090100048102181620849816308490020087008CE
:1090200048052101610749416110BD014800687090
:109030004708010020000003406588EDACF91700E7
:109040002000E000E0FFFFFF000A490948C8607007
:109050004710B5094A034651690020CC0701D001E9
:109060002002E0CC0600D50220002B00D051611078
:10907000BD0400FA0500ED00E040000340F8B52013
:109080004C00013600800546A0684707284618387E
:109090007F0F8608BE4207D3202D01D9022000E0B1
:1090A00001201949103008630020A0601849691890
:1090B000497BE1602061154820382818007DA061B7
:1090C000322001F010FD182D05D9701EA06032204D
:1090D00001F009FDA660BE4207D2202D01D9022071
:1090E00000E0012009491030086308488038408AB0
:1090F0002B218005800D68434843054940180549E8
:10910000C00A4860F8BD0001370080000F0340002E
:10911000001040C0F1FF0FFF0700000000034010E7
:10912000B5044601F0DAFC01460948026822430210
:1091300060084601F0D6FC10BD10B5C44301F0CD67
:10914000FC03490A6822400A6001F0CBFC10BDFC18
:1091500017002070B501F0C1FC06469248C46B921E
:109160004DA889A969201A0204100A01F000FD8D9A
:10917000496860A0B2403108608D49022008603023
:109180004601F0AFFC70BD87488A49000138008075
:109190008163C103C16200218163844801214030A1
:1091A0004160C2680A43C26082490220803108607F
:1091B00082490860704770B5040000D101247C4DDD
:1091C000A8696043060A01F08BFC6E61AC6001F097
:1091D0008BFC70BD10B57A480421016100697348A9
:1091E0000124403044607149C96B491E89B2016055
:1091F0006F49744888617D20C000FFF7DCFFFFF7EE
:10920000C5FF6B4820300473FFF7A6FF10BDF8B50B
:109210000001390080674D2035697B01292DD0037D
:10922000292BD06A486A4A0068624C4243042925C7
:10923000D0287B012821D15E4FF86A002803DBB8D3
:109240006B5E49884219D05F4E521E72610020B099
:109250006101206049400648600320687301F042C4
:10926000FC3169032211433161B1692162F96BE17B
:109270006101F03CFC0420FFF757FFF8BD216AA311
:109280008B5118A26A891AA28C090AD21A92B2507A
:10929000437D22D20000013A0080504301F06FFC70
:1092A0004F494F4A4118914209D8A06101F01DFC75
:1092B0000646A068FFF784FF304601F01AFC2068DC
:1092C00020610020287300F068F8F8BD3B48016871
:1092D0000069081A4449884203D9374801212030DF
:1092E000017399E770B5334E012040367060F06825
:1092F00040084000F0603068304C80B2E060A18AE5
:10930000401880B2306001F0F0FB2A49C96BA28995
:1093100089B28A1A95B26269AA4200013B0080169E
:10932000D3AA4203D17368DB07DB0F10D0002501FD
:10933000F0E2FB2802A16901F024FC62682168893F
:109340001840182060A068606001F005F970BD51F8
:109350001889B23160EBE770B501F0C9FB1C4CA66F
:10936000691649CD6B01F0C7FB154804218662459B
:109370006220304173206980088000206170BD0F39
:10938000482030417B012901D100214173704710F1
:10939000B500F005F80A4801212030417310BD00E6
:1093A000013C008010B50B48016989088900016102
:1093B0000420FFF7CEFE034800212030417310BD8A
:1093C000000003400018002000E200E06588EDACDA
:1093D00000E100E000E000E0C420000008010020FF
:1093E000B888000000ED00E09EEFFFFF263100008E
:1093F00060EA0000014610B51B480288002A02D12D
:10940000C07801F015FC10BD17490880704710B5F1
:10941000154C00202080C020817BC80700D001208F
:10942000A070880600013D0080C00F401CC906C026
:1094300000490F0843E0700122002101F077FBA0F2
:109440007801214840FFF7D8FFF7F70AF9E27801E1
:1094500046104601F0F5FB10BD10B504490A88021C
:109460004202D0C87801F0F2FB10BD0000301800B5
:109470002001E00180801C521EFBD2704701461083
:10948000B50B480C4A00685043521E8018000D4826
:109490004301F03AFB10BD014610B50548054A00EE
:1094A000685043054A8018800A00013E0080484306
:1094B00001F02DFB10BD0801002040420F00E70322
:1094C0000000F8B5A14C0026266001200006A0602F
:1094D000C02001799E4DC9070D27002912D09C4953
:1094E00029608F60994A9B49403211624079FF217F
:1094F00040000904084398490861F7F7C4F81B20A5
:1095000000020EE09349403129608F608079C107E5
:109510008007C00F490FC00001432162F7F7C3F86D
:109520008F482060286807608E4804250560000188
:109530003F00808D48056020686907084320608CE3
:109540000D05E00021204600F0EEF80028F9D16476
:109550001EF7D27F4C241D26820220606001F0D1CC
:10956000FA0646A57382488078FFF74BFF30460124
:10957000F0CCFAF8BD70B5764C241DA07B00250315
:109580000001F081FB063904151E393238A568093F
:10959000E06019017C284600F0C6F8002801D0A53B
:1095A0006029E06D1C208AA842F2D80220A0732016
:1095B0008AC1B20001400080002000F0B7F8002806
:1095C0001CD10320A07301F09FFA0546208A010AEE
:1095D000012000F0ABF8002805D10420A0736548F5
:1095E0008078FFF711FF284601F092FA06E0FF218C
:1095F000012000F09BF8002800D1A57301F084FA47
:10960000054620680121002807D1607B002804D18D
:10961000A07B81402E20014203D00120FFF796FD60
:1096200002E00120FFF79FFD284601F071FA70BDAE
:1096300010B50C460A460146000141008047481615
:109640003001F0B4FA45480121001D8173022181E7
:1096500060A41C446004820120FFF77AFD10BDF76E
:10966000B50F4601F053FA3D4D2D1D2C683A49C9FE
:10967000684900C90F00D0002400262E7301F04A6B
:10968000FA002C0CD0A74200D23C4620463B4B00AF
:109690009A08E0401E8100C9180968FF2901D90015
:1096A00020FEBD11540028F4D101F030FA297B00CE
:1096B0002901D0002403E00299002900D0000142D2
:1096C00000802E6001F029FA2046FEBD10B5244826
:1096D0000068C16801602248CB070122001D002BF1
:1096E00001D002734273437B002B20D00B079B0FEA
:1096F0001DD000234373194CE368002BFCDB4C079F
:1097000004D5DC01E40DFF3C013C046009070ED5E3
:10971000D905837BC90D042B09D143688B4206D838
:1097200005218173164880785040FFF772FE0120B2
:10973000FFF711FD10BD70B50D46124980004418A9
:1097400001F00001430080E7F90146104A80201033
:1097500060256014680440084601F0E1F920467075
:10976000BD00000000054034180020800E054000B8
:1097700038004000030540001B000180E200E000CB
:10978000E100E0301800200008054000040540809A
:109790000F0540F8B52D4E0546307B3446203C0081
:1097A0002803D02A48007A012801D10020A084266D
:1097B000480421083807460022FFF756FF04280A0C
:1097C000D1FF21A069090400014400808843224997
:1097D000884203D10120F0716760F8BD0027002D99
:1097E000FBD01E48807B0028F7D12560E81D278428
:1097F000FA30E060B079002803D0012817D0B771A3
:10980000F8BDF771681C0122FE21FFF730FF01004F
:1098100008D0284600F024F8F079002810D0012064
:10982000B0710DE0E06800F017F9208408E0A0684E
:109830000028E5D000F05EF8A068A760401CE0605A
:10984000218C0029DCD0B771E068FFF700014500EA
:1098500080FBFEF8BD68190020BC00002005000058
:109860000138180020F8B5044600206A4E0229F09D
:109870007125D3A0786278000235468018203D011A
:109880002814D0022816D004281AD0052817D1048D
:109890002915D32179E27808028318002001291DB7
:1098A000D00127FF02BB421BD103201DE05A48E82C
:1098B000601E2003E05948E860594800882884F871
:1098C000BD2079E27800028018801C8842F7D860B9
:1098D0007900014600802F28F4D1204600F064F87A
:1098E00008E0012003E0504FBB4200D10220F0719C
:1098F0003172B272F0790028E4D06C60F8BDF0B536
:10990000464A0024D7790426BF1E022501213B00C8
:1099100001F0CBF91C0F0F0F3411343416191B351D
:109920001D191F23252319283535352A343434359C
:109930003034214623E00171072141712E211EE0C0
:109940004179891C1BE0294619E0112117E0052106
:1099500015E004728C210001470080095802E031B3
:10996000460FE0C188491D0CE00472FAE7037AC192
:10997000885B075B0F5943F5E7137A037114720094
:10998000E00021264BC91C203B1984D17903290111
:10999000D8F02100E01F214170517A8023594051B5
:1099A00072137A0B43C370917A8170F0BD70B5C1A8
:1099B00079204B4A06520E00215C5C944202D04949
:1099C0001C1D29F9D3164CC9B2E17125462272201B
:1099D0003D0123EA698B401A4000260001480080BF
:1099E000002A1BD0192906D01A290DD01B290DD009
:1099F0001C2915D10DE001460A48322208310E30EB
:109A000001F0E6F8082002E06E8409E01020688486
:109A100006E0C178072903D2467201E01D20E071FB
:109A2000A67270BD681900208ABC0000A4BB0000AB
:109A300088BC00000108000066BB0000B749B648BA
:109A40004861B74808610288488C51231A4201D006
:109A500001231843920701D502221043B14A527DD7
:109A60000001490080520701D50422104388847008
:109A70004770B5AB4D0646A98C0024012002460A6A
:109A8000421ED08143A948A984015D304601F07E81
:109A9000F8A648401F005D30700720E040C007086E
:109AA000D068690068007870706869006800880094
:109AB0000AB0709E49A000C91D09583046884770F9
:109AC000BD641C40002028D9D30020A88470BDFEAE
:109AD000B593490A6996781279002A00D02022327B
:109AE00043C2700A6900014A0080451DC0321278E5
:109AF00053078C4A5B0F2032D47A23430371D37A05
:109B00004033D3720C69A41D052718E0217B6846F9
:109B10000170E17A417061884180A1888180A179DA
:109B20008171E179C171217A0172617A41720146D4
:109B30000A22284601F051F80A350A371034761EF9
:109B4000E4D23846FEBD30B5774B1969A031897D26
:109B5000C1707849497908E04C002246B8321D6945
:109B60002418AA5A22711212627100014B00804916
:109B70001EF4D20C2030BD6C494A69526B1278C277
:109B8000704A69526B527802714A69526B927982BB
:109B9000714969496B897841710021C17108207050
:109BA0004730B5614B654D5C69002927D001239B87
:109BB00003C91A27D0C91A20D163692169EC7884B6
:109BC0004205D8001B2406E40D1B190919AC7800C6
:109BD0002B13D0002911D084420FD94400185B09FF
:109BE0005B1070431A001250701046603001710013
:109BF000014C008009124171203293741812D07404
:109C000030BDA36861682C88E4E703214902014064
:109C100009D0CB1FFF3BFA3BF2D1236AE169000771
:109C2000000F6C79D6E7E36AA16AF8E7F1B5002482
:109C30003F4D444E0327BF0362005019C18D4805B4
:109C4000400DB04208D0009B3940D218921CFFF75B
:109C5000AAFF641C192CEFD39820F8BDF8B5344E38
:109C6000074630698578002D01D000240EE00020E1
:109C7000F8BD200100014D00803169801D08186485
:109C8000216143C919891C00F007F8641C022C01EA
:109C9000D2AC42F0D3CA20F8BDF3B52A4D0E46A986
:109CA0007AE878AF7881B0012901D1F8B2EF782352
:109CB00049CA880199498800F028F804461F4802DB
:109CC0008901988188384600F020F834707070A9B6
:109CD0007A012917D02146174A002752695368EAAA
:109CE000784243501840001C18E878B61C45000E16
:109CF000222146304600F078FF00014E00802C19EA
:109D00000E367F1C072FF5D3FEBD01462046E5E742
:109D100010B504464843114600F063FF032801D301
:109D2000072C01D8002010BD211A032901D8E01FFB
:109D300010BDC01E10BD94B80000481900205C156D
:109D4000002064E6000089BB000004E20000FF0779
:109D5000000070B5174D1548297B002900D1154822
:109D6000164CE0611648FFF730FD26466068203645
:109D7000002806D00120E873F07900F039F80001DE
:109D80004F008000206060E87B022802D1F079005B
:109D9000F032FBE87B012806D0032803D1A068003D
:109DA0002800D1E87370BD0748A0600320E873F570
:109DB000E70000FE1F0000B01B0020FEFFFF1F4851
:109DC000190020A8190020A81A002070B50028103A
:109DD000D000290ED00023FE4E08E05C00055B0C8D
:109DE0005B158094802C1B548008325B1C74799C1A
:109DF00042F3D870BDF0B5F749F94B0A464D6800FB
:109E000021F84F000150008059569BB03B68012655
:109E100005933343F24C06932346093302932032D1
:109E20000026030000F05AFF1D1513171F151031EF
:109E3000868E98ABCCF9FBF6F5F4F3F2F1F0EFEE89
:109E4000EDEC151515EB1500E949E8480860FFF73A
:109E50003FF91BB0F0BD0598422108433860DF4848
:109E60001673868476E005988023184338600029AD
:109E7000EFD0012111730322BA7308433860FEF753
:109E8000DDFEDC4903200870000151008064E00120
:109E9000A800F014FF0D20E080032020726672D726
:109EA0004860810F20A081D648C0214089E0810808
:109EB0007B2074487B60746846C088A07468460044
:109EC0007AE07468468088A08202A92046013108A1
:109ED00022163000F093FECB48C04B0088E0831878
:109EE000468278C178BF489D7A2030012D1ED0016E
:109EF000704270C54A518961849189A184D188E1F9
:109F00008411892185FF216185997A0129000152F7
:109F1000008011D006730121BE4C417324788473F4
:109F20005B799940491EC17303210174117D41740D
:109F300094E702704170DFE702210173EBE7A94863
:109F4000167386840599022001433960ADE100292A
:109F500084D0012010730320B87306983860022063
:109F6000A3E12D7A01AA03A9284600F016FB0028D8
:109F700000D00396257101990091039A6271694698
:109F8000A01D00F03EFE69E728462746467A2D7A56
:109F9000002400015300800421F2B2491E24028AE9
:109FA0004202D943189B7A1C430029F6D121462846
:109FB0004600F09FFD002806D02246314628460084
:109FC000F0D9FA002800D000263D717E7148E7865E
:109FD000484169496B0978A1804169496B4978E139
:109FE000804069406B807820818C484078A0728ADC
:109FF00048C038C07820758948816C0978E172C101
:10A000006C0968E160006D0068206129E7F9E17280
:10A01000E16FE150E12FE1000154008013E19EE087
:10A0200092E073E05AE021E01DE002E0FFE700204B
:10A0300060E1287A01A900F021FA0126002810D059
:10A040000188019A91420CD8855A774A00F0B4FDF4
:10A050006071010AA171290AE5712172854200D15E
:10A0600000262671FFE68020A080FCE62989287B57
:10A07000CF016D89607107A900F000FA5D49803158
:10A080000891002826D0802D24D80799EA198B1C26
:10A090009A421FD8002D14D0C61929460001550038
:10A0A00080624A304600F08AFD2A46E580AB1C9D5E
:10A0B000B2089B3146DD60A3185872000A987202FC
:10A0C0009800F0A6FDB5E7B94201D9C81B00E00031
:10A0D00020E0800898C660ACE7E6800898C660ED8E
:10A0E000E001202071E680287B607129896E89C992
:10A0F000012B46324600F0D1F900288BD029460DBD
:10A1000031324600F067FD002884D12071E680AC32
:10A11000E62F7B04AA03A93846FBF7F7FA010011E2
:10A12000D000015600802A8968898D1869468B897C
:10A13000F62100F09CF9024604982072E28029463C
:10A14000029800F068FD002001E0E68001206771C0
:10A15000D5E0297B00200122022901D16889002253
:10A1600022716171E08083E6287A01258540FF2015
:10A17000FF3005403048468006807ED0002902D15D
:10A18000FF21EB318D43FF21FD3129400180162055
:10A190002F46054207D027492848891CF7F73CFA83
:10A1A000002800D1002700015700800A2005420046
:10A1B000D00027FF20E33005421ED00422A806016C
:10A1C000D500220AE0680601D5012206E028060132
:10A1D000D5022202E0E80500D50322174918488974
:10A1E0001C042A35D2054B5B79002B03D1022A2DA2
:10A1F000D0032A2BD0F7F7DAF823E004E200004876
:10A20000190020A81A0020C01B0020B01B002082CB
:10A21000A1B7198000002018010020B82100007C9F
:10A22000E60000C41B002064E60000000158008026
:10A23000C11B0020E016002094B80000FFFF0000C2
:10A24000A81B002098200120002F04D0002060715E
:10A25000F7E60E80D3E70120F9E7B24B2E7B012011
:10A2600001461A88B140114210D02A89AE49688946
:10A270008D185B88F62100F0FFF80246E080294641
:10A28000029800E022E000F0CBFC002066713BE089
:10A29000287A00291AD0032818D2A44901240A5C7C
:10A2A000A348A44900680A604860A348C37C2343CC
:10A2B0000001590080C374D20702D006221343C3A1
:10A2C000749F4806704C729F4902200870F873D63C
:10A2D000E501201BE02A7A9307D007DB0F5207C065
:10A2E0000F5B00D20F184392001043914A123215AF
:10A2F0005C012000290AD0002D08D000212846F852
:10A30000F714F9914806708D48C5609CE62071B637
:10A31000E5012032E6287B6071E680012121718B06
:10A32000494E69002ED3D000211291030000F0ECB9
:10A33000FC0A07090C00015A00800E1014060606DC
:10A3400016069FE5B7680DE0B768716805E07768A5
:10A3500008E0776906E077693169129102E03769B0
:10A3600000E002AF002FB5D0012181401220014250
:10A3700002D012980028ADD07748807A012800D00A
:10A3800000201890880523D502A84021019000F0F4
:10A3900028FCF169306A019AFFF733FD6E48417974
:10A3A0001791C07A8007800F012803D00198C90057
:10A3B00008180190B16AF06A019A00015B0080FF01
:10A3C000F722FD179883006448C07AC043800707CE
:10A3D000D15B0005E04807604801D0038800E00336
:10A3E0007918980221C00008433021084320722EBA
:10A3F000897B216889324600F046F80021E08021FF
:10A4000071002889D07300129DFA5E002D02D0EBF6
:10A410005AD21A12B263185A72491C63181212499E
:10A420001C761C5A72401EEDD12EE52889FFF739A3
:10A43000F80EE630B54B4A0121147B0D46A54000CD
:10A44000015C0080474B2D06082817D009DC022844
:10A4500003D0032812D0072802D1002C00D1D173D9
:10A4600030BD15280DD01728FAD11078C007C00FBD
:10A47000F6D1002CF4D100201871F0E7A80EEED12F
:10A4800030BD3248C07C0028F5D030BD934201D9A0
:10A490009A1A00E00022824200D21046814200D285
:10A4A000084670470022022807D8254B42001B1D92
:10A4B0009A5A0A602D4980000A5810467047F0B534
:10A4C00085B00F4600015D00801C46164604A9FFBA
:10A4D000F7EBFF00282ED0802E2CD80499F2198992
:10A4E0001C8A4227D8C51920460D300190029000E1
:10A4F0002F03D10422294600F09FFB6189019811A6
:10A500004A091800200A32135C0F5CBB4200D000DD
:10A5100025401C0828F7D33146164A029800F062FD
:10A52000FB6189093161184A7B097B120251188944
:10A53000B2814200D00025284605B0F0BDA81B001E
:10A540002098200120A8BC000000015E0080580176
:10A55000002048120020200100201B0100201801CB
:10A560000020281100204819002004E20000A81A49
:10A570000020B01B00200C010020FFFF00004B2832
:10A5800005D0D02805D0252804D30120704701200C
:10A5900000E002201A4A4000105A194B0205120D21
:10A5A000D218000B0A6048600020704717B583B0CE
:10A5B0000C466946FFF7E3FF002803D10198A0424B
:10A5C00002D0022006B010BD024605A90098000185
:10A5D0005F008000F036FB0020F6E77CB50D4600FA
:10A5E00021116014466946FFF7CCFF002807D1010E
:10A5F0009828602046019A009900F023FB00207CF7
:10A60000BD0000C2BC00008800002010B5B24901A6
:10A610002008700220FEF7E7FD10BD10B5FFF7F52A
:10A62000FFAD480321001D8173026801210A430226
:10A6300060AA48017310BDF8B5A948A64C0178245A
:10A640001D2068002902D1217B002901D181070446
:10A65000D580080001600080800020600120207308
:10A660009E49277BA04A091D1078497B00259B4EF7
:10A670003B0000F05BFB080595121D64687C80952B
:10A6800035702068C10757D0A17B61730221217307
:10A69000382108434008400093E00220107093489E
:10A6A000012903D001210170032077E00570FBE749
:10A6B0008F4A1278012A03D0032A01D000283BD107
:10A6C0008C4A0523D3568C4A08461278D207D20FFB
:10A6D000022904D0032807D0000161008004281853
:10A6E000D114E0002B04D1002A12D012E0002B017B
:10A6F000D004200EE0814B002A0BD0814A676812FB
:10A7000068DB88D21B934204D2022002E0002B00B7
:10A71000D10320814201D1206804E06073206804E5
:10A7200021084320600821084320607648007B010F
:10A730002805D0042020738020FEF7E8FE44E006C0
:10A7400020F8E7FFF7B9F905202AE06648203880AD
:10A750008C002839D1012905D06A48007B000162AC
:10A760000080012806D006201DE0657325733C217A
:10A7700020682AE0022016E0002828D1072012E0F5
:10A780003078002823D030780228206802D11021A8
:10A790000843206020210843206035705B48007B1F
:10A7A0000128E7D10420207311E001212173002842
:10A7B0000DD156488561C561564805705448203012
:10A7C00045716573257320681C210843206020684B
:10A7D000010723D5082188432060607B012816D01B
:10A7E000022800016300800BD003280CD004280D40
:10A7F000D07D20C000A16881420DD800280BD00C6C
:10A80000E041488088F6E73F484088F3E73E48400B
:10A8100078F0E70020EEE702213170A060FEF73605
:10A82000FD2068C10607D510218843202108432058
:10A8300060FEF7FDFC35702068810616D520218862
:10A84000432060A068002801D1012030700120FE63
:10A85000F762FE2068410708D50421884320602A5A
:10A86000480068606048020001640080FEF756FE00
:10A87000FFF7A6FA20680106890F0AD0400602D524
:10A88000FEF7ECFD01E0FEF7E1FD2068C021884302
:10A890002060227B01210846904081229043E27B88
:10A8A00005469140490849000D4300F087F90446E8
:10A8B000002D02D1307800280FD00220FEF7A0FC36
:10A8C000204600F07FF916490420086100F076F96F
:10A8D00014490968490707D103E00220FEF79DFCEF
:10A8E000EEE7BFF3408F30BF00F06CF90001650068
:10A8F00080F8BD0000AC1B002068190020C01B00C0
:10A90000204415002041150020401500205C150052
:10A9100020BC000020001800207CE6000020010080
:10A92000206001002000ED00E0FC17002070B5055C
:10A9300046FEF7D6F9534C544960884880A0888871
:10A9400080E088C8802078087060784870607B0854
:10A95000724E48F5F71FFF284600F0AEF800F05899
:10A96000F84B4D687000F018F86860000711D5E0EA
:10A97000890001660080FEF7B0FD47494548086040
:10A98000484A46491160474A106047480160FEF74F
:10A990008CF9464901200870FFF751FE70BDF8B5EB
:10A9A00000203C4D044628700120FEF7CCFB012618
:10A9B000012800D101243E483F4987897120400287
:10A9C0003E4A00F026F9B8421FD10220044300F0AD
:10A9D00096F8002802D0012040020443A00514D5B7
:10A9E000F9F7E6F9002810D01020044369462848FA
:10A9F000F6F73AFE0028000167008002D0FF20052C
:10AA0000300443600705D42148007A002801D02093
:10AA100046F8BD08202E702043F8BD70B50024D044
:10AA200020005DC006800F02D0641C042CF7D30008
:10AA30002C2AD000252146641ED020005DBF31C2E3
:10AA4000074007800F160FC01C0643087C0122C078
:10AA500006800F012800D002220021304600F0CFEE
:10AA6000F8304600F068F90520FEF771FD30460029
:10AA7000F068F9690008430546002100016800807C
:10AA8000304600F049F9002CD7D1284670BDFF2090
:10AA900070BD00007CE60000BC0000209820012072
:10AAA000C01B00205415002018310120581500202B
:10AAB00054010020580100201801002080E6000009
:10AAC0008C040000FFFF00007FB53B4D044668602A
:10AAD00000202860684600F02BF9002810D0694655
:10AAE000207B09880DE022684300D25A8A4208D1AF
:10AAF000616880000858286000033049000F087022
:10AB000000016900807FBD401EEFD27FBD10B52DD2
:10AB1000484078C00700D0012028492B4A09681412
:10AB2000790B0EA34217D34B07DB175B1C04D0270E
:10AB30004B5B6C1B78002B0ED10B07DB175B1C03E8
:10AB4000D0234B5B78002B06D14906C917491C045A
:10AB5000D0D17B002901D0002010BD00F020F810DA
:10AB6000BD10B5022807D0154A042812680DD0057B
:10AB70002807D0D02811D1C80700D0012000F00F3D
:10AB8000F810BD002900016A008009D0500702E0DA
:10AB9000002905D01007C017401C01D0002010BDAF
:10ABA000012010BD07494A68517B05E093685B5C52
:10ABB000834201D101207047491EF7D2002070471F
:10ABC0000000C81B0020F8170020B800002004E295
:10ABD000000094B8000088000020EFF3108072B6E7
:10ABE000704780F3108870470000800801D0401E35
:10ABF000FDD170470446C046C0462046F5F793FD98
:10AC0000704701491820ABBEFEE700016B008026AB
:10AC100000020003B40148019001BD11210010039E
:10AC2000B40148019001BDBB20001003B4014801EC
:10AC30009001BD7D20001003B40148019001BDCBFF
:10AC40002A001003B40148019001BD2F2200100317
:10AC5000B40148019001BDA520001003B4014801D2
:10AC60009001BDE72A001003B40148019001BDCF57
:10AC70002A001003B40148019001BDD32A0010033B
:10AC8000B40148019001BD3B29001003B401480004
:10AC9000016C0080019001BD6F2A001003B40148CF
:10ACA000019001BD2D24001003B40148019001BDA5
:10ACB0004520001003B40148019001BD5925001042
:10ACC00003B40148019001BD0525001003B40148FB
:10ACD000019001BDB528001003B40148019001BDE9
:10ACE0003128001003B40148019001BDE72700108E
:10ACF00003B40148019001BDF526001003B40148DA
:10AD0000019001BD4D27001003B40148019001BD21
:10AD10009927001000016D008003B40148019001E3
:10AD2000BD4B24001003B40148019001BD4F210028
:10AD30001003B40148019001BDD120001003B401FB
:10AD400048019001BD3121001003B4014801900178
:10AD5000BDA924001003B40148019001BD3B2100AE
:10AD60001003B40148019001BD6321001030B47498
:10AD700046641E2578641CAB4200D21D46635D5BB1
:10AD800000E31830BC18470016011602160316041B
:10AD900016051606160716081600016E008009161D
:10ADA0000A160B160C160D160E1611161216131681
:10ADB00014161516161619161A161B161C161D161D
:10ADC0001E160F161016171618161F1620165E00E0
:10ADD0000A585E000A410C000A584C000A584E00FE
:10ADE0000A580C000A414C000A414E000A414E002C
:10ADF0000A585E000A645E000A645E000A645E002F
:10AE00000A645E000A645E000A645E000A645E0012
:10AE10000A645E000A645E000A645E000A6400015F
:10AE20006F00805E000A645E000A645E000A645E71
:10AE3000000A645E000A645E000A645E000A645EE2
:10AE4000000A645E000A645E000A645E000A645ED2
:10AE5000000A645E000A6401031000EEB6000030D0
:10AE6000B70000B4B70000210300000F1112131443
:10AE7000150000B99D00004B9D00000BA10000498A
:10AE8000240010594B000049240010030200030164
:10AE900003000006000000C8B70000D0B70000E8BB
:10AEA000B7000000017000800001010202020302ED
:10AEB0000402050306048A93A0B01013161A1D207D
:10AEC00023262A2D3033363A3D4013171A1E2226E8
:10AED0002A2D3135393C4044484C14181C20242874
:10AEE0002C3034383C3F43474B4F161A1F23282C35
:10AEF0003135393E42474B4F5458191E22272C31C9
:10AF0000363B40454A4F54595E631C21272C32374B
:10AF10003D42484D53585E63696E1E242A30363CCC
:10AF200041474D53595F656B000171008071772077
:10AF3000262D333A40464D535A60666D737A800031
:10AF4000005C0100206A0100201C02012074100135
:10AF500020C20F0020CC1E01207C1F012072100097
:10AF6000202C200120342001207A1000203C2001D8
:10AF70002044200120EE100020841000208C1000BE
:10AF80002094100020680100209C1000202C11004B
:10AF9000203411002000000000000102020304051B
:10AFA00002020604070808090A0B0C0C03000172D0
:10AFB0000080040000000102000000010001962151
:10AFC0004001002140010D20400100300001FFC17F
:10AFD00081010020210100202901002029000020FA
:10AFE0002900002029000020290000222900002239
:10AFF0002900022228000020200000210001000179
:10B00000000100C0A10100C0290100C0390400C036
:10B01000380400C03A0C00C03A0400C23A0400C22E
:10B020002A0402C2AA0400C0A20400C1A20500C4EE
:10B030008205000173008000C40A0500C41A0000E4
:10B04000C4180000C4191000C4190000C61900007B
:10B05000C6090002C6890000C4810000C581010044
:10B06000180C08060504000380804040402A4080F8
:10B07000402A402A402A202A202A202A08C060404C
:10B08000302620081808100808000505060701FFEB
:10B09000FF06FF02FFFF06FF03FFFF06FF04FFFF9F
:10B0A00006FF0809090A0B0C0D0D06070000010236
:10B0B0000304050600040500017400800600040076
:10B0C00001020304050608000001000109204001F7
:10B0D000002140019520400100C0810109C181018A
:10B0E00000C0A10000C0290000C0390400C038041D
:10B0F00000C23A04FEC23A04FEC23A0400C322056A
:10B1000000C4820400C40A0400C41A0000C4180069
:10B1100000C61900FEC6190002C6190100C70101C8
:10B1200000202100FE202900FE2229000222280101
:10B130000022200100210000000100010001750033
:10B140008000000102030405000600020304050656
:10B1500008000800C0604030282000181100090FC6
:10B160000700090F0300090F0000090F0000090F75
:10B170000000090F0000090D1112131415161718FD
:10B18000191A1B1C1D1E1F202122232425262728B7
:10B19000292A2B2C2D2E2F303132333435363738A7
:10B1A000393A3B3C3D3E3F40414243444546FFFF28
:10B1B000FFFFFFFFFFFFFFFF00010203040506077B
:10B1C000080001760080090A0B0C0D0E0F1047488D
:10B1D000494A4B4C4D4E4F5051525354555657FFC0
:10B1E000FFFFFFFFFFFFFFFFFF00C56B0000036CC9
:10B1F000000023680000AF670000B96B0000C36B5C
:10B200000000B96B0000C36B0000FFFBEDD5B5007B
:10B2100031618EB5000000FF00FFFFFFFFFF00015E
:10B220000001010000FF0000000005068080808012
:10B2300000010203040506070920212223242526F4
:10B240002728292A2B2C00017700802D2E40000171
:10B2500003050F0E690C0898CA0000EBA400005DFE
:10B26000A5000089A5000039A6000069A60000F627
:10B27000050D0904A101950185010922A102050D11
:10B280000956751081020954750581020601FF09EE
:10B2900040750181027502810309417503810281B4
:10B2A00003094275028102C0050D0922A1020601AF
:10B2B000FF09607503810275058103050D0951754C
:10B2C0000581020601FF0961750281000178008095
:10B2D00002050D09427501810205010930751081D1
:10B2E0000209318102050D0930750881020601FF4E
:10B2F000096281020963810209648102C0C0050DEF
:10B300000904A10185030601FF0920A102050D0919
:10B3100056751081020509190129049504750181EA
:10B320000281030601FF751009658102C0C0060194
:10B33000FF0902A10175080930850595078102857D
:10B340000E95C98102850F95978102851F95FD8114
:10B35000000179008002852F95FB9102C0E400F77F
:10B36000000001E6000200030000010400FE0005E9
:10B37000000600B40401C10001000000000108063D
:10B38000008C047E003E00A5010203FFFEFD5A0072
:10B3900001181906071E1F000000003110000000F0
:10B3A00010011034100620042002100C200E202C56
:10B3B00010104018201A201C201E2020202220249B
:10B3C000202620281029102A103820301035103A55
:10B3D0002036203C1000017A008008100000000098
:10B3E0000000000014403C0032001E0004010A016D
:10B3F000280440004000087800002C01DC05020011
:10B400000020640000007CBD0000C8000020500047
:10B41000000044100000CCBD000018010020B81A44
:10B42000000060100000C0FF00000000012018357F
:10B430000000601000003C0032001E0001014000CE
:10B4400008780100900120039001960090014001CE
:10B45000080564000000FFFFFFFF00017B00800083
:10B46000180A4094FC00000000FFFFFFFFFFFFFFF1
:10B47000FF0000FFFFFFFFFFFFFFFF0000FFFFFFD8
:10B48000FFFFFFFFFF0000000103020103020001B4
:10B490000203000301020001000000180000000088
:10B4A000E2000000FF0000C0E60000000000000015
:10B4B000000000000000000000000000000000008C
:10B4C000000000000000000000000000000000007C
:10B4D000000000000000000000000000000000006C
:10B4E000017C00800000000000000000000000005F
:10B4F000000000000000000000000000000000004C
:10B50000000000000000000000000000000000003B
:10B51000000000000000000000000000000000002B
:10B52000000000000000000000000000000000001B
:10B53000000000000000000000000000000000000B
:10B5400000000000000000000000000000000000FB
:10B5500000000000000000000000000000000000EB
:10B560000000000000017D008000000000000000DD
:10B5700000000000000000000000000000000000CB
:10B5800000000000000000000000000000000000BB
:10B5900000000000000000000000000000000000AB
:10B5A000000000000000000000000000000000009B
:10B5B000000000000000000000000000000000008B
:10B5C000000000000000000000000000000000007B
:10B5D000000000000000000000000000000000006B
:10B5E00000000000000000000000017E008000005C
:10B5F000000000000000000000000000000000004B
:10B60000000000000000000000000000000000003A
:10B61000000000000000000000000000000000002A
:10B62000000000000000000000000000000000001A
:10B63000000000000000000000000000000000000A
:10B6400000000000000000000000000000000000FA
:10B6500000000000000000000000000000000000EA
:10B6600000000000000000000000000000000001D9
:10B670007F008000000000000000000000000000CB
:10B6800000000000000000000000000000000000BA
:10B6900000000000000000000000000000000000AA
:10B6A000000000000000000000000000000000009A
:10B6B000000000000000000000000000000000008A
:10B6C000000000000000000000000000000000007A
:10B6D000000000000000000000000000000000006A
:10B6E000000000000000000000000000000000005A
:10B6F0000000000001800080000000000000000049
:10B700000000000000000000000000000000000039
:10B710000000000000000000000000000000000029
:10B720000000000000000000000000000000000019
:10B730000000000000000000000000000000000009
:10B7400000000000000000000000000000000000F9
:10B7500000000000000000000000000000000000E9
:10B7600000000000000000000000000000000000D9
:10B7700000000000000000000001810080000000C7
:10B7800000000000000000000000000000000000B9
:10B7900000000000000000000000000000000000A9
:10B7A0000000000000000000000000000000000099
:10B7B0000000000000000000000000000000000089
:10B7C0000000000000000000000000000000000079
:10B7D0000000000000000000000000000000000069
:10B7E0000000000000000000000000000000000059
:10B7F00000000000000000000000000000000182C6
:10B8000000800000000000000000000000000000B8
:10B810000000000000000000000000000000000028
:10B820000000000000000000000000000000000018
:10B830000000000000000000000000000000000008
:10B8400000000000000000000000000000000000F8
:10B8500000000000000000000000000000000000E8
:10B8600000000000000000000000000000000000D8
:10B8700000000000000000000000000000000000C8
:10B8800000000001830080000000000000000000B4
:10B8900000000000000000000000000000000000A8
:10B8A0000000000000000000000000000000000098
:10B8B0000000000000000000000000000000000088
:10B8C0000000000000000000000000000000000078
:10B8D0000000000000000000000000000000000068
:10B8E0000000000000000000000000000000000058
:10B8F0000000000000000000000000000000000048
:10B900000000000000000000018400800000000032
:10B910000000000000000000000000000000000027
:10B920000000000000000000000000000000000017
:10B930000000000000000000000000000000000007
:10B9400000000000000000000000000000000000F7
:10B9500000000000000000000000000000000000E7
:10B9600000000000000000000000000000000000D7
:10B9700000000000000000000000000000000000C7
:10B980000000000000000000000000000001850031
:10B990008000000000000000000000000000000027
:10B9A0000000000000000000000000000000000097
:10B9B0000000000000000000000000000000000087
:10B9C0000000000000000000000000000000000077
:10B9D0000000000000000000000000000000000067
:10B9E0000000000000000000000000000000000057
:10B9F0000000000000000000000000000000000047
:10BA00000000000000000000000000000000000036
:10BA1000000001860080000000000000000000001F
:10BA20000000000000000000000000000000000016
:10BA30000000000000000000000000000000000006
:10BA400000000000000000000000000000000000F6
:10BA500000000000000000000000000000000000E6
:10BA600000000000000000000000000000000000D6
:10BA700000000000000000000000000000000000C6
:10BA800000000000000000000000000000000000B6
:10BA9000000000000000000187008000000000009E
:10BAA0000000000000000000000000000000000096
:10BAB0000000000000000000000000000000000086
:10BAC0000000000000000000000000000000000076
:10BAD0000000000000000000000000000000000066
:10BAE0000000000000000000000000000000000056
:10BAF0000000000000000000000000000000000046
:10BB00000000000000000000000000000000000035
:10BB1000000000000000000000000000018800801C
:10BB20000000000000000000000000000000000015
:10BB30000000000000000000000000000000000005
:10BB400000000000000000000000000000000000F5
:10BB500000000000000000000000000000000000E5
:10BB600000000000000000000000000000000000D5
:10BB700000000000000000000000000000000000C5
:10BB800000000000000000000000000000000000B5
:10BB900000000000000000000000000000000000A5
:10BBA000000189008000000000000000000000008B
:10BBB0000000000000000000000000000000000085
:10BBC0000000000000000000000000000000000075
:10BBD0000000000000000000000000000000000065
:10BBE0000000000000000000000000000000000055
:10BBF0000000000000000000000000000000000045
:10BC00000000000000000000000000000000000034
:10BC10000000000000000000000000000000000024
:10BC2000000000000000018A008000000000000009
:10BC30000000000000000000000000000000000004
:10BC400000000000000000000000000000000000F4
:10BC500000000000000000000000000000000000E4
:10BC600000000000000000000000000000000000D4
:10BC700000000000000000000000000000000000C4
:10BC800000000000000000000000000000000000B4
:10BC900000000000000000000000000000000000A4
:10BCA0000000000000000000000000018B00800088
:10BCB0000000000000000000000000000000000084
:10BCC0000000000000000000000000000000000074
:10BCD0000000000000000000000000000000000064
:10BCE0000000000000000000000000000000000054
:10BCF0000000000000000000000000000000000044
:10BD00000000000000000000000000000000000033
:10BD10000000000000000000000000000000000023
:10BD20000000000000000000000000000000000013
:10BD3000018C0080000000000000000000000000F6
:10BD400000000000000000000000000000000000F3
:10BD500000000000000000000000000000000000E3
:10BD600000000000000000000000000000000000D3
:10BD700000000000000000000000000000000000C3
:10BD800000000000000000000000000000000000B3
:10BD900000000000000000000000000000000000A3
:10BDA0000000000000000000000000000000000093
:10BDB0000000000000018D00800000000000000075
:10BDC0000000000000000000000000000000000073
:10BDD0000000000000000000000000000000000063
:10BDE0000000000000000000000000000000000053
:10BDF0000000000000000000000000000000000043
:10BE00000000000000000000000000000000000032
:10BE10000000000000000000000000000000000022
:10BE20000000000000000000000000000000000012
:10BE300000000000000000000000018E00800000F3
:10BE400000000000000000000000000000000000F2
:10BE500000000000000000000000000000000000E2
:10BE600000000000000000000000000000000000D2
:10BE700000000000000000000000000000000000C2
:10BE800000000000000000000000000000000000B2
:10BE900000000000000000000000000000000000A2
:10BEA0000000000000000000000000000000000092
:10BEB0000000000000000000000000000000000181
:10BEC0008F00800000000000000000000000000063
:10BED0000000000000000000000000000000000062
:10BEE0000000000000000000000000000000000052
:10BEF0000000000000000000000000000000000042
:10BF00000000000000000000000000000000000031
:10BF10000000000000000000000000000000000021
:10BF20000000000000000000000000000000000011
:10BF30000000000000000000000000000000000001
:10BF400000000000019000800000000000000000E0
:10BF500000000000000000000000000000000000E1
:10BF600000000000000000000000000000000000D1
:10BF700000000000000000000000000000000000C1
:10BF800000000000000000000000000000000000B1
:10BF900000000000000000000000000000000000A1
:10BFA0000000000000000000000000000000000091
:10BFB0000000000000000000000000000000000081
:10BFC000000000000000000000019100800000005F
:10BFD0000000000000000000000000000000000061
:10BFE0000000000000000000000000000000000051
:10BFF0000000000000000000000000000000000041
:10C000000000000000000000000000000000000030
:10C010000000000000000000000000000000000020
:10C020000000000000000000000000000000000010
:10C030000000000000000000000000000000000000
:10C04000000000000000000000000000000001925D
:10C050000080000000000000000000000000000060
:10C0600000000000000000000000000000000000D0
:10C0700000000000000000000000000000000000C0
:10C0800000000000000000000000000000000000B0
:10C0900000000000000000000000000000000000A0
:10C0A0000000000000000000000000000000000090
:10C0B0000000000000000000000000000000000080
:10C0C0000000000000000000000000000000000070
:10C0D000000000019300800000000000000000004C
:10C0E0000000000000000000000000000000000050
:10C0F0000000000000000000000000000000000040
:10C10000000000000000000000000000000000002F
:10C11000000000000000000000000000000000001F
:10C12000000000000000000000000000000000000F
:10C1300000000000000000000000000000000000FF
:10C1400000000000000000000000000000000000EF
:10C1500000000000000000000194008000000000CA
:10C1600000000000000000000000000000000000CF
:10C1700000000000000000000000000000000000BF
:10C1800000000000000000000000000000000000AF
:10C19000000000000000000000000000000000009F
:10C1A000000000000000000000000000000000008F
:10C1B000000000000000000000000000000000007F
:10C1C000000000000000000000000000000000006F
:10C1D00000000000000000000000000000019500C9
:10C1E00080000000000000000000000000000000CF
:10C1F000000000000000000000000000000000003F
:10C20000000000000000000000000000000000002E
:10C21000000000000000000000000000000000001E
:10C22000000000000000000000000000000000000E
:10C2300000000000000000000000000000000000FE
:10C2400000000000000000000000000000000000EE
:10C2500000000000000000000000000000000000DE
:10C2600000000196008000000000000000000000B7
:10C2700000000000000000000000000000000000BE
:10C2800000000000000000000000000000000000AE
:10C29000000000000000000000000000000000009E
:10C2A000000000000000000000000000000000008E
:10C2B000000000000000000000000000000000007E
:10C2C000000000000000000000000000000000006E
:10C2D000000000000000000000000000000000005E
:10C2E0000000000000000001970080000000000036
:10C2F000000000000000000000000000000000003E
:10C30000000000000000000000000000000000002D
:10C31000000000000000000000000000000000001D
:10C32000000000000000000000000000000000000D
:10C3300000000000000000000000000000000000FD
:10C3400000000000000000000000000000000000ED
:10C3500000000000000000000000000000000000DD
:10C3600000000000000000000000000001980080B4
:10C3700000000000000000000000000000000000BD
:10C3800000000000000000000000000000000000AD
:10C39000000000000000000000000000000000009D
:10C3A000000000000000000000000000000000008D
:10C3B000000000000000000000000000000000007D
:10C3C000000000000000000000000000000000006D
:10C3D000000000000000000000000000000000005D
:10C3E000000000000000000000000000000000004D
:10C3F0000001990080000000000000000000000023
:10C40000000000000000000000000000000000002C
:10C41000000000000000000000000000000000001C
:10C42000000000000000000000000000000000000C
:10C4300000000000000000000000000000000000FC
:10C4400000000000000000000000000000000000EC
:10C4500000000000000000000000000000000000DC
:10C4600000000000000000000000000000000000CC
:10C47000000000000000019A0080000000000000A1
:10C4800000000000000000000000000000000000AC
:10C49000000000000000000000000000000000009C
:10C4A000000000000000000000000000000000008C
:10C4B000000000000000000000000000000000007C
:10C4C000000000000000000000000000000000006C
:10C4D000000000000000000000000000000000005C
:10C4E000000000000000000000000000000000004C
:10C4F0000000000000000000000000019B00800020
:10C50000000000000000000000000000000000002B
:10C51000000000000000000000000000000000001B
:10C52000000000000000000000000000000000000B
:10C5300000000000000000000000000000000000FB
:10C5400000000000000000000000000000000000EB
:10C5500000000000000000000000000000000000DB
:10C5600000000000000000000000000000000000CB
:10C5700000000000000000000000000000000000BB
:10C58000019C00800000000000000000000000008E
:10C59000000000000000000000000000000000009B
:10C5A000000000000000000000000000000000008B
:10C5B000000000000000000000000000000000007B
:10C5C000000000000000000000000000000000006B
:10C5D000000000000000000000000000000000005B
:10C5E000000000000000000000000000000000004B
:10C5F000000000000000000000000000000000003B
:10C600000000000000019D0080000000000000000C
:10C61000000000000000000000000000000000001A
:10C62000000000000000000000000000000000000A
:10C6300000000000000000000000000000000000FA
:10C6400000000000000000000000000000000000EA
:10C6500000000000000000000000000000000000DA
:10C6600000000000000000000000000000000000CA
:10C6700000000000000000000000000000000000BA
:10C6800000000000000000000000019E008000008B
:10C69000000000000000000000000000000000009A
:10C6A000000000000000000000000000000000008A
:10C6B000000000000000000000000000000000007A
:10C6C000000000000000000000000000000000006A
:10C6D000000000000000000000000000000000005A
:10C6E000000000000000000000000000000000004A
:10C6F000000000000000000000000000000000003A
:10C700000000000000000000000000000000000128
:10C710009F008000000000000000000000000000FA
:10C720000000000000000000000000000000000009
:10C7300000000000000000000000000000000000F9
:10C7400000000000000000000000000000000000E9
:10C7500000000000000000000000000000000000D9
:10C7600000000000000000000000000000000000C9
:10C7700000000000000000000000000000000000B9
:10C7800000000000000000000000000000000000A9
:10C790000000000001A00080000000000000000078
:10C7A0000000000000000000000000000000000089
:10C7B0000000000000000000000000000000000079
:10C7C0000000000000000000000000000000000069
:10C7D0000000000000000000000000000000000059
:10C7E0000000000000000000000000000000000049
:10C7F0000000000000000000000000000000000039
:10C800000000000000000000000000000000000028
:10C8100000000000000000000001A10080000000F6
:10C820000000000000000000000000000000000008
:10C8300000000000000000000000000000000000F8
:10C8400000000000000000000000000000000000E8
:10C8500000000000000000000000000000000000D8
:10C8600000000000000000000000000000000000C8
:10C8700000000000000000000000000000000000B8
:10C8800000000000000000000000000000000000A8
:10C89000000000000000000000000000000001A2F5
:10C8A0000080000000000000000000000000000008
:10C8B0000000000000000000000000000000000078
:10C8C0000000000000000000000000000000000068
:10C8D0000000000000000000000000000000000058
:10C8E0000000000000000000000000000000000048
:10C8F0000000000000000000000000000000000038
:10C900000000000000000000000000000000000027
:10C910000000000000000000000000000000000017
:10C9200000000001A30080000000000000000000E3
:10C9300000000000000000000000000000000000F7
:10C9400000000000000000000000000000000000E7
:10C9500000000000000000000000000000000000D7
:10C9600000000000000000000000000000000000C7
:10C9700000000000000000000000000000000000B7
:10C9800000000000000000000000000000000000A7
:10C990000000000000000000000000000000000097
:10C9A000000000000000000001A400800000000062
:10C9B0000000000000000000000000000000000077
:10C9C0000000000000000000000000000000000067
:10C9D0000000000000000000000000000000000057
:10C9E0000000000000000000000000000000000047
:10C9F0000000000000000000000000000000000037
:10CA00000000000000000000000000000000000026
:10CA10000000000000000000000000000000000016
:10CA20000000000000000000000000000001A50060
:10CA30008000000000000000000000000000000076
:10CA400000000000000000000000000000000000E6
:10CA500000000000000000000000000000000000D6
:10CA600000000000000000000000000000000000C6
:10CA700000000000000000000000000000000000B6
:10CA800000000000000000000000000000000000A6
:10CA90000000000000000000000000000000000096
:10CAA0000000000000000000000000000000000086
:10CAB000000001A60080000000000000000000004F
:10CAC0000000000000000000000000000000000066
:10CAD0000000000000000000000000000000000056
:10CAE0000000000000000000000000000000000046
:10CAF0000000000000000000000000000000000036
:10CB00000000000000000000000000000000000025
:10CB10000000000000000000000000000000000015
:10CB20000000000000000000000000000000000005
:10CB30000000000000000001A700800000000000CD
:10CB400000000000000000000000000000000000E5
:10CB500000000000000000000000000000000000D5
:10CB600000000000000000000000000000000000C5
:10CB700000000000000000000000000000000000B5
:10CB800000000000000000000000000000000000A5
:10CB90000000000000000000000000000000000095
:10CBA0000000000000000000000000000000000085
:10CBB00000000000000000000000000001A800804C
:10CBC0000000000000000000000000000000000065
:10CBD0000000000000000000000000000000000055
:10CBE0000000000000000000000000000000000045
:10CBF0000000000000000000000000000000000035
:10CC00000000000000000000000000000000000024
:10CC10000000000000000000000000000000000014
:10CC20000000000000000000000000000000000004
:10CC300000000000000000000000000000000000F4
:10CC40000001A900800000000000000000000000BA
:10CC500000000000000000000000000000000000D4
:10CC600000000000000000000000000000000000C4
:10CC700000000000000000000000000000000000B4
:10CC800000000000000000000000000000000000A4
:10CC90000000000000000000000000000000000094
:10CCA0000000000000000000000000000000000084
:10CCB0000000000000000000000000000000000074
:10CCC00000000000000001AA008000000000000039
:10CCD0000000000000000000000000000000000054
:10CCE0000000000000000000000000000000000044
:10CCF0000000000000000000000000000000000034
:10CD00000000000000000000000000000000000023
:10CD10000000000000000000000000000000000013
:10CD20000000000000000000000000000000000003
:10CD300000000000000000000000000000000000F3
:10CD4000000000000000000000000001AB008000B7
:10CD500000000000000000000000000000000000D3
:10CD600000000000000000000000000000000000C3
:10CD700000000000000000000000000000000000B3
:10CD800000000000000000000000000000000000A3
:10CD90000000000000000000000000000000000093
:10CDA0000000000000000000000000000000000083
:10CDB0000000000000000000000000000000000073
:10CDC0000000000000000000000000000000000063
:10CDD00001AC008000000000000000000000000026
:10CDE0000000000000000000000000000000000043
:10CDF0000000000000000000000000000000000033
:10CE00000000000000000000000000000000000022
:10CE10000000000000000000000000000000000012
:10CE20000000000000000000000000000000000002
:10CE300000000000000000000000000000000000F2
:10CE400000000000000000000000000000000000E2
:10CE5000000000000001AD008000000000000000A4
:10CE600000000000000000000000000000000000C2
:10CE700000000000000000000000000000000000B2
:10CE800000000000000000000000000000000000A2
:10CE90000000000000000000000000000000000092
:10CEA0000000000000000000000000000000000082
:10CEB0000000000000000000000000000000000072
:10CEC0000000000000000000000000000000000062
:10CED0000000000000000000000001AE0080000023
:10CEE0000000000000000000000000000000000042
:10CEF0000000000000000000000000000000000032
:10CF00000000000000000000000000000000000021
:10CF10000000000000000000000000000000000011
:10CF20000000000000000000000000000000000001
:10CF300000000000000000000000000000000000F1
:10CF400000000000000000000000000000000000E1
:10CF500000000000000000000000000000000001D0
:10CF6000AF00800000000000000000000000000092
:10CF700000000000000000000000000000000000B1
:10CF800000000000000000000000000000000000A1
:10CF90000000000000000000000000000000000091
:10CFA0000000000000000000000000000000000081
:10CFB0000000000000000000000000000000000071
:10CFC0000000000000000000000000000000000061
:10CFD0000000000000000000000000000000000051
:10CFE0000000000001B00080000000000000000010
:10CFF0000000000000000000000000000000000031
:10D000000000000000000000000000000000000020
:10D010000000000000000000000000000000000010
:10D020000000000000000000000000000000000000
:10D0300000000000000000000000000000000000F0
:10D0400000000000000000000000000000000000E0
:10D0500000000000000000000000000000000000D0
:10D0600000000000000000000001B100800000008E
:10D0700000000000000000000000000000000000B0
:10D0800000000000000000000000000000000000A0
:10D090000000000000000000000000000000000090
:10D0A0000000000000000000000000000000000080
:10D0B0000000000000000000000000000000000070
:10D0C0000000000000000000000000000000000060
:10D0D0000000000000000000000000000000000050
:10D0E000000000000000000000000000000001B28D
:10D0F00000800000000000000000000000000000B0
:10D10000000000000000000000000000000000001F
:10D11000000000000000000000000000000000000F
:10D1200000000000000000000000000000000000FF
:10D1300000000000000000000000000000000000EF
:10D1400000000000000000000000000000000000DF
:10D1500000000000000000000000000000000000CF
:10D1600000000000000000000000000000000000BF
:10D1700000000001B300800000000000000000007B
:10D18000000000000000000000000000000000009F
:10D19000000000000000000000000000000000008F
:10D1A000000000000000000000000000000000007F
:10D1B000000000000000000000000000000000006F
:10D1C000000000000000000000000000000000005F
:10D1D000000000000000000000000000000000004F
:10D1E000000000000000000000000000000000003F
:10D1F000000000000000000001B4008000000000FA
:10D20000000000000000000000000000000000001E
:10D21000000000000000000000000000000000000E
:10D2200000000000000000000000000000000000FE
:10D2300000000000000000000000000000000000EE
:10D2400000000000000000000000000000000000DE
:10D2500000000000000000000000000000000000CE
:10D2600000000000000000000000000000000000BE
:10D270000000000000000000000000000001B500F8
:10D28000800000000000000000000000000000001E
:10D29000000000000000000000000000000000008E
:10D2A000000000000000000000000000000000007E
:10D2B000000000000000000000000000000000006E
:10D2C000000000000000000000000000000000005E
:10D2D000000000000000000000000000000000004E
:10D2E000000000000000000000000000000000003E
:10D2F000000000000000000000000000000000002E
:10D30000000001B6008000000000000000000000E6
:10D31000000000000000000000000000000000000D
:10D3200000000000000000000000000000000000FD
:10D3300000000000000000000000000000000000ED
:10D3400000000000000000000000000000000000DD
:10D3500000000000000000000000000000000000CD
:10D3600000000000000000000000000000000000BD
:10D3700000000000000000000000000000000000AD
:10D380000000000000000001B70080000000000065
:10D39000000000000000000000000000000000008D
:10D3A000000000000000000000000000000000007D
:10D3B000000000000000000000000000000000006D
:10D3C000000000000000000000000000000000005D
:10D3D000000000000000000000000000000000004D
:10D3E000000000000000000000000000000000003D
:10D3F000000000000000000000000000000000002D
:10D4000000000000000000000000000001B80080E3
:10D41000000000000000000000000000000000000C
:10D4200000000000000000000000000000000000FC
:10D4300000000000000000000000000000000000EC
:10D4400000000000000000000000000000000000DC
:10D4500000000000000000000000000000000000CC
:10D4600000000000000000000000000000000000BC
:10D4700000000000000000000000000000000000AC
:10D48000000000000000000000000000000000009C
:10D490000001B90080000000000000000000000052
:10D4A000000000000000000000000000000000007C
:10D4B000000000000000000000000000000000006C
:10D4C000000000000000000000000000000000005C
:10D4D000000000000000000000000000000000004C
:10D4E000000000000000000000000000000000003C
:10D4F000000000000000000000000000000000002C
:10D50000000000000000000000000000000000001B
:10D5100000000000000001BA0080000000000000D0
:10D5200000000000000000000000000000000000FB
:10D5300000000000000000000000000000000000EB
:10D5400000000000000000000000000000000000DB
:10D5500000000000000000000000000000000000CB
:10D5600000000000000000000000000000000000BB
:10D5700000000000000000000000000000000000AB
:10D58000000000000000000000000000000000009B
:10D59000000000000000000000000001BB0080004F
:10D5A000000000000000000000000000000000007B
:10D5B000000000000000000000000000000000006B
:10D5C000000000000000000000000000000000005B
:10D5D000000000000000000000000000000000004B
:10D5E000000000000000000000000000000000003B
:10D5F000000000000000000000000000000000002B
:10D60000000000000000000000000000000000001A
:10D61000000000000000000000000000000000000A
:10D6200001BC0080000000000000000000000000BD
:10D6300000000000000000000000000000000000EA
:10D6400000000000000000000000000000000000DA
:10D6500000000000000000000000000000000000CA
:10D6600000000000000000000000000000000000BA
:10D6700000000000000000000000000000000000AA
:10D68000000000000000000000000000000000009A
:10D69000000000000000000000000000000000008A
:10D6A000000000000001BD0080000000000000003C
:10D6B000000000000000000000000000000000006A
:10D6C000000000000000000000000000000000005A
:10D6D000000000000000000000000000000000004A
:10D6E000000000000000000000000000000000003A
:10D6F000000000000000000000000000000000002A
:10D700000000000000000000000000000000000019
:10D710000000000000000000000000000000000009
:10D720000000000000000000000001BE00800000BA
:10D7300000000000000000000000000000000000E9
:10D7400000000000000000000000000000000000D9
:10D7500000000000000000000000000000000000C9
:10D7600000000000000000000000000000000000B9
:10D7700000000000000000000000000000000000A9
:10D780000000000000000000000000000000000099
:10D790000000000000000000000000000000000089
:10D7A0000000000000000000000000000000000178
:10D7B000BF0080000000000000000000000000002A
:10D7C0000000000000000000000000000000000059
:10D7D0000000000000000000000000000000000049
:10D7E0000000000000000000000000000000000039
:10D7F0000000000000000000000000000000000029
:10D800000000000000000000000000000000000018
:10D810000000000000000000000000000000000008
:10D8200000000000000000000000000000000000F8
:10D830000000000001C000800000000000000000A7
:10D8400000000000000000000000000000000000D8
:10D8500000000000000000000000000000000000C8
:10D8600000000000000000000000000000000000B8
:10D8700000000000000000000000000000000000A8
:10D880000000000000000000000000000000000098
:10D890000000000000000000000000000000000088
:10D8A0000000000000000000000000000000000078
:10D8B00000000000000000000001C1008000000026
:10D8C0000000000000000000000000000000000058
:10D8D0000000000000000000000000000000000048
:10D8E0000000000000000000000000000000000038
:10D8F0000000000000000000000000000000000028
:10D900000000000000000000000000000000000017
:10D910000000000000000000000000000000000007
:10D9200000000000000000000000000000000000F7
:10D93000000000000000000000000000000001C224
:10D940000080000000000000000000000000000057
:10D9500000000000000000000000000000000000C7
:10D9600000000000000000000000000000000000B7
:10D9700000000000000000000000000000000000A7
:10D980000000000000000000000000000000000097
:10D990000000000000000000000000000000000087
:10D9A0000000000000000000000000000000000077
:10D9B0000000000000000000000000000000000067
:10D9C00000000001C3008000000000000000000013
:10D9D0000000000000000000000000000000000047
:10D9E0000000000000000000000000000000000037
:10D9F0000000000000000000000000000000000027
:10DA00000000000000000000000000000000000016
:10DA10000000000000000000000000000000000006
:10DA200000000000000000000000000000000000F6
:10DA300000000000000000000000000000000000E6
:10DA4000000000000000000001C400808C048C0471
:10DA5000C902171F36000101010200030101010084
:10DA6000E8036400020C03026400000000000301EC
:10DA70001E0C06000A000A00E803FA000F000E0060
:10DA8000008032006000E803E803000000000000AE
:10DA90000000000020EEFFFFFF000000000000007B
:10DAA00000F0FFFF07000000000000000000000081
:10DAB00000F0FFFF27EEFFFFFF0000000000000066
:10DAC00047463545444142403E3F3D3C0001C5008C
:10DAD00080393A3B43363738323331342F2D2E30AC
:10DAE000292A252B2221201E1D1C1B191A18171646
:10DAF00015141F1312100D110F0E0C54095207505C
:10DB0000054E034C014A57485500530251044F0635
:10DB10004D084B0A490C470E44000000000000006D
:10DB2000003C3B2A3A39363735333432312E2F30E8
:10DB3000382B2C2D27282629242223251E1F1A2086
:10DB4000171615131211100E0F0D0C0B0A091408DD
:10DB5000070001C6008005020604030154095207AC
:10DB600050054E034C014A57485500530251044F8B
:10DB7000064D084B0A490C470E4400000000010006
:10DB80000000000000002F00000000000000AB0AB1
:10DB90000020AB0AAB0A55F5002055F555F50000FD
:10DBA0000000000000000000000000000000000075
:10DBB0000000000000000000000020EEFFFFFF005A
:10DBC000000000000000000010FFFFFF3F00FF1FEB
:10DBD000FFFFFFFFFFFF0001C70080FFFFFFFFFF08
:10DBE000FFFFFFFFFFFFFFFFFF1DFFFFFF1B1C1ECF
:10DBF000001819171A15131416021011120C0D0E15
:10DC00000B0A08090705060F04030100F0FFFF07D0
:10DC10000000000000000000000000FFFFC307003C
:10DC20000000001117322F2E2C2B2A2928262725F9
:10DC30002423222D21201FFFFFFFFF3531343330F5
:10DC4000FFFFFFFFFFFFFFFFFFFFFFFFFFFFFFFFE4
:10DC5000FFFFFFFFFFFFFFFFFFFFFF0001C8008086
:10DC600000000000000000000000000000000000B4
:10DC70000000000000000000FF00FFFFFFFFFFFFAB
:10DC8000FFFFFFFFFFFFFFFFFFFFFFFFFFFFFFFFA4
:10DC9000FFFFFFFFFFFFFFFFFFFFFFFFFFFFFFFF94
:10DCA000FFFFFFFFFFFFFFFFFFFFFFFFFFFFFFFF84
:10DCB0000000000000000000000000000000000064
:10DCC0000000000000000000000000000000000054
:10DCD0000000000000000000000000000000000044
:10DCE0000001C900800000000000000000000000EA
:10DCF0000000000000000000000000000000000024
:10DD0000000000000000000000000003025802268E
:10DD1000020301F000F00003016400C80003016485
:10DD200000C80003025E01960003016400C80003FE
:10DD3000016400C80003016400C80003016400C856
:10DD40000003016400C80003016400C8000301640B
:10DD500000C8000000F401C800DC05F401AC0D0AA5
:10DD60000A0100F4010001CA0080C40996002003E2
:10DD7000010090015A0001016400C8000101640023
:10DD8000C80001016400C80000000000000000009D
:10DD9000000000000000005025A00000200000202E
:10DDA00000006400BC029600C800C800020E0E0EFF
:10DDB0000E0A0018000008000202DE00030F2040D7
:10DDC00040404A014A014A014A012121212114050A
:10DDD000E40CE80373400100F6007B008700B0000C
:10DDE000F6004400A00022001F000001CB00804488
:10DDF000001D0015002200400020004000400040AF
:10DE000000200040004000000000005050505046EC
:10DE1000464646414141412828282800000000008C
:10DE2000000000E803B603C80000000A011E144009
:10DE300003FA00087800004C04E803050500040F0D
:10DE4000374005140000000000D00700000000006B
:10DE5000000000FF000000F00810C8FF010000F003
:10DE60000810C8FF010000000000006490010000DD
:10DE700001CC0080A086010000000000000000002E
:10DE80000000000000000000010000020200000588
:10DE9000F82A0000E02E0000401F000030091A069A
:10DEA0008B08FA008813050070002D0003000000A5
:10DEB00000000000230037001900660826024A010E
:10DEC00082009001A3027800B4007A03BC02C00073
:10DED00003000600010258005A00D4FED4FE70066A
:10DEE000D404C43794292E2E000101020208000038
:10DEF000010C0C000001CD00801000B80B000021C7
:10DF0000000000000078AD000000000000000000EC
:10DF10000000000000000000000000000000000001
:10DF200000000000000000000000000000000000F1
:10DF300000000000000000000024003E000000007F
:10DF400000000000000000000000000000000000D1
:10DF500000000000000000000000000000000000C1
:10DF600000000000000000000000000000000000B1
:10DF7000000000000000002E700001FF00803C0047
:10DF80003C000010000000D23B73011000000010A4
:10DF9000000000D76C6B02030000000000000000CE
:10DFA0000000000000000000000000000000000071
:10DFB0000000000000000000000037D0000037B96A
:10DFC0001900001F000000C0EF0000000000010069
:10DFD0000000000000000000000000000000000041
:10DFE0000000000000000000000000000000000031
:0EDFF000000000000000000000000000000023
:00000001FF
