:1000000016000003011655B2A0000F1992007000EF
:1000100000001E00011D9A12010000722124865A60
:1000200044F686B285E4E3393A638BE32244CB227B
:10003000138716BFA13B0218649B4C37FB0449573A
:10004000C304C8E8DD5086B57B4D47D9DBB52FCF5B
:10005000C4AAF3DF7469F6B5AB57F5B6CBDAA0A640
:100060002B42B06B9C7337130703C1BBF6506B7CFC
:10007000106E192AE9FFC72934F59D342FB4B1F663
:10008000512B1BC38585D9378B7FFE354E6B775C33
:10009000FD09D0F271B94933CAC2A37B239FEADCC0
:1000A00000F3C89F7BADB74CE530DFF08D4E255D8A
:1000B000068E46ED311B8CA74DD891CE831E0A22A9
:1000C000B4513E5A536DA6EC5B35F30F9B23C9D652
:1000D000E696A622F8F905AD4539D10D302D29B3A4
:1000E000B2F1A618B0811DCF94AC4E633EF87DA14D
:1000F0001667BCEED73558919CC84A49161192C66E
:10010000CB5BD5DE4C295D5848C33E69BFF2E95C44
:100110002B87C8FD98691EB8B6F26B8979C633ED96
:100120001AA976C01C04AE7D8803BE6FB31201000D
:100130000070227FD55DB1EFD8707154A67FA1E128
:10014000AAA843EE154D8107480EEB692DF513E083
:10015000116B710FAC89913F30D3C913A392B407CF
:1001600076BF8154DA557FAC33BA0988D85E5036F1
:10017000236EE62FD795F12A4C26E2F0A393236C49
:10018000DBF01FC06454A2C35FCB99437858B9E237
:10019000FFC160F1F591FBD1FE14A3004E9A841AC1
:1001A000BBB7B5A7580650EF9E80027F6E5F0B3439
:1001B000C35692D82848B5ADC5540AE8BDAF24E669
:1001C0007F896FEE0EE8F361E5CED4C3E1E407FA70
:1001D000983138F1A383CED982B866AC54D1856802
:1001E000566CBFA414DE4C62EE26FEE41721975B2A
:1001F00012F7AA738CF479E0006635E04C8ABC886B
:1002000017FFBCF1A8D3E1ABD8D589007709DAACE8
:100210002413CEBAF9E1F013D8234E5FB65C4643FF
:10022000BCD26F038FC1C3AEAF5A414B8055B6BE2F
:10023000F0AB0E91137A7799FC1D7CB20FE31C8C06
:10024000499D37120100006DB12F750D97AB68778E
:1002500059ED907B52EE6CB1A2CD1C737A904DCAD1
:10026000106361D05DA3DA5BD467979A8A34D8466D
:1002700099FA3FED6FA6EDAA08DA6F552126C12B3A
:1002800035EE452C00ECF5F494053EE0396F813DE8
:100290005D284DC2454A0932CB9158672272CE95EE
:1002A0005B3FF85C4C8167A3F8DC3293682220EC5A
:1002B000F0C81DF18F9E97094307D3CFD1C2CC74EC
:1002C0002010C2AC8260C9359537213EAF733B61C7
:1002D00006BE06A8D125D2FA3C47BABD62CC100BA7
:1002E0006F3D6765B5E2E3927F2069E03B96F4805D
:1002F00010A3E0246D67D34DD3D6782F45C5934224
:100300008463F141DCA0ED9B13A1E9D9689A8E6A60
:10031000353B646DBCCD95D476935046D7DD6AB835
:100320008CDDBBA38376D962F7502D6FFAFCB656ED
:100330002D5C50D20D33342002CB5D75FE5BA315CE
:100340009FE633690F53014E55180C4ED0FADD3538
:1003500054220D264D4313CE5A12010000728EEF27
:10036000474A47D55488F54EA289EAA84A37C1F6CC
:1003700002E37E3B3C60B25226AB5810B151076796
:1003800016C4A56C1BEFC8AC30C266A89EB6451556
:100390004AEF94BA83D878B9A4C5EA13010C4D8FFB
:1003A000A02F468A85A1E9C5A422C126FEB2B19933
:1003B000ACF2F05A0398CFBC6804146AC3CC6F291E
:1003C000B7AB9335CBC3832E89AB371ECFE7396FDD
:1003D0001B043A07C670E0D5369757AE5CDC687BE5
:1003E00092519F4203DB69C4FE780F9882E7477FF2
:1003F0003CEE4D657CAA48CC5BBBC06232FF077BFC
:10040000EAFA6F11679D264B3E51B399516243DF63
:100410003F74DB5EF8FD935398C95783DA22F74C9B
:10042000C4135665ACE59E3934791026FFF795D68E
:10043000792CE79F983F4CE1BBBEAE3D7074F06BEA
:10044000A38E9E71239F2AF81252638EC61BB64656
:1004500008E81C9D18B33FA8771E56B225B87DF05A
:10046000A0CD9A5128E5A2EAC14150FFC1D81B1284
:100470000100006A235D128D371F368469B5845EE2
:100480007ADCECEE1EF13F0DA2A70F341CA2337DE7
:10049000FB1DEE5F23A85F4493D07BBDCE5D9145ED
:1004A00088F892CB3EAFCBAADFA7698241D6FAF398
:1004B000A60284E3D1671F517F05561A3444623285
:1004C0006FCB0C2A59623C66D503677F7ED65CDB16
:1004D0006CB37FECF7501888AD05C93BA3A1584217
:1004E0004C5BE57A915A3E415BA2B4F7724051EC05
:1004F000AD9095AC2BDADCFE30962471CC231ED661
:10050000F3A54571B7E5037A9BFA4368CA9E49464D
:10051000BA28698BE28A3CF111EB9BCE3D5FAAF4CD
:10052000279B3200416F3D766D72C9035C0EE1522C
:1005300058EA30EC30BF46EEC0A238F9DBF4413265
:100540005EE314A5CD09748286D7CF7211386C1A78
:100550006C9E85280E02A6D9D71695C2A5F0041365
:10056000386A35ED62B99BCD2C9717B427E402DBCE
:10057000BC350701B0FCBBA967E485F995941DE182
:10058000157EAB75A31201000016617EBDD52A2C25
:100590004320C5E0F5A67EC55FA08005AE010B1B1C
:1005A00004A2EC3775FD867E146B56E97F88A0B1F6
:1005B0001A6E79081ECD4CCA434D756559E237193C
:1005C0000708B22BCCD7C9ABA8B5E3387EA0A26D83
:1005D000DD96207C8F9250F00F6EF6CBA54E618297
:1005E000643065B20349B20D1E71A41AF566D603D4
:1005F0002788282698DF5C66A271869CF1C1766404
:100600006D16692D60C67FE7171C791543346E8E11
:1006100027BA99673A08BEF3A401D415B6B9D5ED47
:10062000EEDF35F6FA791E392D45EE265F24821568
:10063000088B5542C36A8D7E4206C1FDF04AD6DD65
:100640001BB75DC72976A6789A34AC9BB0AA9D5497
:100650001A90C494B4F8EF27323FEF5637ED7A1969
:1006600039B3D0A83D88CF3E0D5157368386CE0092
:10067000E134A531F96B3F9126BEEBECA8801F1643
:10068000EC5E598C9BB92C0BF757BA8C5213029520
:100690001305055C06908965F1EB4E12010000FF21
:1006A000979E2FEDC797E21CDBC952C00EF7548509
:1006B0006D4FF81C4FCF60E1B8BAEF07E9F7E1568C
:1006C0001A00851ADC9C23D9B1BB4ABB09B1BBA770
:1006D00005E0F82ECE2FDEBE121580B2AE56484F82
:1006E00096CE43318166496B8B12A12B553D334227
:1006F00004F2D0D9C32C1CEF1CFD136299BABBF5D0
:10070000A1A2D1393B456C4BB6F043607F7EFD52D0
:10071000B2F1A8BDB0649565A6F2980A11F26FE235
:10072000C5AC696AFC87F9B8A77FFBD4B4174474D9
:100730003E5A68A997DC7B0FA4A920BD1F42A96976
:10074000CBAB6C2B8FD85B777F75A942448FBA9B5C
:100750009A4A7EA1BB287C3DA6B136CEA5C7D62934
:1007600058D97AB7CFBF28B5DCD79A69914DA7176A
:1007700009A48423BCD4F474987BE336F0D4416498
:10078000A27968D93A05ADDB38680761E281ED7678
:1007900014FF4DE63C283EF6A3538384E84812D567
:1007A0002EFC57C48D5FD4C81DA61FF1D54367A08A
:1007B000BE120100006627AB3FEF90FF121796E0D4
:1007C00073F1D42943F2F873DE438FFA5C2235F7D4
:1007D000B467DB6D26623268F010D585963CF2F482
:1007E000BA1F213C5D101123741ACBAA382BA5C661
:1007F000D22C39446F58170A52FC08D570545498BB
:10080000BC03108C785BE5A1C54A6E199766824FD0
:1008100061AF518EE86FF2E862F587DDBD04CB83EE
:10082000985413E7A3ABD5B5F13297AF5983CC25D4
:10083000A4FA35C474BA7F01CC1BB1BCAF28EEF06A
:10084000EF027E93290AFF522CE5F725BB10495D84
:10085000A358DF934124050A228EADFDD0CE1B2F75
:1008600089117BB9135CCC88F601F46F11FDCE6F52
:10087000B7A9778E64AC7BF5C88526D70BEB3D1501
:100880003D8D86DFAEA98BED73B8BF445F141D4765
:100890005EE7944591E2E6C6809BB184CBC1BF5927
:1008A000B981D486A472C6E45B3D6618199BA47115
:1008B000197DCC3E271925AF99EC47517E87F33936
:1008C000DECB1973BB34C512010000CBB2CD33FEB1
:1008D000C35C9E127679B90AC3B1C9CE35496B9E05
:1008E00007BE33D0540B320DE48B6480135827803D
:1008F00007DBAF61D33F38082F719416882F173468
:100900004FD163CF2EEC8FA8B5430783DDB8D192CA
:10091000D393E4FF1FD4BFA468B80DA24199C74484
:10092000705C9BE208D8A1B382E777043DA409DAA2
:10093000964332AADF466C33C2F676DF8E1641F359
:10094000386BB18CB873D7760397122B1C52657233
:1009500065F4F17AC25115449D1E39C60D96AA8BD5
:10096000E24C2D164EB4C22FFB7BE2433AC7298BD3
:10097000D33FA55706D0E9F385C366E09186678B20
:1009800059E0E8C4DFD55135CE0961EDB6C924443C
:100990001C997341258CB31D8BD4095EA625466135
:1009A000C7263633AF2263743AB287D85297BD81D7
:1009B0008A18E0A373AF013394261793D53E87A915
:1009C0000797E73F9BFA3984F0B5DB0E2EC5C57457
:1009D00076B3C44E00BB330A2459361B17120100EC
:1009E000003EA3FBA860E8A29B4DA68A4BB4D4B2FC
:1009F000EED90B1B65C9FA8EE5120FDE179E9D918D
:100A00001D3FB38A5FA88E25F66A88BE27C3E83BE0
:100A1000A893A57D30D7AEBEEA5D722096EC5E2528
:100A20002AA24969B435469FC7829C4B05AECD8149
:100A30006D3D2A1EB84F5F356CE46C245FBC3D727F
:100A400098C7DC6D00896DD62347239AE5FFBDA6C4
:100A50005DAE8EAD77C034C9766ECD374615C25CBB
:100A600083E7269D32C35CD1BF999C61E56BB39649
:100A7000F66ADB8E4AD2E9E2C66EEC1F7A8027FC6A
:100A80004EEBE14C4558FCF5D244ABBD6B9D6FC0BD
:100A90001D4287B0DE9CE0D03965AA5EDF1B5E0D8B
:100AA000FA7B582EFD81808FAC569BEAAFA6BDDE47
:100AB00089A9680053A8C3B97248F761C033B6E981
:100AC0004654214E0A040CEA7BF78BE3650BCDD824
:100AD00038C4649AB09A4EFA45365619525555FCA8
:100AE0002F439826717B6252E50626B499425F84B3
:100AF0003204B5120100000ED3B520455F82098F84
:100B0000B407F4E9471A0C7A0B96C7058CDE1D2250
:100B1000DD846E8A90F8D5719B11A8E1A9AD2E03F2
:100B2000D830C195C03184427B3D67A2B38F023E6D
:100B3000E8701C8F3EB5C67BA373B846157D26842E
:100B400070FBD84B20027850EB5C8DCAE9B0B1A3A2
:100B50000BEC08804341C64FA8FF69DCB03A5480D3
:100B60006F6DD4626156506F284D711AB96A8B054A
:100B700028DA4C418792D631C5B20D253297AD1196
:100B8000F5346EF08E237F201DD5CEE3CBAE54C856
:100B90007A4854614013867614D08583FF2E9F4097
:100BA000F1A7195666A5DFDF6B0FE22A97C048143C
:100BB00089DA80490EBCA15B375D1DCC4E7402E61C
:100BC00051C4322EA450E26546F32E5AC07C3A55E9
:100BD0002E02BDFDEC743C2BE2B9219E2006AD2710
:100BE000A8A24A41ED3C16C397281A6C84924392FE
:100BF000C7838411482E59C2BD7A0DF67FB560A314
:100C000055BA2F72D99BEE812612010000EBAD027E
:100C100076AFD855A6FC4F519167C6A245DDB31EED
:100C2000D14E03FFE111186B06E6F798D1D166C1EA
:100C3000422EE0D12EF15257781386B52AD47A4C41
:100C400031B5D8D778E939EDA4735B9DF6AF415C37
:100C50002E1FB8E6914D367E6C76B5376F75DAC0CB
:100C6000836DDF3AAAF7675BD21B3F494F1CD582E1
:100C7000872E9ACC75ECFE930D5FE0558CF18C6459
:100C8000E94A7FDEAE661662090D1AF28BAD9EA3AD
:100C900019331D6E96B85E1FE332ECC657372A2B08
:100CA000C10C59DD190D84BC1246BED23BD67E5E06
:100CB000DBE2847F9DDE1150DD6E448E11E75160D2
:100CC000E863C964F7CB01D6CE49A9561E64D10F9B
:100CD000114BB323A1F7BAA05C05DE97B746033CDE
:100CE000C90C10C9B16AB031A1992A41D5F2B6E454
:100CF000D77ECB00A4818A6E5BEE0AB43955B07200
:100D00002559C958AF630CEB70266D0F1D4781B094
:100D1000A8E4767593E7645C2BF88ADFB9DBBC1234
:100D200001000027A3E73B982D44F4A858B057D5FD
:100D3000AD7DC8F15F81676AFFD9126127B8EE2DDA
:100D4000A6552E523C93F10697F5468B398738EA23
:100D5000FBF87E3A9321D82C64573CB7CFAD455C65
:100D60006074F6C7EF02909F77A6A5CC6B3C33501A
:100D7000CD2093435E5E4F81765CC584550414C9D3
:100D8000F7904500DF253A25CCA06D12E5D38E7D86
:100D9000D42D6A1C40BF64BDB7E05BC23B642DFB31
:100DA00098D38D63C3FC07E414C3484FA4D8B5801F
:100DB000FD1B3F46287CD6790581985CB39C9861E1
:100DC00039CDCBE9C14DB74185E34D8AF173172089
:100DD0009F1676FA115266E82E236A30ECE1777599
:100DE0001F0446785CD9652C383E465AD08E2A704E
:100DF000939AD5843D51530724E81156C2B9461E33
:100E00005D051A755C4D0FBFFB2706C4DC756D11BF
:100E1000B86192714FD732FB49104A27573BDE1D0C
:100E2000EB2AFDE3AE077B73D32DEF9F08FEE4852D
:100E30008F3D281F5A12010000E04B71123940F813
:100E4000987D37ECAE29DDA36B50D01F2C2DD87CBC
:100E50003A4A189D7F8608D90F40437D1F8ADA7D64
:100E60006B65C73706914C75D57643B18A6ED0A4B1
:100E7000859445E6E04A5C7D55E152C7E28C6244C8
:100E80008A21BC9733FE6E53272FD9FF6144EE723F
:100E9000A61F64B624169DF2627A891DFE0EB5D98E
:100EA0001F5626DE92C1EF3ED75AE828C7B62F5606
:100EB000B38C2EF69021CB0392FAACD11D80124058
:100EC000A08519B53746059EC1CC026A91B8CD02FE
:100ED0004784F34928D6409A3CAE2CF65B34E11B9C
:100EE0004BABC75143C6E3BEF7B623905608174530
:100EF000AD40A76C0E9121E7A16E3162050B9B6E90
:100F00000CFFF424A2805A21B174A0D5358D0CBEFB
:100F100020111ADBFD3DED0831E3F23C0D99284923
:100F2000F40079138F1F562EE32F3640AEEBA0212D
:100F30001EBCC4EF642C362DD490D6100AF6F0A453
:100F40008E58CB4E8B20CCDD815C041201000068F2
:100F50008A30DBAF9133021086DDE8980C93591B81
:100F6000B1A24CD7B03ADFBB6EC66C8895AC6D3978
:100F7000439BC311606E21327E1525B281C18BF176
:100F8000EC78601AEDBAD277C2011ED32F18236D08
:100F90009296C2258F2154A42853E4F389E4A8EE45
:100FA00092D0577456C9CE61A2655F685AE1B9F014
:100FB00049E775608AF048666DFC83446D38B12658
:100FC00025421A23B7F07177179A6E181AFAD105CD
:100FD000A0FB225381761B93D441DE1C0311003009
:100FE0001D8763361F59D98758AAFBA66CEFBF250A
:100FF0003CB9F900F143BD2E00B76C12A77C88D72D
:10100000DABE2445B378A4A05313C11C9EDC939987
:10101000026F4FDFC04F1E6188DB73740ADFACAA1A
:1010200060E73D0E78B7009E66A0CC216AAA0AC58B
:101030008A00E1B60A3BDD9705D53C99F24744E8C2
:1010400029A49348BF34C38670158B08D8ED2CB102
:101050007FB5BFE6933CCD57AB38342D048E107C62
:101060003A120100009913E6A95B6ADED275D2B884
:101070009E67853010E7B0B7859F7CD4E879C912A8
:10108000875582664D92BF546C6C80E4D886620AA4
:10109000DF3F73D5E2C387DE66670B900B73BF2615
:1010A0001C221E0D970DA4E3C4FC22FC9F90860118
:1010B0005CF47DD9495F1E505491B7D79E373DA24D
:1010C000C279CF7F679CC623975E537C9CAABF8A58
:1010D0006FF9EA7F589F43463027879AC1AFA1A88E
:1010E0000D8D7B10E0F3103998699A7A6939E823FD
:1010F00055932F4D628551076AFB4E17EBAA2CA919
:10110000A4042FB025047FBD4B2E74EAECB7586AB7
:101110005391DF6280C0CC56A56F662D4A190A0E26
:1011200044209BA34691BFF85CF6A45A6D3761BD7D
:101130007600199872930DE195DDCEB3F551557196
:1011400014B037B83616995738908C809E53B6D560
:1011500089B6CD7DFFAE8272F1D386E0C4D7329CD2
:10116000DEFD9FF148AD0BD05634D8656EEF01011E
:1011700047C356A800C7EA120100009D0DFE014FAB
:10118000B97706479B96A8077DD5252AB7FF8CD649
:1011900076574C42B7E28837656CEA9E0176CB728F
:1011A00044BD143F9F9CAD1601ECD58339DA176816
:1011B000CFCEA02AB95A9B1CDE85CB4C1A7604EA06
:1011C0004DD7013B2BF873747DCD517D2AB6ED7957
:1011D00091B6621326B178F41E9D5F43EB0659F178
:1011E000EDA51A4F5DB340F0C1041152520A7B3491
:1011F000BF10DA4373B59905C1D1DF2248BEBD6087
:10120000AF0D9EAA3204A50DB4BBEE91767FCEEE53
:10121000FE459252C3AA293749D9CE3DA1F6D572CF
:10122000BAED5FA195763C57539AB7F736994428A3
:1012300074E9C3A30E36A6672A28CE121C81BF9676
:10124000B5563C534635ED36B94F48E09D0936F763
:10125000B0C425CEA62269D7D4F477B1C3A0ED855A
:101260008C6FAB2DA34CDC4D9E945B0F2840ADB62C
:10127000E3AEB4F1D48FF391657BE90FD59CAE6CEE
:101280001801DEFB0FF3A2C133AF33AA3412010001
:1012900000DE5BAF60267E3E91FB6F7E0D51AE801F
:1012A00000CA609E3241D0BF548FBC894F6B8E768E
:1012B0002D73559278271A6BE342EA9A69CCC2479C
:1012C0001024D8DCD2047293BA3074550E99ECFC19
:1012D0001F60C74400B48D64D6E13C3C7D58626613
:1012E000A8469D2EAE1CD1A3982222D9FB01CD0C7D
:1012F000D7CF557EC94227AA1AE57C889EE57F266E
:1013000003FDC3BCDF3DDD5AC7972E940575940ECF
:1013100081479A34914DD34C856E700AAF7EA5B744
:10132000CE8DF196401E6C8E94F159B7253EA7C321
:10133000E4C0DBB2CF1758D20D59F6C8C4EACC3995
:10134000113EB6DA93CA015046E0EA83A034BE46A5
:10135000EC7CDE4E5ED003DFE516CF1C0C39455227
:10136000DBECD77AF82DD5EFEC96F9A75A823295B7
:10137000EF11DAABF875B69D0EF424B3D49F538BFE
:10138000E0DCB12468B22E0530552A7B6C41E02B9D
:101390001E53B163916FC6EF65236BF1221C44E9C4
:1013A0006AA5C61201000062080EB98C43FF39D24B
:1013B000092DB8A73906CB1C9484B799A86B3D02B8
:1013C000BC567C6BB36DCFFEC70AC97B78D4C6BC54
:1013D000E0A41F4E602FDA2D3680AB08CBE0885892
:1013E000418EE80CF443DABBF28AB4C3251A45D126
:1013F000D2B4713C445BEC953A74F21729636A707D
:10140000B120A0030919807F36DBB32CEB59CEE95C
:10141000704E6E94B9190DDB41238B4C644C5517FB
:10142000D8468EB0B8E7039274251412360F75C1F2
:10143000EA0C16F4FDFE085B950DC7FF3ADB4B1A6C
:1014400000E0C59D8C8A254FD312F06F74BFF5B4B0
:10145000DBC7583E8AA8B246F0DF7E59BB29E53E7D
:10146000CC6BA286DF71E0443748E2CBB4DB734338
:101470002EF83640765A8EE82C3924335836446399
:101480007875BA0B1E29C04C7E09DE70C54D8D8B58
:1014900001D811F946A6455AE3C1A0603FA3574FB2
:1014A000BF4C9B84F05208FA20E7B65A169F599217
:1014B0001D8425B71DF08F6F18120100003B92604C
:1014C000B73E905DE80BB6DB8733D151B9D961CB1C
:1014D0007B0374D1952B29851CCDB2B4680323AC52
:1014E000FE5BA03A708A827B841020CE43530613A1
:1014F00087E40EA046BF41F77F0FC4FD29774C69F2
:101500004E983931ED58CBC476A855D4AE7AC25036
:1015100051EBE503A4D1F7013897B81024699D4F2A
:101520004ECD1B4941ED292524D97EB2911B94391A
:10153000F9923DF7664B64143D55147834EA639F85
:10154000E306F1C15A86ADE5A57F867A51AC0D78E8
:10155000EE0B9DBBECE4180B66BB4E254FEFCB2F7B
:101560006DE78BA4C0C5A18B4B7D854C144A790EC9
:1015700081A33FF595FD5CFEB328110ECA2C6FB810
:10158000F563A6B9FEEB53CAA59A84EFE28C8B42B1
:10159000F18DC144EF7FDFFB0D323A4C26AE74383B
:1015A000C849AAB507490300214642AA42BB95454E
:1015B0008100FAEEC7A5CA6E5E0B8FA0CC6EFA85CD
:1015C000AF6823EA3D89E319FBE3AF287FB57C12BE
:1015D0000100001003CE68644EDB420C54DF135A46
:1015E000681B13A0A6F7041513128E69B3FD9A3871
:1015F00038A322AFAEA029170413D9059A7402ADFF
:1016000017D02F277BDE9D9F72633AD3372DEA3F99
:1016100021FFD153970870817DC2BBB9154DD79E6C
:10162000E0197DB137381B4187053F8F7D5521F685
:1016300019084A9FA8441E95C88FE46C39931CD0A2
:10164000AE48CA7D06AE109081C85F08924AB79333
:1016500043337A7A70162841CE79333D5F8B214926
:1016600063DEF4773458CA61972B7CA9D15BA54D12
:101670006E131FD540C45CE3C714B27EC6DFB57DD0
:101680001DB32960453B21DFDAF7F4E7A6EF499B5C
:10169000BF873FA9FF93DF6ED26740FD90E564EE00
:1016A000C1232862231F7CEBB663E78573510B418E
:1016B00024837195123225CD016DF4910A859264CF
:1016C000074D512955CAB5B628D4F1F1A414A52067
:1016D000509B8620B37D9F803F5F6B05D46A239B20
:1016E000CF0CFB405412010000590EFCD950EB4CBA
:1016F0006F5B7933B58E6649D04D733E328330953A
:10170000524A459EFD133F38C56667F6DC16D11276
:10171000D2FFF93F0909D1613511477A1B3C49D500
:10172000D06A0B10C54A292B5A71EC4FB04E12F9F2
:10173000DA082DD8EFAF5B0E277B53F84EBBC6A25D
:10174000FE9B466283D89E54033BCF37C2977D23CE
:101750001E263BEDCE5E079D13F32D5BA34428921E
:10176000FDD3EC0732210C29500ACAF1FDA2E19207
:10177000DB8A7FCCF14B83E53BD5171C762418160A
:1017800071D719797B596ADCC62DABF2DBDC3D4998
:10179000D587176C513ACC8451121CD7A54613D269
:1017A0005373771C6DE52324E28E229B04FC1BB14E
:1017B000684695E14F424F3668833D2E9DDA2AB246
:1017C000631CB07ED20DBF22008AA871F5EB676F53
:1017D0007DD86CBBEB8031FCFCA544CDF700E94E15
:1017E000AE323E8FC307262F5E9C15E02FA7FBAFBE
:1017F00098B5EB6EC2A8D59D1FC57112010000CF30
:10180000C11BC1CBE555F7E13B27D33D4EA00243B9
:101810002D8B12C3882F0E79AE930A3F238B9A46E5
:101820006EDC95EED789D920312E1F523FA090AAA9
:10183000F06D326BAF24B0E6F278A7AADB64FF1636
:1018400022FF8406836E687FF2786C070BC8CD1187
:10185000209986824B9FED817C126FF628EB1999B7
:1018600041377C1440CCC86F97B35692EA6C450F51
:10187000A598C2D2CBBD1436B662C43004794CC030
:101880000997A0971635820274CE03A94D22E15E16
:10189000B10B0087B740F603149ED6197278E0D8D2
:1018A00012A600D6F360798A5E74B01C81F8BFE698
:1018B0004B455435DEF1793096EC507406CEB7DCEA
:1018C000D5DD9EB90AA08D469B08D9E665B51FF403
:1018D0000F64648753E3E73074D89EB7E711BFB84D
:1018E0008745A2D647A9E0465E0B1D227A04B2CFF7
:1018F00086467E11E1BC5F26464E4B6AD62628728C
:10190000A477641545DEFBD5DE5CA175438DB5FF7C
:10191000EB1201000079C02E9651270F230A95FE85
:10192000A408102ADC333477C888CA7F82E4DF5BDE
:101930002F1C8B7A4E2219A6F0D4A495DC35830790
:10194000F31F03561853AA2C35DC4E219DEB2F3183
:101950008241968E9488AC61BA4C38DB7ACF2D33B5
:10196000DC19397451D05AE3FB7E57525AAFF33821
:101970005867419E617930E3A559E3D31A4F1E4F52
:10198000483E0AFDECA9F0405E742CC6C18A0D7079
:10199000ABB31B804AE5E4D9E0FD2D057D16ED9241
:1019A0006221D0F48145E43F4D8A55BC189965FC0D
:1019B00086CD24DB4903B9A2B2254C40DD59440051
:1019C000B075246595A5F4149E9AE2A977A36EC01C
:1019D000562E56BD6458FADDB6FD1239F28CC2EAB5
:1019E000E39354B3027F909259931E025F85B559D9
:1019F0004E5EE19B442FFEB593B64A98F8EDF2DBBC
:101A000044CCD06445F6FBD59A93CEE63E11650CE6
:101A1000F672147710BCE1698352FE557B6EB42FC9
:101A2000BAE9B1294F0B8712010000F1083FF61502
:101A300034D54C4BE75DB411A5A796CE007B07B516
:101A40009A6F9D04EAF23D8B230D75634BFA32E1E8
:101A5000FF4E8E01BC6E0B3DBF623B7B7C2D6A0648
:101A600005B1765EF180BC4B6CA94825129820EE3A
:101A7000B9BBF25BD48CA23C6C49A69FC0C9F98566
:101A8000E131B9BFF35A0450F25FA5DB15A945A1B6
:101A900020560D388936019C01ED98FB290FA034A2
:101AA0009A23615D1F3E0CFAD206BE4E7931A2AF79
:101AB000B7232D32AFA86307AA02455FD77A9FDA12
:101AC00078127A32AB8FE0DAA514C6727CA8C86AA5
:101AD0003554B49F61435DA383BA4CF0560D9E27E5
:101AE00000C71F6182CAC802F292F1766CCB247BD8
:101AF000CA95743A98F10DE7D6D730C08A1797582F
:101B0000DAB084F844B0D64A27503E4ED4F9133C9C
:101B1000D3EF041B475F5210A1E5DE33A2E2F47756
:101B20005A5B6B0B5712F2DA0D68A6E3340477A9FF
:101B3000450D849F644F81F3B3AE0DDD7B12010030
:101B400000E0C0C0E3D52D5E907D47138C07925016
:101B5000F825F4704BDC187021E285F1F91323208D
:101B6000E57077E6BB38CB03E3526E5D80107FC72C
:101B700040AE9403CD7033432D4FE6A665049BF62B
:101B8000F75A58C2B017508809534BB373AFE98561
:101B9000AB3B882AE4C847863EC7EA0952C2A2275F
:101BA00095D9502C938428E640183A6FB09B03BF18
:101BB00024C1D920F07B0F2FE76F64062ED3FAE7FC
:101BC00064AF14214E300042D6A75BCB26D8628A80
:101BD000A7744E5899FD907E3F859E86A090DE1298
:101BE0008CE38B62E7F5EDEF2C37BD88656D290F2F
:101BF000948B89CA869DE8C06A9A3BC93D254CAF43
:101C0000E97D5BC405ACC079E2E89FA18A6DE1F093
:101C1000FECF83AC5726DC7662D9C3EC26D093BCCA
:101C2000F8FD256F32489E794D6A10BC323D237B0A
:101C3000F9051ECEB855D58DE3F47ACDCF8A507B09
:101C40006B2391ACFFE9730B0DACEC0856B0CBAD38
:101C50007A0EAD120100008F8765C2865B3BE44FB0
:101C60002A0FA01DAC33BE8F535DC634135D382BD5
:101C700092486C2B01801334720D76BDD9279F9D3D
:101C8000003C3A09A2E0E73FC295DC0DB6C122B3A1
:101C900098CAD0A6F3BB4F308666858D10EB84B111
:101CA0001CB968C45F294B6C66E472DB6590B5D9DA
:101CB000371F1C29096B7F2C45693C22F537713D84
:101CC000A88AB7F420CE789AD4BC8513CBDF9CC108
:101CD0008924A040EAE32DEA3E4456A3807C3BD40D
:101CE000A0EB6BFA21A3E36C580C29CD4A375E4C6C
:101CF000289A87E0F9AF909F7DAD97243D422DFF54
:101D0000813A4DE3F3A9E56E27198753AC6511F4C9
:101D10002F0BDFF7E0A20CF0B4F81B7045DB7580E9
:101D200083D878B1EA35EC05057C974FAA5206B7FF
:101D30009C474134108F318D848729F25796724227
:101D4000F188F4464488233774F4D944B9F783BD45
:101D50007042B4016BC793843A36A0EF936D17E2DB
:101D6000CA0F54FC06FF4E67C912010000ABC596AE
:101D7000F0F4804B365D2B371C0649BC66DACE1A70
:101D8000D0D37B21E982E9E23F89D301786902ACB3
:101D900088B8F227066B97B2E748A5D9E6D05F4D21
:101DA0005F875C5A6B54CB3AFB4D065C315434CEA2
:101DB000616DD960FDB93C71345DAE76204BC6C40F
:101DC000972698B16190725D340BAD2E51AD5517C9
:101DD00035F7724C45C629F087625511CF35044955
:101DE00048ABAFEB8E2B7DC914DE3215FFA3D9B4FF
:101DF0009A3DF3233F04A964E81B770ECB5491A3CB
:101E00006359412094FF39487711F37FEB4988C12A
:101E10002CFD7B4CE44C8A29EBAD7CE1923CCEF26C
:101E20009234CE374AC1E15EA2FB00B93A39E0C034
:101E3000A54DE455C71E3C5EC5ED35A95BDA264CC1
:101E4000E3B6B82D8249D44E3BE36D42EF275A4B9F
:101E50007A72D29DD1BD0A3B2ECADD11CB09DD2F8E
:101E60007E7A10D14F9E4E730565E39E85238AB915
:101E700004E80941087D0BC1026DF234402B3F128A
:101E80000100008F1B6FD3CEBB4941DB47250328E0
:101E900076EC5F50C1799FEF0FA920ED08C1A747ED
:101EA000B50ACAE1130484CD94EE04C5C3F1CDD6BE
:101EB000F0C6EBED931AAB924EE6C44110157DC609
:101EC000200E08AC2A6C777B0224669B4195ED13AB
:101ED000A5E73F3AED2F3C17393BA4F16C9A0294E9
:101EE0000257C9AE36E5C3E07FA351D12F944CC34E
:101EF00040DDBD3B6171B1B75AE5217F31B86976EC
:101F00007B58ECBF5040BD2B8E56A576FC1AE7F2ED
:101F100064571F57E3808EF0C6D1A7F9021F7835AA
:101F2000C02E12E2D4306585224C556A61291B1DF2
:101F3000AC34150D9455AE1481FCBC010369EA3F25
:101F4000232D8AB50CE9A4605830329CDB5E26B3A1
:101F5000D83E6E2EE119613754008C9017037254ED
:101F60002E02EC9083D962C3AAB772748EC409F1B1
:101F70008E82468B583045B8D5C8E6C855AE38A9CC
:101F8000B0EBCC5B950A23A3BDBDA87BB85D02175F
:101F9000EDF09546DC12010000CED4C26A3D153644
:101FA000AFD730D33975617F51405164208F94C6CB
:101FB000171CFDEA92A4696F88566FE43296D5BD6E
:101FC0001B85B92A33280DF9DCD62C35B8FF60ED16
:101FD000A94D3FFEAB4E5D851A2BDC383DA2D412D5
:101FE00050AB0E06DBB5FF4E268FD53B673DE35168
:101FF000E19DCF9378D2C22C2752B58C4E4F97B229
:10200000FD9EC293C3601A3D4D8BC9B23952DAE3CB
:102010007D69B8343AF6B763D84C3AAC272D1577BA
:102020006718184044059078FE832CE3DF0161A611
:10203000A875F78C8BF8556C8C79D679C6457630B7
:10204000EAFDB1AD4F8853539DD2F16439E25A5144
:10205000AFB092054E88CA11FA7353CA57330CD5E4
:10206000A1A297E02197BCCE92C64C5499ECD2E540
:10207000F444DA98001E349DD8438314702D83ED08
:10208000DC338C43175AABAA7CD8BE596399FB5BEF
:1020900036A35CB11EA2B39C8DD3F9C7883B6DBC3F
:1020A0007DB1352A998A6C7725391612010000D541
:1020B00090D8A32A19151124E69BD9D7D2B72FB5EA
:1020C000DAD4073A9B91D12E32F8EF151934FF4A32
:1020D000D939140DF5B1604B1724DE543E3412C3C8
:1020E0005DA97D5BA941A89A39D51ACEBC0AD68FC5
:1020F00015A68627500347A07A38DB7103859BA875
:1021000052EB5248A904326B0ADA4131C839946063
:102110002816E9C321CE4228CD526AA1F8C80CFA8C
:1021200002EAC777C980C6B04F638F210BCA8CC73C
:1021300040A26A7AA10CD8A44061F51BB2F8038FC3
:10214000189843D8F518E6DB2281174C38DB7780E6
:10215000CB38D2191313707F521B929EA299035F42
:1021600026A9C6C48478ED167D5DEBF6FB542E548B
:102170002CCA752B9DB29C7B22A1F5400420EA3A23
:10218000907B7D65E8EE472902F49A04DEACC6BF79
:10219000F6CD6209212692BC254BBF2FAB9336DBCF
:1021A0007B78A4B28E5FE89E360D9310E69073079D
:1021B000FAB265285A8532B61E6FBBAA90BAB659D4
:1021C00051120100007D805F3B74523E5A42431E13
:1021D000C56968F3579C226EDE9FC1F7D565414201
:1021E000C5CD667A38F971B58E90F1D7ACB863F089
:1021F000577D4645262E5C6C8B820080B1D648FF09
:102200005101959D3BCA02ABB7E979ECCBF692D26E
:102210006CC4D4254E799704F59DF592C8C8143244
:10222000D275F94E191A95C1B56A37A2E7788D2291
:10223000393F00039441AD0CE920DC40352534D210
:1022400057C3B239D3DB5457DAF9B7564813934A18
:10225000D963BBCA3CB876F65578DB5D8C310BFA96
:1022600069476B336C6CC52A75C63E5CBFC34DE2D3
:10227000966AAAA96DF10153131257C27130E9CAC7
:10228000925B9D8B96ED21DFE9106C34B800DF7214
:102290006AE8386F644BF81E789FEC70DCAD58012B
:1022A0004A814A5CD9F34A32F6DBEDCC9B4F23D40A
:1022B000B2A0B1007F4127F9E7C3BFE7087B21D86F
:1022C0001DA24A166F2A8CE54D8D98DF7345391E85
:1022D000E0664E11511DC7120100000D6AD13F99F1
:1022E0007B8CF3831E88FE271979389DABD46D3023
:1022F00031482808D5E457AA6ADB060F533EA1707F
:102300001659BB620EC93DADF0DC24EEE6D35D602C
:102310000EB632D214E1E4B82190EF724CFE0042C6
:10232000F36392F6765E3AEDB97FE7244B8DF0F0D9
:102330005AB316C8A371B534DB31E9AB2284A17F4F
:10234000BA50535F0634881D0424881610083A409A
:1023500059DCAC999006ADA7B2F26EF1B687155272
:1023600075F7838FC5B024C26742E5BE2F89046626
:102370005574D486FBCAE1C5105310C9EF02032679
:10238000041C2E6CE496927129755201DFAA240771
:10239000713C3608A2EACCBC59F3E0A30470885023
:1023A00084B84EC794B4046980744F16CFB345689F
:1023B0008A019442DA974C41554B4183C7A14BE3C4
:1023C000E50863E4B583A24DC6D7E9415194CAF646
:1023D0000C65D97908E744D60A04E44D13A5F1C188
:1023E000949A9071A6B117C897F2762B68120100E3
:1023F00000ACEA1B06165ED0930E1711DFDD2A64CF
:10240000031F300E868E479A5543A4E11065CE20F7
:102410008102D2F1954B2B9FB1D618C9137061433D
:1024200053A3D7493FE35A6D6DF5FE2B35BC45B537
:10243000514FFA2FEDF49999B59374DDCF6D458521
:1024400024AA1F03783A7A1AA76E2ECF93A4EF8995
:1024500067B3274CE0EFB0E4E27780863DCD7B1395
:102460003B77FC44D9CD3C27C3ACAF3B2422A9C861
:102470000ABB74C8C61CD31FA4986B76524C6AF969
:10248000DFF8CB3A7754F9F74D734EC6BA022D8D6B
:102490001E6AC64000DC5906FC2C576AE63126D776
:1024A0003A0D009F85A2364DCD439384A965793CB2
:1024B000991A8D12FDCD752964F3766D615F8EE7F3
:1024C000DCA33447A17162612FDC1475AC6AA7F7F5
:1024D0008CC4B4A53A92307ADCE9327FC913AFC418
:1024E0001ED180729A1110B06E6419E0A20F2B3DBC
:1024F0000FD0776A9119E8C4AF35BB4C2C247427F0
:1025000016896F12010000A87031F5FC77733988C5
:102510003045E23A57BB323E05C5F1C47545482106
:10252000818C3C58F3F11220E7E4B5DBA2946854A7
:102530008261D71C962ACE2670E1E8C00C146D7C0F
:102540000AAC221140021CAB8F81AA232C40C24846
:10255000D629DC330304F21737B94B2CC826F70A07
:1025600015F58F27300ADF38E963D5FCDF5A9A3B2F
:10257000ACD4EB7CF9E566F5413F78EB4C3F75CA8E
:10258000ADF9E42562A66B930D9CD1CDC85C3A06EB
:10259000B92E038C9BE7C03FE964A77818A852C006
:1025A000CB2DA18D65E00675FB55C73BEB30948EB6
:1025B000436BC5BCDA3BC26604EA283F6E48990605
:1025C0000678E6DE211A202FA33CFE13BC63E7DE6B
:1025D000CEE3C26F77AEF4718C982B410964027B15
:1025E00053655C20ACE19C554E00A1163542247722
:1025F00003924495B94D99B11E29B5EDF4CC80C72D
:10260000B3FE4D02FC17E9ABF95EA68477F0DE98C5
:1026100002EFBD874FE5DE9069120100006DC963CE
:10262000751492034ED487320DB0D2B5EFB971B3A1
:102630003C912618B9BE72BB03C49D48D035F484C2
:10264000275ECE0651266CEC129C7C56C7E00B5CD4
:102650002EA3C4507C14A2A947348CB172027562B7
:102660006139260D11DB8357593F022F54D78FDB79
:10267000BB2B787371709F90529B9A33092D54979E
:10268000A06D53C7493C368D7C24719A75A8FCBC5B
:10269000E74C053D060F316DFFC705E2E58224FCDE
:1026A000BB40E0FFC4E0A8790CEE3C6919D13AAC1C
:1026B0000A70AE6F770DC4652651AB852DAD709154
:1026C00061609E207F622A07EF03FDCA7D0A449065
:1026D000E2DF644FD98C13F4EC043BFFDFBE423DD4
:1026E000CBE3ED905F30532E4E1B2C139C371978A3
:1026F000CFD7C6DAFECB2BD558A78D297DCF45BBCA
:10270000D2A0735F1A2014C811A0AA423CDDD37B6B
:10271000B0B1D4CCD7A979ED2E947A5B51476B70C8
:10272000FCDFE1FDE528927C1146E5D7D747801212
:10273000010000276E6AD5C8CE17FB516C7D97BB90
:102740003D094868F0214301DD1F029F66B772E929
:10275000C9E835741A94FF5EF46FDD5F01389EEFAF
:10276000B1CF500D198F760043D16AD147E856603A
:10277000A252165D84868CBF1892BF93D29759449B
:1027800046522D4956AC51D1770CCEA1E15CE87E82
:1027900088884D0734A6B60EF831C96E131834B1C7
:1027A000A0DFE42CA0E97B18E2F91228E95D548F40
:1027B00003A628EECBAF37F9BA4A7BB166A0EFC3C8
:1027C00039DE74905100DEA10ACE7A325E12AA562A
:1027D0003E1229EAE42EC8CFC4360B342C152754F8
:1027E00006221A082609D09EE97A06042BBCA99372
:1027F000AF7548DF6B4DFE38437930D3D50227588B
:10280000FFE56C93AEA6357C100F113BE50C6B8297
:10281000A10F650F78B85677846EBC46320DB1B201
:10282000885FF3BB51251B5BAFE59A831CFBDC780B
:1028300097D5950A407F5AE539AC1DA8647CF038DD
:102840007C148B33E61201000067C22CB3A02D204C
:102850003B8C41AF2DAD89AB2764147D8FD8928B13
:1028600030590365A77E68414509D93E1F97957485
:102870002FBA2DE6C9702951A356FD2EEB917D0785
:10288000B80D2B76ADC714D5E5C322CFEE44611940
:1028900027D304A39239352DC3B5ED0B44583E0020
:1028A00065BDBE0B1F2A77F0B3192B82325827C79C
:1028B00079866893AB343AD3F6EEB25454B17A3F8A
:1028C0002E16E4F352462AB17647231E2A2B8CF6A5
:1028D000690040A480C8D02CF323C8B1974CC1F044
:1028E000335AAFA30F1ECB75E391044DFD6B0C570C
:1028F000FED4961A3DA726197C0BE4DA2A65EB5D17
:102900002F2D9D3453D033B1C861E9C3DA4009D9C2
:1029100010C5334D1411957CAD739F7BF8B2A0A701
:10292000269A8BAA740EDABE92CC99121373E94FD1
:10293000D6A03386592CB799155199F00B39856576
:102940004F520F642003D0BA62D43A1058E3B3C197
:102950005DAEAF251232D8BFA24D9C12010000E33C
:10296000090F8CABFFD5C8E536DD596F4961075FAC
:1029700012A478E928D2C84B9511A7BE8C7BF93EEA
:10298000ECDDA4B3CF489B7F734172AE52771379CD
:10299000F013410DB2A765A7FD7817B1EC35AD86F0
:1029A000270A1C96F94D71B25C00674AF495D380F2
:1029B00058223311FED2B36E957038C5FFE09EB435
:1029C000D43404378ABA2499802CF9D1778F519561
:1029D000736B9D6C99150F45EEE58764FE77F005E6
:1029E0007221F32ACF650B414FCC98D0FD2503F817
:1029F00075E0C9B1DD3A497A95A903F31F37F5A00F
:102A0000893BDC2BC8C912FB53257F9BFC7B11DA69
:102A10005B6D5BCABAA9AE7046D50570B3CC63E8EE
:102A2000F51FC80124B3B86CD04CEA1C2C5B1C30D9
:102A3000AE2EEAB82CFADB0B45A68B6FFDFFBC2E41
:102A400037BFA10D29D5A5AD4E363420CFA8B6E9A4
:102A50001BFC89E5C4E7F32EBA74F03F650C690EE0
:102A6000A576F7156283B886F189FDEBFB0085A595
:102A7000BF120100003E3D80709B8447892067F5AE
:102A800062DD250683185725F8AB30AB90EE08D4ED
:102A90008B96E3F96F01A35CBD73EBCD684EE184C7
:102AA0000CC937B9D8CF37A0B1D10828B03CEB60FA
:102AB000EFB5E625CD0CAF0E3AA2D1BDF54837A053
:102AC000EBD75CAFA7F9DCFC5CB1DA18C633AF908A
:102AD0008EED8900AF8BCCE73BDFF68711801A1EA5
:102AE0007A51F4F2344C89701625EEB6CBAB224BFA
:102AF00087FB62933DCA1744FD489371D29739F71B
:102B00008F4DA65664B773230579E1765ED1B32560
:102B1000FDD45E07056869C3C4B0182174932E689C
:102B2000F5E352C3CB51188EC79BD8DEC90AE89390
:102B300074D88DB11AD978543C63FF97BA3EDDD66C
:102B400034D189303DABD93EDF168CC16B4130F7B3
:102B5000847F50A5E26B8C3E1345FBB5FBB72C4F31
:102B6000F9FD475CF4ECFB67D9F68ADB1DCB19E372
:102B7000CB9CB491793C688B277B178B6C758C331D
:102B8000DC002BD162ABE91201000081658630E8E0
:102B90006AB049489069AD610A7F133D364876A115
:102BA000A8BB0111575C2928D9CE2968B6A01A56AE
:102BB000B867FFA2F44AC74E99ABD2956AAAA47D22
:102BC000F96D6B5212A87EFE3A9039951B45845BD5
:102BD000FF6F6A52ED18F613BBDC00BF7629613E29
:102BE000F9CE86A67BA7C80E98D6943C3BABBCC258
:102BF000E5CF102E6292B27F442826F7F7DC4DAB6A
:102C000076EEAA04D4C06EDA89A1A1FF787AF157D2
:102C10002167E7D5D5184F4B19E6AE9E1BEF4D7DCA
:102C20009900B2ED5E991B6F74C17721C6CC5C4EE2
:102C3000E6D028366BE67BAE0ABBDD944F1ABF8127
:102C400094819F49D4EC0B4416258FF1D12E40C6B8
:102C5000A480459B08EAB22FDBD3A12A288BAE7152
:102C6000645DC2A9DDE1207B235D3A2F64EE7C39EF
:102C70002C5F6D0B941EC59AC0EC4D1548B0833384
:102C800049499AA919ACD55E6C73E79566E9571B5B
:102C9000E00DDC15EB854FA34A1F680245120100C9
:102CA000003F17711215E58312600D9128149FC221
:102CB000B49045897923A189A10ED7B2B5B0FADCC9
:102CC000BE1EA84E9A212CAEB11C57E485E1779A1E
:102CD0007CEE64A55533B8495BC1AA7A4F6394145E
:102CE0000ECAC1DD15BD4E22674056587D60DBE639
:102CF000486D5CD036F8B8C1010C0D5935D2700959
:102D0000FD9D25D452678EF86D155EFC08ED3114DB
:102D1000F985D5A1F9BF8B0F2B607C39A3EDD93C88
:102D2000B2CDC7861EAD304FCE6B61F2A9E6E7FD8E
:102D300053477808084D53199248FF7161339955EC
:102D40001544CE732DE24AC2C5A1DD1312357DBBF9
:102D50007BC30F147D31B41184EAAE82EBF3C6FF5E
:102D600050A5975868A80B6BA3FE528D728F32B195
:102D7000523AB81FCB5788CB024E47096D52337277
:102D80008C0618FD8C5829D29A5AF3527E8E44082C
:102D90002E1DB73743E4E3F89CCEC6114F6C67682D
:102DA0003C0CFA9608F2E445D95BA0113B438C6BCE
:102DB000B325FC120100003A26706E63679C6A31ED
:102DC000D0FD4FB66818535B72228D106FEF5FE82D
:102DD000A1A5EDAEBD5465E101F5F0F58FF4C13765
:102DE000F89AB912896D7A6F4A3863B92E5EF7C4C2
:102DF000E7EBB78E5C9EB5B25E97E8D4DF3DAB2DB6
:102E00006CD85E320A8B820D5EF241668F26686155
:102E10007A7C8742815F1057E1DA35DF9DF2177DBA
:102E200076155CC469ADA689A0CC0CC812B505C1E5
:102E3000CF6960B990E3FEBADDB7A87AA13229D391
:102E4000381977175623F5DB0CC101E8D771873B9A
:102E500027E259BE3B5A0F2B7FC1B7860F89B1536A
:102E600042033EE98F0CD2B9B4A0AD14D2B9B94631
:102E7000D8306D328FE16F630433D5B9382E9CDDC5
:102E8000F2C16C46B8BC4995428CFE87A3AE14B81B
:102E9000ED143B7DB8733A8A156576963B8A3732D6
:102EA000970B1D4413CB91BAABF6F69B41BF7F5AEB
:102EB0001DE538FED3C6DBE8EC252B49192E6CD175
:102EC000B68CFAD1FB95D9B4C212010000FE42A51E
:102ED00074CC0A9546DC2DBBAD8E354A7C1DD11BCA
:102EE000E11B3BB8784F6BCAD67C35BAD596B66332
:102EF000A1FFBF1C4B4D7CB33916A47FB439CF6200
:102F00002E7762E6309AA00005FA802DCF8C868954
:102F1000C155DAD1E2C785BF213579AE12DA245323
:102F200063963B4DF99E7A632A693577028087D78D
:102F3000A1F44565BA30F7E032EA1D81A04E5C7914
:102F400026B2E828AB9A44FE66A3D4F91052358124
:102F50006AE80542EEA62F4FF3CE84AA7D9B07AF09
:102F6000C1D5A58FD90042A7B6A91165AF38049C79
:102F7000A8CA07A10ED581EFD6A02CAA61242E3BAA
:102F80000AAE80F7CC75FB520C0AD3B30791AA8224
:102F9000152D1518E9393AD5734E3BA630CDE750BB
:102FA000F8F298E45E45CCB285DF2DE74A648A0AE0
:102FB000BF66B1F44C4ABD67A671DED424F7C5EEF6
:102FC000A50F3BB73B383973FDF6AC1B28A85365FA
:102FD000696C80BF82765D7119F61DA0051A5D12BD
:102FE000010000D706E1B82637D90D39AFAB53A1A0
:102FF0008D6A40D3DE1BFC8FF054D60DBB25D972F1
:103000007BD61335ACCAE9A3DB90632B4E94C6F292
:1030100008C9162E8C7C55D85DB197BB76172AF956
:103020009552AE6E74B0D0817D7BF4E7475AD0489C
:1030300059581A77B2F9FF03DD05AECD05D15CCB47
:103040009B46E79F5C01C98D55196D2D8F823441D8
:103050003E98BA56689BCF59CE4EF2534F4E081940
:103060008F9C43768B404F057A6AC64389ECAFA7A5
:10307000C54593CEDDB72C85808500B04BB57985ED
:103080006D7272801CBFE12DB9183716F5725B6A3C
:10309000AC65405666976035C4A185889179EF1478
:1030A000D42FC3B2584E960D24D23186EEA46AAD09
:1030B000FC026B25012883887F27AC30D2DDC2104B
:1030C000950B3DA3BA7CAA440D93729AB5EBEBA87D
:1030D000666033DAB4EE2961D85E88635F85EF51AC
:1030E000291CC3A700E43A39D946838BF3ABEBC65E
:1030F0003A6696304E120100004547B33A7CC34110
:1031000057309A0AE122A8D660FE92EF38134D1B81
:103110009634AF07C8FD1652CABD72E7EF682BB4EC
:10312000F88808ACA6179CE74F35257071089431D4
:10313000688E63DB62278E07F73F93CECF88BF6729
:10314000766C67FB498A1A9ECC3F7F3BCE252C22AA
:10315000D0D5B843C809AD35305105D7BB82FAA1E7
:103160002A18B65373AF84190415A1F91306B31DB9
:1031700023A47F547BFD07269983F533B812625A46
:10318000A04A15D9FA332A2BCA4FAF3FE10BB273CD
:103190009ED033517094A5863A0A59C337444EBD28
:1031A00041EDED36F675CDAB157591D5079137C468
:1031B0003219B78C647E7C1281E3C02F3151CB076A
:1031C000CF67CB5BC076867EBC4627D0E9A3BA55D5
:1031D0002A86127B8B50EE034AB548A6606E6EF3CA
:1031E0004B0F29FC95FAFFD06B0665B44676F028A4
:1031F00011014FDA2BD58EFD5ED4C5FF112BC627EA
:1032000083E84D22AFC7CC1EFC405D12010000E3F5
:1032100008339A6257F1A7D97D0DE1842B04FDE8AC
:1032200013A76CCD73310FEB40CA8D756511466FD6
:10323000C9F78111CB23EBC85A055BA053B0608D51
:10324000424C22C43AAC04A531E2EC2E70426245F5
:10325000167398718871FDE5EFE177608D937A229E
:10326000EBE4B3E1684816087100A2F60600D89CAA
:10327000EB83F60DFDC7D21A8BDAE32EFB0A0F3B68
:1032800071F7A5B432FB88A643CEE43A26DB9C1640
:103290001D9CA0480789DB733974D44606D968E2BF
:1032A000D988548FDFEDB9BF8BA8BF0D3430880E9D
:1032B000064FE489B60CBA81929654D28C1D31B770
:1032C000641D242A72E358EE71D81FF77FD924CCED
:1032D000C4B5F54BA155888728E5992590E6FA2EC7
:1032E00006EB1821CF61B03CF60648B2CCE0C6FE32
:1032F000FF7EEACF01E6261356A0AC35FFD614E7D1
:1033000055732E9E364DD732DDA6F73F01222B276F
:10331000E745E4CB15BA7DFB94FCCCE17D94455D9B
:1033200091120100005FEFD479C700C219FBD55795
:10333000D9A6C56636D8E8AA7A7854B17037DC3C8D
:10334000269B59DD4B9648B615936994E79AE6F3A8
:103350000AAC864A8A13C62AA706FFDDF45688E21D
:1033600020884A787FEA3E0F6954E5119B766865AC
:10337000BEBAC871CA4851DB5A20B3674D48F02223
:10338000D40A43D057B5FFF4DF312B96FD8AB8D766
:10339000B57FC0AA27CDE6A1432B6F050C8661FF40
:1033A00056BBBAFA3401A5F3850B1986E4E5C701CB
:1033B000470B9FA3CF23C2A23B0942E607F356D097
:1033C00031250C5E6C70AED21F88021229D92D33C4
:1033D0004DAA7EC5F6212F25FD8F19949BD2B810DA
:1033E000F2653C88054EF309E56B0056052C4C54FC
:1033F000690EA2997B4429C4AABC12E1ADEED7E3C1
:1034000097C15549893578D305F20011955CA12AF9
:10341000C8B2E2AC9D5E1F620CEC53DC394A2AE272
:1034200028EDD26C3B1F7E7DBA5DE90C9D7A46D0BB
:103430002E822633D6139E120100006E384C3B02BA
:10344000741F31E79B335D6E31F96955CECC33651E
:1034500064B9326F483BFE89E33079AE47B16860AA
:10346000929CD288520B8E48635B5B4A4E1460DAA2
:10347000A359C5165F14124F7A3F95A1730679FDC3
:10348000A539F6B2775223C44546F2B785D59C8F4D
:1034900095704BB168042396E8C099EC4BADC1819F
:1034A0002517A32A8576BB63DBFD68C061523A55B8
:1034B000701D8B642D369714A4F4BEED2C9DE5820F
:1034C00075BC8F851395B506F68719EA1C762F2BE8
:1034D0006993DB1C2F492B66A4058932CBC5D59790
:1034E0004052047BF6070AA3F88C2EAE366E633D7D
:1034F0009FCE9477439EC12E8021551F54AABF0EA4
:1035000014A16AF98724CEC69886E483C72DBACB66
:1035100048F124206A8D632A71C99C5F1F8A852720
:10352000BFE73344FF2C350C0E115BE41AC933801E
:10353000CFFBAD83405E49AF0390C367EFADC1A73A
:10354000693097631B37D4EECB679113601201008B
:1035500000433B1A49CBF4979237DC760ACA14F041
:10356000F1B24D9828012A337A54404AE059585A0A
:103570001DB36CA68C12E40C76D8944D655D77DD96
:10358000286867EDCB83F1EC885F4959A02FCC2CDC
:10359000CB606C195797B923C85C7BD785F5B4C24B
:1035A00052426A3FE3513FAF44B6AD49D1F0C2C089
:1035B000E577C8D317240266120FA04A60A0E6CEB2
:1035C0003614ED621B825105911C52A48A8D0E188F
:1035D0004939A452FE5513304C5762C2DF3EF548BC
:1035E000E6FBD806E558F54937AEF7602FB30CCCAB
:1035F00025CE6DEA2F3668342F0F6358B1DC4C9C12
:10360000ED104CE6E92ABFD1AFDC027091CE775BBA
:10361000F7F51AA9D9E9FEFAC3C5B4CD0553FA27BF
:103620008472C804E2151C097834A0A16ABA47D98B
:103630004E8C828CBFDB15F958B8B49B90ADE1FA83
:103640001C7FBC0F934FB4D97C3C8398294F204BEF
:103650009C652A4EFD523E9049B5CBCA9BCAFB10D1
:103660002BD70012010000970EF49DA891323AE189
:1036700006D4220FA24C5B86B511DF04528D6DC2B9
:10368000C957D537F282415259F97EA9531E856632
:10369000828F807E572A6B8C4C05B8D05C1B1361DF
:1036A00091279FDAC92E721451331DE1E9584D3329
:1036B000E4C5F34B42CBCB307E9C588600E98B456A
:1036C000A7F58076231FA16CC46A74BFE41D5289DC
:1036D000B8FAEEBC1738EB353B1AF62C7D18A2ED84
:1036E00075AE33A445066764641D3682B9195C0360
:1036F00034090895A2201FA26A277AA7090B2C3546
:10370000DB41CB4586E29A88D563C736E3A5D42C46
:103710004AF50E75C36D418D55F411AFAF300540BC
:10372000574C4292F28DD07F82B8424E7A869BE30C
:10373000E3E1B95E5A6399833CFFB119880DE43621
:1037400061F47F70103931993AA2CCCF79A53A86CD
:10375000028A176B2FF0D0D419E2E471DB78881657
:1037600075809FCB584FD5AEC7CA6B95F024AD5727
:10377000D1837E8AA18A144F3912010000218AA2C6
:1037800056382FCDB0AEE709E6FB9A9F4B986114EF
:10379000C281F9F00CB55CC34B02CF8C4696FCFDA0
:1037A0000DA76DBCF79E4ACDC657A2A736FC6D5932
:1037B000BDBAB28BE758B82B5E5D60960912DCA4E7
:1037C000FC3F6E4337014EA10ADA09CD16A31A4514
:1037D00069B6CFB0AFDEFD61B9EE22C64985FD7393
:1037E00073F83A4FCF42EC552B249EA51C29B6C442
:1037F00092C9F96D90650F353E7012F289B81B863B
:103800000F006B0D1AB8C580AD1A33B9788C9125AD
:10381000E512A29BFC0DFDA4128C82DA0750A007D2
:10382000007B6A0857DEBC3597091843E2E13D5B2F
:10383000E717E2AE4B764A8EE55A970403D7A90DF7
:1038400072B4DB8F5F862E500354EE731E9AF282A1
:103850003D337ED990B36523069B8B6AAA8A7A355D
:10386000654F5985EC45065EB3587A10FFA61DB02A
:103870001C4A33F80D02A0451372D17C135FBF962A
:10388000A397D1F2906430D11449B5E86D74171242
:10389000010000571FC7E0AC42E7EAB84BFDDFA6C6
:1038A0009EAF579CE0278E935FB2B5D6BE9309EBCF
:1038B000126F22CD08530E0633432BB233B3E909FE
:1038C000C963E2C3562AA70F2DD29FA23F6058D4E6
:1038D000FD553443E498E8C67E07AD3F84CC8E6F37
:1038E0003CBDAFF3C8931E92F9B754F586461A2033
:1038F000D415002CC6C6949F1DEF22FA3DED5155FC
:103900000E7E7135D1A583874AA4EE2A09E9D6CC6B
:10391000C822B6AB34D912AC147CB62FB40D71A248
:1039200069D48279C3A83FC599788837F1172EB832
:10393000035DB122556A2C9BA56743623F6FF76315
:10394000D206E0090ECFC44730A2AC20784CCD5C43
:103950003085304B00D4D4BF61BC8D44C8E4C183F2
:1039600060B7B06354B3D6A236B525B9221E20C7BE
:103970007873C5468B9D9FF71511BCEE312596C611
:1039800040696889CFB7329D0BBB2735811C4D43F9
:1039900000BEA1234E4063B539BC80CC03D107B72C
:1039A000CF4C7DECD8120100008FC2A0A6E7ADAFCE
:1039B0008527F23DBD9D6B6677F482AB5BF68F5237
:1039C00023DBD92D814948216155A26CF72E9DE654
:1039D00079700C27176D3420FF39595F460A4A4C1D
:1039E000B39D789FDE6DDAC5AE9992BBABE528B783
:1039F000D0D3663CF420EF55FA926C6F17AB831D61
:103A0000B0F6DBC08AA9FDA3A81C113D978400CAAB
:103A100001DAC3376AD2359FD81D4879134DD6BC19
:103A2000FB4E82EAC78A01A23345F4029661FE6A20
:103A300066C9C0AEF3B4D87639F84DFACDBCBAA792
:103A40008C0C308198903FD62F55BE2774726B2115
:103A5000A4F7E5BE903B8F907420D770F939555884
:103A6000E7ECD52BC3AD181FDD87E7BD1E7CCA610F
:103A700055C5C1499DB825F30552FAB5241D02BBB1
:103A8000F8A5E10AC0E761FC717B3E518CFE81CE56
:103A90004BD08508B2E36AA09C50B794EBC1534762
:103AA0006E7A0DBEA062AA46BB96ABBF742A54368E
:103AB0004F1F4DCB47CD35E42F2747120100009F04
:103AC0002B1682B15710F61B42BC47F73EE7D5A52F
:103AD0009AFB30F1D1322BF8EDD6F7A2C70363ED94
:103AE0006DB62C2F82B819E9354F36CAD6563DF13E
:103AF000C630FB8CB22F60BD3D7727469581FEB95D
:103B0000A8F09A7C8DBAC118DC33AE931F7E816811
:103B1000A9B694DEE41F7B8C7F47C1C5D0FA7A87B3
:103B2000FF9BEF7DC7453921E510F3FE21984651F3
:103B3000AA374B4FFA97E29C732444160C4801E2D3
:103B40003A91F93E85C46F599DA04A930159FAC52F
:103B5000449236775FDE18653A24D85EA645E14385
:103B6000083688401AC24A4BC4649A7E1117B88D31
:103B7000841C37E34DC364F632F05F7EFABDB23485
:103B80005539E07BA7ACBCF9623CE994DE9FB7698C
:103B90001C88BD77E11DA5D84F59F52C5AA5DF3EED
:103BA00058C8C41D4A24EC234A4D898987E8C56852
:103BB0006778BA248E8764D07AE4217DBCF8582BCC
:103BC0003B831434EF6653E45C94E93F564779C273
:103BD0001F12010000BA4A4F9B4FF0DF0E3628DE5D
:103BE000ABF5A32E08E809FE2090FBA832021A13B9
:103BF00035F0D059E46068C82D15A0599D650F595E
:103C0000BB07DC14244238CCE048466AF24B5D77AF
:103C10002513DC20F5F34D43A1619B7B75014923FE
:103C20007B738A24A21557E844658AC19DADA2D34F
:103C30008BDC1AC1C747A9DC4E2E3CFE1C68ED295F
:103C40002E3E1D2338FB53F7B34CFFEE5ECF493CAD
:103C500072A3C56D7303C8729912A795F712592FF5
:103C60003083706FA1E4DEFAF1ED7826A46024239E
:103C700092C46F84EE4B0C25398A66AC16E7119C12
:103C8000D2C544DA8DA59E9AE7E9AF2B973613810A
:103C900083EA7B93C9FAA95A0E9F93628B88EF99A6
:103CA0001B13395CFE7809E52EFB68ECD46B1AB661
:103CB000662EF0198A2114BE29739112ACDD61AD14
:103CC000E28A8DB982E5AF00051713C275B984DBAE
:103CD000F267BD878CAD3510DCEDB1800324C444A0
:103CE0002CE22BFAF32AFD120100009D8150A55D04
:103CF0006601C56DD2DDFAA73358288165B6CF3B82
:103D0000A65371AD0E0EE157613DCF526871582137
:103D1000C4D8B9FCDE0AFAC29D8FBA09E0BAE948F4
:103D20004994D9EE3B2FDAD28A0BDFB539D83A68FD
:103D30003F51C71AFAE729F0B63310CFBEEE1C9BED
:103D4000CE4F5CD778AE27BD9BE8D93A4ABADCAEF5
:103D50001737697C32B8E312D9C2EF2E3A402B24D0
:103D6000E1367794741B2FA1DA92E19058EB7A0731
:103D7000B1A737059B1455F383AE6F2543A52029C2
:103D80000A1C005B99CD08E102E0C40950CCDC7A42
:103D9000692DE0E02F5FD764ACE40824B4046DD74C
:103DA000297A92427D19A180C0EA656A62D9B6FE7D
:103DB000611CE7C9273A3F960CB3E07553C168C848
:103DC000ECC06D6F902945D91306E4FBEF663929E5
:103DD0000DA241993EEDCF55CE91A9A7FE5A58BAF2
:103DE00071BEFCFD1C35A940F2E2C61F9719F6D939
:103DF000BC07E3ACBA95DB8E3244EC3CA91201005F
:103E0000006EA16C05F92380CA4FEF4AF3B1F79E0B
:103E1000237150C516B35416A8408523176B8F190C
:103E200075806579B028A363430073EF01F47C7457
:103E300046DD15552CCFD3BC54C33AF9B0A896BE75
:103E4000ACC5A0E0DD01AAAC087F3DEF606D032C9E
:103E5000F543351FA69D33E66581312AD3015357BB
:103E60008B197E1C32F66C4D5CDD4D5DD945099099
:103E700027C22E09D539343D8CB6ACD6EA108F2135
:103E8000E54C744CDCBE1A224AA2E6E7ECA7197096
:103E9000588D15FA8D68E9D183D2DA140EC9229CA7
:103EA000B137A61CF96428C5CBF6222D7A22E2117F
:103EB000A484E815A38586F833028FB3A347E522CF
:103EC000A0DD08E8578B659F801322CDEFFAEDC780
:103ED00091ACE48E8E8D7720E260B1293AF0ADEF9F
:103EE000D6061260C9D54F88B5B1DC71F367DD71B4
:103EF000C5E93288F0DC49C312241F98C4D089C3B5
:103F0000916F9566A2530E99176D47844342897B42
:103F1000C557E312010000FDF87C5D667D0E69085F
:103F200083BD1C76617FEE2D2D1293DF3AC7EDE342
:103F3000CE73F57E4C44791A221EF7C88C88B4D90A
:103F400068AC82E63B450C997463EB01FACEAD1880
:103F5000AB9A3990B2CC961226ACA9D742BA5CF390
:103F6000A302A3DD3DFE92031F92C730DA6B3DD959
:103F70007CB9651E55B8E2A228547E845E299CBE99
:103F8000A19630937DAC22FE14AAA4237B8B32260B
:103F9000B6A141785E607FDB61004EBC492DF4BF65
:103FA0006468F30AE04F6FA7420E74952877FF0804
:103FB00080DD92E4DD9EF72FF186A27536F25CC3B8
:103FC0007E402523E8F84C716437B48FB02BDC14A5
:103FD000C76C9FF66644D5396A91713C6EC463CA5A
:103FE000FBAE4100E3EEFA289C53F023DCFB2F7973
:103FF000DF864C86915EFA3310BDF08D128B4BB785
:1040000056C6ADFDC14D42E52BB6CBA09DC0E58D9A
:10401000310AA036B002A0EA762954D0FB938791EA
:10402000A7C4540460E16A4AAD12010000F3C188DC
:10403000D630E4B652E6E8058E655A53BC5588A2E0
:10404000B9C3D83F071BAB9809542069913FD1CD24
:10405000BA03969C251B145F4C7EB347AC1DA32866
:10406000089A069589A906DA804C3E631468D5D073
:1040700017CA17D22344BA666BDFF6813E8D08B5A6
:104080004D327783EAFF3D302AC6855122672E35AF
:104090006F70905B77E81C10DD7D0BCD3067B90544
:1040A00000A78F6E47982F75BD25D0B73F8A1D1C7E
:1040B000DE17CEF2B08B939CF2FB78CA3F3D2717F8
:1040C000FBDB8AFDF27F797A170928E53FC72DB718
:1040D00059C581B072F95A8CA062EAC04645488938
:1040E000E448C8E7B2438283AA870207637163C7C3
:1040F0008F89F8F180921F02CC0D2F5EF933C0C674
:104100000C6765B5D8D42E3E6B3CA5111084C06FEA
:10411000BFDF128728236C43811FE50056293D131A
:10412000E6F3E9CE49F084A29262E5BCE0287D7F07
:104130005663F6006F787EFDCAE2DECBA6D372121C
:10414000010000A411E09010DEFC063DA4AF2CA7F6
:104150007A9E175CD528EC3A1F62F07F0C527FBA2A
:10416000D1D18B052EF33A5E7ABE65AAD93ABED973
:1041700066E40CC1206FB66E69C1C49F11CE1455A0
:10418000DD31F5B1C68EFD264298312E09D7535741
:10419000E161C8FF90E69D139AEE7456FD82F354D8
:1041A000195160578C813062EA8B66AEBEDA2850B6
:1041B000BC22D94AD64AF8BC1D7B564ED2730C5D40
:1041C000614A4ACC1CEAF11F24C0A41277B52CAC7A
:1041D0007801182C2A20AA6FD08A4D659ADAF5E367
:1041E0009F25A9AB71A6B5764EDC80367203CFDC75
:1041F000BB24F2150146BDE9453F24027A846224BE
:1042000094422C8DB52BBFA1D90CEE64639596FB1F
:1042100032ED403B8161D66EBF44AF0AC03F23EA16
:10422000D6F4B6E86EF0E9A0B760AEBBA8FC84CACD
:10423000A4946DACB46AFB5C46EDD855EEE4047909
:104240005FD68433B1E5EB209D171AC647B5DED79C
:10425000927697B73F1201000056F7343B657DEF29
:1042600067AF85886562393D47A52C2D1F2E4231E9
:10427000DB4AF1BA7B0A5733CB616CDD639A15E3F5
:104280009B8EFD084DC13B1699BFB7317322B437E1
:10429000011395A622AC538D9218C1781E37F815DC
:1042A000CB5A365844AC4E7492A86A5630377CDEEE
:1042B0005E2CF9CED4AB2384F3B105ABC18A1709C8
:1042C0005680778FB902CEC63125E7EE37A6711436
:1042D000648CBA50C8015AB358AEAC1C6481D3EB9D
:1042E000CD052A3E400B54D02F76E995DEBE80BF27
:1042F000D64344B58CB2B562495C16F355AA200585
:104300000AFE11C9E6F951F45878FCD283B12DDECA
:104310007EAE0ACF6F2A7D48B4C298C55EB7CF0380
:10432000C1AE7F4DC13BA999658B19123F11B77181
:1043300047C0393485FA213050B9248A13FC1266FB
:10434000FCCF15DE2E84BD1A739880C8D0267F83DB
:1043500076BD6CC2A939F83F239D2EC30519DB81B8
:104360005465624D55DF47D3D69DB8120100001D3C
:104370009C2EACFC21FA4BA78EE3C990D4231E0FD0
:10438000D6DB56F8269FCBA87AFEFA94634B768646
:10439000E622F408B259E11509957214163374CE69
:1043A000104889A5F150CB57BA50B0FE987629FD38
:1043B0003E3B219258D249CA8E87DD3753FB45FFD9
:1043C0000ABE2BD23B8A96CE0A3D587E4F040B572D
:1043D000B78691A173935D6FA58099DA7A16838968
:1043E0009F59032784271741D481D909CAFF376110
:1043F000F9FCE877B4A995BD796183F680B001989E
:104400007092F6D60EAE068DDE591ACF10EE830FDF
:104410005C284411B5912616255F5D3C67532675CF
:10442000B9F952DD38D5E68A358EF79C9551A694B8
:1044300071CDA427D82C63E4F8ED9F2B8A9DA82C7E
:10444000D9D21E4CA30E67B5E940B59952809D7D27
:10445000177ED5F3688BFFAC9482387D40E90C471A
:104460005AD492F072FFB73A76D4FDCE7BCDFCD011
:104470004E6D03525AE170CC30269242067B4C813D
:104480008412010000A880FA93A842000427B5BA5C
:10449000EF846B10B370F5EFF8D52A6FF666FC2D3C
:1044A00073C4451C12BC1254B082B4A324312676C6
:1044B000BFA115F39D00965A4A33944526E9EE783C
:1044C000D56DE37267FE9C89CA50A84FAB1784EC88
:1044D00099281121674CE673F3243BCC9D6DE2C40F
:1044E000FCC127DD6C9BD7DE2FE2AAA3CE82613F01
:1044F000700BB92129385E95343C638FE5E4C79091
:104500008316EAE6DD20DCDC170983068DB8010995
:10451000A5A2D447D8B33D14FA6C4274EE25A58DFC
:104520004B5B77F95C58236BD318F3B99D9CB4357A
:104530007A7E400C3B0F919376DEC9D72D39765A9F
:10454000D88DB54C49F286CEFE90BCB9E846C36919
:104550006ED9516CAB2F3A0E44D7C5A918A7A10B41
:10456000BB7D1809CBD07A6FB5A98117E6E5EBF5CD
:10457000E7DA580B18CB4BD63FB33AC8D7E2CEAFE9
:10458000A6EEB233FF436417D8636B91B99AD75B39
:10459000DAA6DFCC071560120100000E6624F310C6
:1045A000971AF1F180E11EE9C82604B2AFFEEC15BE
:1045B000677080E97333686344592CC2B2F5E051E7
:1045C0008524811A458C8587C60BD0A5F6646AD7E9
:1045D000874F98F392234929698D97FA757C2B357B
:1045E000A5865E20E87B429C63A125CE454ECE4F3A
:1045F0004080E1092F5A06D9874B1A10D6F9584A3C
:1046000034C018BDBCC87D4AC1D3FF6A468F6BEE6B
:104610005F41EC0A4BB2FF8955D35D089B41139370
:1046200092891F40BCC4BAF19B12F63C1F25159716
:10463000E26888034377CD2A765B892E7834F9CAFD
:10464000BB3DF67DB611B79CC62FCB6683B2E20F99
:10465000AA89DB886A032673A2CC106515C13B9B2F
:1046600088045C18C993341A12D300AF42A67B4960
:10467000E5B7CD48199286625CFB9910BDEF91E3D6
:104680005676C29404749B5C8DAB6963F47ECA4217
:10469000C7CA0E2BC568DE1EEB4B38A520D57C9D06
:1046A00066D234EA0CC8166CE634DFE4411201002D
:1046B00000BBB1597049DDAC8BFE290BE328D167F3
:1046C000A52F8913C19FF1D1A081A4F857A6B3B734
:1046D000FCEC052BD8BFD06787BC5FB327A5478FFD
:1046E0002A50D60832D2BE193590897DCC101AEAEC
:1046F000BDA0D1F862FFED7A215E1923257454A97B
:1047000050881A38B33C396D2C7D736DC7E1C0CA2F
:104710000C8FEC793AFA866EA0D78D932C8D82F9A6
:10472000C4482E702EC18B9DB10DFA1A6A3E4118F5
:10473000969BC571C3F067530B0D3F00F97C745F06
:104740008DB6A00DDCB40E002721511B09251429BC
:104750006D0A0E9A13503FA40B9C282398123D9F7C
:10476000513D3AF741902ABC9C08B5E6ED1EE2B3F4
:10477000CB1DCE3EC0A14AF7C55FB2DBC62FA8A6AF
:10478000A671C26D90CA484A9C387D6EDB45EB022B
:10479000503C84873FD6F363A5080CE9F1650C19FA
:1047A0003B0048DF29DBAC12C2C8B1323F01D62B37
:1047B00042B8CB2514E122ABEE16EA65F34EA4A273
:1047C0007113F6120100006AEDA776D086A50E5689
:1047D000D2BB61FAA4FB3FD9BD10B70D4F1384566D
:1047E00038F0A6ED986033E61A4BCABB3FB6453A9F
:1047F000143DC0F7D52B25E2C9D6AFD618FB1DD77F
:1048000075D10BDE026F808A06E605DC8DC3C8CF4A
:1048100005D404F090E51138C37CD43B74B2BC8558
:1048200024BC665CCBCD7768E3ECC12A1ADD2A4153
:1048300073E8D5372F638638BDEA9A628688C70346
:1048400069B8B1F5052704FB80EC7F0DB938E56444
:10485000F9755CB0D3A5D1CE44C7983ACED7C486FB
:104860007239C023D7B0B38576E5A1CD727C770AC3
:10487000093404878F9D97378015461CF11A92BB27
:104880009DBAE63B9413D0EC3B7D271A90E91126A4
:104890002308E80456FF7885E854841561A2D359AB
:1048A000963537176EE227A43B1C60F34D92966451
:1048B00062897391CB467EDE3399ADDE8704F49F27
:1048C000035456DDA21F68AAC31245C8B55309D8C0
:1048D0007924733D1B48C7536C1201000075596D54
:1048E0005400EDE8F0BE06870BB3810DD5661E4679
:1048F0005EE30CA895D6EBA76102B6E57CF2F26EFA
:1049000085A6912A49760F6A8A599B208A62436F4D
:10491000DDCBA1C51239DBE12F9A36B472460CF219
:10492000F8C7144AD03CABD47EEEB40A0D2EBC7B43
:1049300083BE70CD2642F7CA1EE9A79F2D1F283AD5
:10494000A9DC169DDD65D522A8BA60A62CDCF1A0F5
:10495000B8B34C5B40FA6680565FA02C5EDBC66144
:10496000F48412799E53309103A44E262528F8989A
:104970000711A782CB3177CC6156304D1FCB203643
:104980000AA3F3D86D44ED24BCBFA764CAE6C5866C
:10499000C0BDFE06350DD068A3D85C274C72C6E5B5
:1049A00091750D0E74DE69BC31E294152C9A90D786
:1049B0009359EC1D5A2D4D3358A91F0F0EBAF60E00
:1049C0006187A7787750F923C5550BBFFD0A45D8F5
:1049D000B4AF20D51FCF35FCCD27CCBCD53A295D4F
:1049E000C18BDAF4CDB294AF939BA779F4EA9D1210
:1049F0000100003829E2C88B000A92DFD040F01194
:104A0000965B13C28E38B0D66BA0C6D97050B88CE6
:104A10002A7B5BD2F9F703B17B2DF3966F8268A1F5
:104A2000F5FAEB5DBFC65352383938606DF0ED1AB8
:104A3000A49685B9EC989C831B4BDA1512F6E05AC4
:104A400017ED7231B595B40940F9617B33D393C347
:104A5000DBD81E82CA38E1C5936FB06982039557CF
:104A6000420926A5C5D3F3550303D5E38E93F46B12
:104A7000519BAF59C0B3953ED36BE2FFEB1B96F64B
:104A800082E0141448723BC2E5DAF50D5C1B279AEC
:104A90002BD5ABBFC125A7CB9DFF506FF58A4F4AE1
:104AA000C0796DF16F028603F8600548E3935F8576
:104AB000F0F3D358830D0277E0720A5C259DCF2373
:104AC000295693756B1A36CE7ABC300E5C80AC7B5F
:104AD000F20C15BA27BE0EEC051A5DD3CF9FCCDBC6
:104AE00063D768DA8CB027861CA85138FC3686E874
:104AF00028391491DE944BCBF162E500066D6AF122
:104B0000962F7B13A7120100006CBBE09DC70145E7
:104B1000F2BCC42697C6CFE07BAC4E8F9DF4C96033
:104B20000EB367DA8A59AD94F4E5FA69BA671833B7
:104B300024498471617F2CD6E3B15452312A04ECAC
:104B40000762A72B7E5AB19CD9961CB6A7B1BADBD7
:104B5000E9291C5840DABDAD555F9C66CB3F300754
:104B60009C7EF8C1A48217C4359F7DF38C6957DD04
:104B700036747C495B76B46C444E7CD2A4860EBFFE
:104B80009B3634AD2948A2AF91A6D236870C30634C
:104B900086420369949E9FA004FF7DCAF2C60A372D
:104BA000768D7AED7DA8854DA39487CDB9D67B0E01
:104BB000D1419CE83E4193725C2BEEB42FF12E075D
:104BC0008523F7FC9720CA874FEA2A24FCCC2C4B7C
:104BD000ABD0DEAC186B688083BDF236D7F1279975
:104BE000A852B8331DB672B41588EE28DCF42F2A0B
:104BF00063F7BB1CA349003FF91A9713F7D3E2638D
:104C0000D1ECCC841743BCC259B9488E7CB8D926A4
:104C10009921A559FABEE03B0E403712010000A2CF
:104C200047F9590D84468B4401394AEFCEE76FD2DC
:104C300059A81E659ECF17F742F1B70F8D62411A32
:104C40009534C8DA07D28B58206418DF9810C5B99C
:104C500003FE96F927782AF614BAC0D88B7E80C254
:104C6000CFD42467372882EEC2D29A6063B0974DC2
:104C700020C9D5FF1BB5D4114E6F2BF953702E3CB4
:104C80001EC5C944DE41D9462A8C4217733B80CFEA
:104C900025520AC9A5E087D3CDBBF4D5889A3F55E4
:104CA000BF269FA7D68191F209609DFF150E12C005
:104CB0000B988C5FE764B0EFB5895CDA10CCD02537
:104CC0004FDEE95899D8C81DCCD2082635999909E4
:104CD000724CBAC61D55C8ADB7F8B942F97FB26D6E
:104CE0009E3419BCB9D4D49A9FA1B7FC268981D32C
:104CF000F665E830D5179740F8271531D01EE2D376
:104D00007FFE9CB9A5A3FF80BBD498F43A78B9790B
:104D100016440FAA0135E878548A35F03F7A334DAE
:104D2000FC9364B77FD762E3221F04337BECC13F5F
:104D30006212010000ACADA549804B6F233FC92C26
:104D40009AF398E8411F5615738B53FFF07B4F6819
:104D500034229AD5C630419890B1BC78BFE74C62F6
:104D600008C874D10DC79897F0A6F46DD4A8D5E003
:104D7000CBC48D4BACA5BA66399A19C7D4D4BD2023
:104D800056754A8504EF88548AFD99CF961860A518
:104D9000D4E6B1156E7239F40F6F6E99F5A98506D8
:104DA000B781687AD7D5F48E0A8C1EAEE92873B223
:104DB000D83D341009AF0E9E9899856C80516B7563
:104DC000DA1F7FCB69EF9D96367B721C4119379BAA
:104DD000BD2CA9B91372CEA1A97ADF9CF9A5F15B0C
:104DE000878A149181A989FDA7D8A5FCDC236B8251
:104DF00034EC8B4C2134C137838B5872AF4339F577
:104E00009FEF481324EF343A3EAE43E0FFA94462DB
:104E1000F20982FD3833D5974158DD325F42BCBD7F
:104E2000D73ECD8D0190D1007F4CF6D41F93A8289A
:104E300004AAA4FDFF0DA7B4A8338A61B9A99115EE
:104E40003EB92B455E1B4912010000F9FAFB611BBC
:104E50004FC0F47ECAA71EBAE7DA5FCEA4AB9FE4C8
:104E6000F9DEEA9949C773B86C253CDEDAF295A001
:104E700095A13BF1C45025567E694DAA090172BA2D
:104E800027BBD4065A78ADB9EE333313E4C81FB943
:104E9000B64889930CED03DDBD8108B3B7CC5768E4
:104EA0006D282F6E4E7DDB6F7125EAC3B961E5BCBD
:104EB000BCEDB574876CEA20C028A3A5F9600E1F6D
:104EC0005E9F3E08BB20FF86A4BF5647AEAE1B4682
:104ED000A825E8FA38BF9B1A8692F448FDBFC88C13
:104EE000400294E47CF7DD2328EFBECBDBCE7931A2
:104EF000B54CCCC1A1AED1CA86DEBB7328C57BE35D
:104F0000CB7FB617F2CAE2717E3B3F223F118E651E
:104F10006EB3E34B084839D9BA749DA524535B2579
:104F2000E0B53B4D5774E89AB9D998FA21A930C534
:104F30008633ECB4F8EFEED67F93F90689BD57D1EE
:104F40000613C90537AD64C67201A5A780027BB3FD
:104F5000052C05FF935AB3894378620B0E120100AA
:104F60000045EEACC2B7E3209811CC72CF7D36D5A8
:104F7000B5FA9EEBE05CD97F2696AB20E9251FAF02
:104F80000BED4EE329203180E3642C0CB8D6F19E62
:104F90005A31CA37228AD0417F83185C3399A9E5F8
:104FA000FF6852DB178B9BAA600CB15060494F38E9
:104FB000982447FED67CC82C70030F8B1E976A97E7
:104FC000C9C60638ED84B83DE4658A15C12BE44EA8
:104FD00025A1EE78F0E8C8DFCBB83B64E67B4CD384
:104FE0001EFAB3AD2543E754E75EA65DD4229BC607
:104FF00099B42A034357159E567C23A7FC471E08E5
:10500000459F3181A4E0E71C70E2E79769E7A82A91
:10501000940F226D6A0817342265B5E73124C3A9BD
:10502000904861B52786E92DE54C8A58B1709B56AA
:10503000BDC819F3C931E870B9FA1975CFBBE1A33E
:10504000342CDDA074C0BB7D12FBF12BCA11D5A797
:105050007235DC6ECB16A88BEE4E1FC7638CFD8BB2
:105060008F515D536D46E6E3F81A023F212B8C0801
:105070004C8E8A12010000ADC8B04DAA928B3DF84B
:10508000AD55623C3F91D3F95DA444A7190DDF6A89
:10509000CB1AD047672B86CB3BEF16B6ABB8073F92
:1050A000FB1F066C2AB75A3A2FBE3F07F41532B5DC
:1050B00022290C18653F7A9F98F2B3125644D79E66
:1050C0001231EF9A8CE3FE5774CC87FF113286873A
:1050D00016B36E310EE4FF511D6201900E85E11290
:1050E0006C268B1C1D038140FD8BB3066B394DC7AD
:1050F000F9A8DE2C612CD3DF8B555678B6FD647988
:10510000FD73CF8A1C62896B08F8BD40A706A08E8C
:10511000D8424FC3ACBEB864CDA87B68EA3ABDFDA7
:105120001289C3C50E4F1FEBE9389FAA7DB1714E9E
:10513000816880C785012208AED436346146F0CD3F
:10514000BB66587AEBDA2D8FD19A72318AD82EA5A8
:105150009E6CD3974F166BCDF5BF8357EA058BFC3A
:105160004149B879BAE5B39FBB7A74506C6155D8A0
:1051700076F45736F2B3B52698D18ABB4E80A5F6A1
:1051800098CF90F03EB98F69081201000052F441A7
:10519000C21E6FE19FEC2A9833AC47941006DD796C
:1051A000BB514C2592FE4EE96BE99CF3984725587C
:1051B0009687BB005AE03BF0FD8FEEB01448F75BDA
:1051C00075930591EF5278D76568DF9E1691E59C3F
:1051D0004D8C5D969ED7C5FE79143051F5FC235851
:1051E00070424E4A89E31857A20FA2021B023D8F5C
:1051F00007B55041F9ABA0A3E2F4AC4AC4FF05A245
:105200001D08B2C87940DEDF8BF1910DB572DDD19A
:105210001618082EA05C688DE9007F48E543B99414
:10522000C6E598E92FBC7C6917CCCA855A115DEF99
:10523000E1D02D9190DADE674C78EEE5928EC0A930
:10524000511809471485E7EFB3BE14965C80A47E1D
:10525000E2600FF710F4F41160AE39606E49D27C51
:105260008370CC01D6B7E65103EB71E14329CBDE65
:1052700046B13B585D42F3F502E794DF36456317CC
:10528000D02DE4C3786CB6FD32B4719B2A487D8F73
:10529000C5F2798F663A13CA39439CAC940CC1129B
:1052A00001000060B67A4863E1559B458D5B0CFDBB
:1052B0007ADE199D4A961A6C91226DAEC107CC9385
:1052C000E191D812E870B9AE24341B40C067E9C43C
:1052D000243AC8BA036C266BAE5CE4C944B6CC135E
:1052E000DAE7D469AD1B5589E9ED28149516C0D4C9
:1052F000E321C4F1200CDFD47C2E6C9DDF79492E94
:10530000FBBB75ADF379A0751CB8D0B35B299EF3D8
:105310008A8F80F9AE910F8B963F59DF60D9B6F92D
:10532000ADD0F6BE953F148BC1FDA22307D7770DF4
:105330001FF63E581DC961FB321F60BAD5E5CDFF8F
:105340006380DA15836BCBFAB58CC59EC5E47E000D
:10535000CFC644E47B506F2F5CE7F7B0F27BA3B974
:10536000890FA4913C1B6CF2836137C92C8DED2E03
:1053700089598403D074EA2F2BE4BBAFCFFF308B65
:105380001D408B2E36E0134C4F080CC4B52E08C5BB
:1053900031F294987695E8D199A5F5D250AC76E69D
:1053A000722282CD61997B1B35444CA0169FDCF4A0
:1053B0009EAAE65830120100007107A10D15D045D4
:1053C0009861A3AA511D2FB6FC86A02176D3F1E1E6
:1053D0007DA94AE09F7429651B346AF16A34DDA017
:1053E00032322266F27797A667BEF66543E2224B19
:1053F000EBD2EC50F2A354D6203123F99779F54D36
:1054000047BADA8DE15163B65CE409D6EA85C63A5B
:10541000F3030503282A6A55194E11E526479253CE
:10542000ED7F117AD1FB7605F57B3ED142BC116749
:10543000EA81C4B8A0C051DC2571658178E91DD925
:10544000CF8EAA692BC63D1854A8D1531286F6D127
:105450001DB62A22DD69C5301775E08D2E185A9BBE
:1054600064759DFBE9286D5B3A22462F0576553F12
:10547000ACFF6D984E03586BC3AB04FF26554A56DC
:10548000E747B66FAA7700ECFBC17447E8F30D8BD2
:1054900031B141E006CBCEDC1A64D773E5F3AD7AC7
:1054A000BF897377C223C854A3C7B9E72934E1E59C
:1054B000019A268B2B6F905617EB7543355315CAFF
:1054C000EE591D1EE3768CBAFD00BC120100000BE4
:1054D000EF0DF0669045A5D16B99615C2C3B55357D
:1054E00073B9BBDF77313CAAA628A3CE20F2D12E18
:1054F00067D883988DF783221027AF6EC4DA918026
:1055000079FA4890BD0D553FB79C8C83C65CFD5918
:10551000C1C3F0D02CDE41534A111880502C587969
:105520005C70A7F5A2EE0E34F4AD7F96839D9CEAE5
:10553000265C931C40EB949358868B325A281B08A8
:10554000008E2EA2C590EE76C8CE57C063EE2C45D5
:10555000967BBAD9BA6BA32CB3F739B6DC59C2D44F
:10556000F5D3A44321F4541BBA5366CAD072E07831
:105570008FAA2D714948697410AEFD6D0990C92438
:10558000789CCA503B1A049402FBBFA89889F8F98A
:10559000C826F1C68F170E5EC0233CEBA2C196B899
:1055A0007DE88F4890FEF7D127CF2FF6897543E627
:1055B000EDC6E76801EA86EDAF381CB9936D301E81
:1055C00023EAAE9041EB426EDC7EA22410F22AD395
:1055D000BBBA8F9B69ACA98F0633DAE483C980EA32
:1055E000AB12010000D53B412AFF01FE7E86E9ADEA
:1055F000B796F6D4A1C6B2E0ED7320E53312DE20F3
:105600008B6E6FA5B8B797FA11B174C57E571B9012
:105610003FB0E8B8514ADEADE605AD769A4A1428A7
:10562000FBE23F459595A51D431276A232DBA0DA39
:105630004B639B826C88CA3FD2828FAE1C08A63D0A
:10564000ADD0257164BA1F6FAB499623CBAD599885
:105650000420FAE7AD9DCB6DDCC10B280D8C3085A5
:105660007C7A2A1909F9EF615CA73655BB6CB12326
:105670003B5AAD3EF92495B533F7CB2F2774D1862D
:10568000294B2452A9AB629E08FF3997F71F1BC90B
:10569000D8805B4EE85619A2288CF456764D5DBB37
:1056A0005CB27AA0CDF0642FF4F79665C9FF0328A9
:1056B0006E80A8448BC125675D60E3234978C140B3
:1056C000C240DE1BB410C1C150D0ABB892192B162A
:1056D0004F0514C23B3041E331C377349FC126B03C
:1056E000A4FA50BCFA87683495231482FEBABEA788
:1056F000755D7D952A6EEE12010000097424A8BD27
:10570000C4546C7741D78B6A0AD817B87C8415A526
:10571000DCA6F8DD8196DF4EB693F65BD5774A4876
:10572000F58772A65744ABAE78579E4F64C2936913
:1057300044634F0F2703318D145EDCAAAC9A406599
:105740009A911AE168EF9969064DD90064EEF980E3
:10575000B308465D287CFE0BAF813A23795E37B8EB
:105760004392C3F75679A05F44BEAEF5EE63E63DC3
:105770000876AD865FEC6CBA0E1960DACA3242A2C6
:10578000E62D8C126207408F3F7F295D086306BAC1
:10579000F52917A9E65B661BB000D44762A1502823
:1057A0000B36168C72540D11FD14E0A90F204174B4
:1057B00006EF768EADE095455AD8FFFE327378DC61
:1057C0001AB72A21EAF3492FB418A2579FAE1D2217
:1057D000F8997D76B2C6C70C20448640017B9A5763
:1057E000E33ADCBFCEA1E5FB1A58C47BD054BD0C14
:1057F0000ACB3203424B394B5C010E890F48FA50F9
:105800003EB8B064CF6AD765531E7CBCE612010077
:1058100000700E186AC6D7F8E0B8F48F50C103D7ED
:1058200027661361529E7F3355253A57EB69DCE7B3
:10583000CF9DC80940D46C0FA6B5FEA5F0BE870168
:10584000FB7EB44E75541D6BFB900CCA61B31834CB
:105850005B53A64B3F02342CA332D8A517ED6A72D6
:105860004EBF466197E20488675A4E2481D363860F
:10587000513B905050C732EF810709B20A03BEE690
:105880006DDC8DE301714AAF6EB8CFE783C5D79960
:10589000498E8D55467CCC8A6CA4D5F46EBE485991
:1058A0004EA46828C2283BB89EA443CAE59D98C070
:1058B0007E7DBA64AA7479A83F9914C7F7A7424BB2
:1058C000FD1C2363333830CF108B98D02D076A2608
:1058D000BC2B7E57C4293B8E1133B14955D6F126D6
:1058E000BED1D8F616D52D3DCBE922AC5F5479DB7D
:1058F000CE405CDA7BDC8927EE02151C7A92BC8CE8
:10590000E144BB8E02C2CA7CC2437F380600965473
:10591000EDE74B3389E51FC58C3358B3D642B55CF0
:1059200034938612010000AA2E5547A0C2DE4834E7
:105930001F9FEBE5343958F8BAB088BC1B9B6DC883
:105940008C31FFF0EBC13809AE3CAA2009D70A5AC6
:105950004642CFF90BDF0CE9F3116AF2C22DDCF3FA
:10596000571D516A45FAFD5A6C78CC63A12EE8A9FF
:1059700023152635273634967A189D3970AE99C787
:10598000CCD5BD1D7893A8C9788EFD7C268479700E
:10599000A79ACC089865F07695CD34131F52B4EBD6
:1059A00095DFB8D4A09DA00488E24C0B878092FEBE
:1059B000E7344C72DD2EE613FD9A3003D5A650EE87
:1059C0004E3D09AAD2CD708E125993FF094F7DE545
:1059D000F6DE85806F5290F0CA03A8C1295D6FFA88
:1059E0003D0EF23BD8DD44258E5D890D8EA8A17257
:1059F00068045C1CA60DE2AB9AF4B98D4B69451C9A
:105A000013E1D22998A84D6B9C6B8C3CD9EA2A6093
:105A1000950F879CDB011AF23F1FED4C957611A97B
:105A20005FBF7BBEFF8461CE86477CA5BD6B3975A9
:105A30006257510F164B54D51D12010000F0D4824D
:105A4000124821B88B48E452270E7F5C7164A8FC91
:105A5000BEF0F66A6433BE3524FD3AF2C8BCB16FBD
:105A60002705E27F51B44B7F8F1D3DC1C682428D19
:105A700069835FA0309243CBC482FAE9CE59B41B4C
:105A80007F4493852EC7A8EFF868B26D38459C8F88
:105A9000B21578235C706A3D9AE2DD42F79C77D6B6
:105AA000BA38C1CDCFCB162040E34172662C39FA0B
:105AB00064F9A962EDC66D24CC189B36F71A78DD1F
:105AC0004238791A6AECCF9CC3CB0FB08E6A23FCA4
:105AD000050BEEB52ECCC6E46DE0E5E766F0A9193E
:105AE000518D620FCF844E599EE24517E8CC40821B
:105AF000D85D38987B918E8FF507410AA510A83A9A
:105B00001905665F2ABACE44FADF764BEAA0DBBD00
:105B1000A7126A51D16AAFD5906F56495BDA0DBDB5
:105B20008A2C820305C75959CC368D8D6FD597B70E
:105B30009FCE5B3B3F42B20A318B5BB8C48965396B
:105B4000C278326061C24A443BA7C69E30326112BD
:105B500001000070CEC83EC97602FF7F4FBF75D0EE
:105B6000F97EA9F090B1C04247223A2B90E16F8EA6
:105B70000EB63CC12373EAF08CD3723D4724C08734
:105B800077DD453CC22E8B997EDEB9C1D604E34059
:105B9000A68EF505CA789B412AAFD18EB31AD305DC
:105BA00091BBD4C061D09EE091BFF29F1BC2B7D61B
:105BB00005A19EE590DF10432874847DC33966C635
:105BC000623348C6D612B2747BE3A17390EFBA2257
:105BD000630C134E978D2359C5CD883875550646ED
:105BE000B4FC3311550A8FE3676033C3DAE85CA174
:105BF0007F3B827661258F5610BF007982B2E7E144
:105C0000CCDA67145230147DF898E0EF384C5F0717
:105C10002A85E75A0DF1005B98801C4795106CCFE0
:105C2000D1944549B32EF50E4C956E06850AB16E9A
:105C3000851DCEB59875266C3BB33651DD75812038
:105C4000A5C0CD38A6CA6E078462FB32AADDF32D4B
:105C5000117105A1EF943A12ABDF5334C62C3452C4
:105C6000C889448A2512010000235715FF830B3D84
:105C700057139126AB051451F97E6F6DB6F7A85DE9
:105C80009EC33F9AEF66F338B82B22D43218C8F877
:105C9000367FD47ABDD05D7A1732BE9800C6A6D7BB
:105CA00003530EDC867DBB0B1C93968F700D38570B
:105CB000B6A31F8AC65D4E8ECD0E53EAA7BB47F32F
:105CC0002275A1710C675C49BBB2A668E44E055110
:105CD0007F4832AC4D73F1483031B554BEA676E4FE
:105CE000040AF135245FC3B1CB1992FAEEBDABE2E1
:105CF000FFAB0195C0AA540F2DB46003BF1FEFA5E1
:105D0000B7A21D1B4CDCA6CA381816EA73948D681E
:105D100045077844156F2A9A4B6A4699AC38EE3D90
:105D2000CE12AD957163C8E8534DE9DC3E82B454A0
:105D30006274EAFAA366E96264C74A3F4529FBFC3C
:105D4000933635E94DAF7974071984AEA2B6B848D9
:105D5000031F321FA9513A7BD0C3EE06530C450DE9
:105D6000FA185E7B2F8E7BD9047BD68CD3EFE67E30
:105D7000DAF3B9364C7C1F2C8ABF8212010000A7CF
:105D8000C81AABF4FB09132CAEC97B250CC81E2B1B
:105D90006C61D2EEA9D0E1547E5558DD30F07553D8
:105DA0007D0A0AC4A9742D8012C93936DBD67FB9A1
:105DB0006E071B1DC060CD0C6EFBECB5DE3EC4CB88
:105DC000350A73D2127C897ABFCD238C6AACFC78F9
:105DD000C4E0221D447FC9B08A32BC1AAAD405D7B8
:105DE000FC0ED26DE51B50FA1B7789F77C6D81386C
:105DF000AA200413FCBBA64E960694A07E7D316AB1
:105E0000A1EF49ACD20AFDF8C1E51752699DFE45E4
:105E1000E8085278B16883EBE49C7368F4F1FE11F2
:105E2000055D4FA504288724A472EE1F100970EDAC
:105E30004E9E0AECBA7E6FAA36FDEDE48B2FFE5E15
:105E40009C5C4A1C1D038F86E79B6E7549273BEEC1
:105E5000E1F2DB548F5AD18095ECF0701D520C1298
:105E6000E378835BEBD164D36B53398F9929E2B923
:105E700019B2101B34902DA9CF7D2DB2AF34508CA8
:105E80002D9BD4DA6052765187E3B8268D22089B89
:105E9000101201000035FCE920979B0B247A3EEAA2
:105EA000A6C67BB66F1DC65557800A300045A24B6B
:105EB00040DFA7608571EA481CDE0E08DA9B52516C
:105EC000C152D11AAC802A822EC1FE834A1E5F3B8A
:105ED000A4CC474FB9A2CDB6ABC38864C91BCE17BB
:105EE000ACB0D8B4FE4F285E4AC79BAE88BF321014
:105EF000B7048599E7C785CBD9019B33899A0E3CB6
:105F00002C9854451C32CD0385BCE9469D77B1845D
:105F1000B3C30FFF825A71610B322F2712D6A11320
:105F200054E098C7DFB27F4AD5D94F6131ED108672
:105F3000C59D1FBB6E8CAC77F925AF94AC4B249FED
:105F40009C8717523812EA613EDA8E0C1AF6FF0669
:105F5000F0BBED36F0752840E9F027F27FC8DAF59E
:105F6000489D7580DFE33246AA6A233B7409C95510
:105F700076ACC0FDCCF1ACFDAED88194F85B78EF87
:105F80001948AE9E4A625BBDC275081DF631B0A6C7
:105F90007E9AD41691B42B3FC7F1874EBA45D7DE0F
:105FA0001D48B5E40217CF120100005A6863590575
:105FB00097EA0383ADA5D60158335C69AFB346A415
:105FC00057AAE3B79AC2A791017B0887564CC948E4
:105FD00041BC6A4229B6C5FF8BB3F62AB64166C3F7
:105FE00056F727332494408F70719590C9FBECE6E7
:105FF0004C842E34E3402CA17F94ABFCA0DD1CE547
:106000008513DD34E982C24A67AC64577AD2EA2349
:106010005CA12AB9E11356DE83DC360CE4CE41BC28
:10602000489EDB3284472F150FE12562FB87933DA5
:106030005F47AFA27E908AAF20642AD57CC50F024D
:10604000D0933E516B3EFB2E2DB178D3E8C15FDE7D
:10605000BF087D197203762C6BCD90DD8FD65397D8
:10606000135A1949ACEA314640D2FEA5657AB1D13E
:10607000A6AB76D8613995107121D82912C86C4128
:10608000644723BE58CC1C04FF02E2AF645F506833
:106090009843F3A2E5934466B91679DE77DCB585BB
:1060A000C7961AFC521838A322970D79CF250402FF
:1060B000A5950BE2985136BBF9F761C5691201004D
:1060C00000E6F6902F296F0D415D12BBA98FF245B6
:1060D0003CDC4A1B0BB113F47D8222CB1B3B10D757
:1060E000317E2BF94403CEBA892BEECD01ADD8CA4F
:1060F000F9F027FDDBA85E4AE6CF7ADEB665A5316A
:1061000064ACFBB96153AA73770A3A36216C371233
:106110007811700462D0E0D885D4B5B52422EC8320
:10612000B5C32D1F4E756829E38167F71CDCA3C634
:1061300061164CF52DCD68E83F0C12E9FE64044170
:1061400000214FE9373A73C3DFE4A60F2BB6B76ED1
:106150006A19E388D67CCC0A7CFBF1DB319D5409BB
:10616000CEE4EBD5F1793159628C67E8FB78844F46
:106170005907DEF121DD9A59E42182181E252531C7
:1061800048710564A8F378B3FCEEF9079D681922FD
:10619000B9D514CADF67E23C076FB7F8B2D52CF95E
:1061A000FA5F7760A08CE28166D5D7E4B69BFDD517
:1061B0001E0BADB1B1B85ED080414C553012A8FA7B
:1061C00025EC58ECAA562FD73092F0EB7F60FBE914
:1061D00060A4C312010000C3B45A02E00DCEF90B53
:1061E0008E10B083E05DF043AF6540D0CEA3C59381
:1061F000BBAA63F132DE12AEE08DBDDCC14CE5F22C
:106200009E849B07E29352B61DEB46C0261255F6BC
:10621000F396EAFA87C3791D9E8F906250370FEC90
:10622000E20FC166A8EE9830C2F4E50E04D0F64F36
:1062300041A5FD1AFD0F6CFD4EA403DF2FAAF8A7A0
:106240007D6D5CB4D3CEDB2D3E4E4FF3080F80D86E
:106250005DCE4F3519A0E2B471C1A72FDE7AA20A34
:10626000C15CD39E05122EAA0683CC58AFA05ABBA0
:106270003BCCF1E17A8874788BEE6564C09ABA14ED
:10628000777FC53A21069C68BD9ABBC57E98298850
:10629000D4FE9D14BA3B03CA1C116D54849564DD71
:1062A000A36AB0D48F3F07A648FCD35951F0A397F7
:1062B0002EBE70271A8A16205D7EFEE45A0B5442C9
:1062C0002C898FF543D79B87ED2FAB23950104F3E2
:1062D00033BBA692221C017D8B45271710DBB238F9
:1062E000AC51957C9AB3590DEA12010000F4214A91
:1062F00060DBC92F493CA05710CE6C40573A8E2026
:10630000B8971D28694A0921AC25B2B5C1EA9E0C8F
:1063100058B6698FD6DD38ABEF66103A7A60A4E9DB
:10632000B4ACD15FE5EBFACCA1EB2222FBA8728AD8
:106330002FF872F960FED125A45CCF33BB602AA090
:10634000918739A4AF9A1A38F96DF81A4E66143C41
:10635000FACA805F77B2ACEBF5EAE8B7AB176958D9
:10636000DFFA17DF347576D568D2C7D63EC77073AB
:1063700040B55A612A4CE36851B67AD948970AD792
:10638000188A80DD52F7772CB090A8677A43D02224
:10639000C399F1B6166FE36D74D70D8EC37C0FCF22
:1063A000DF966CBF9047FC5056D8BF5F161C4C90D0
:1063B0005A902353774DA4771FE232A0141A91F01C
:1063C000EA065F3DB8790DCBC8875AE7FAB3601685
:1063D000BC457E5B643CEF47D33B3E388E31344056
:1063E000B7603B6C8D04679A4F1FE8024CC9AB7FC6
:1063F0005193DE03B90617CC217CD12C65BBE41286
:10640000010000424D0A757BDF2C86C03EAF1E7234
:106410003E2ECFD8761B2818392C69CE5357AE6C38
:1064200024A68090C2A79C8C021BC99ED4D78DB491
:10643000FC66C62A37FE892503631C6EA5670684A1
:1064400052B9E285ABE5F4C8FBA534B5154EAB9E59
:10645000F924A8E97A1DB0B8D4577DB455D559842C
:10646000F68598994496E60DAA7946928BA7CEA117
:1064700061ECF70FFA6B69E29FB2946EAC9FE2CACF
:10648000466F97450FBB24EDCC147D74EDB350B22D
:1064900075A2AD9CFA0E6FC9C3CC33CB3022CFC0EE
:1064A00085D1D84376FFAB8B51A868A05A43656469
:1064B000AF2A01C553752A294BD2D7ADA8361E7015
:1064C000FC7F51ADB547E29C75F006500753F63F8F
:1064D000DE69F9E50F4ACD4B52BE8C083BC76557C4
:1064E00087BF2F1835B10F4E2BAE682001AA9054EC
:1064F00020A4AB6A07846EDB58064544C791DB1ABB
:10650000DE93A7FB1907D1B3A8B24A69C55213BDE0
:106510003479E646201201000049E9D08EB71EA664
:106520006615ACECD7B765D4FBFED5ACE12B0C4DB2
:1065300054E636E340F43D900465400837B196F5E3
:1065400085E2B5DA693424DBFCFA4F366E8FD881E8
:10655000DDFA2A56EEE897EFCC78515414672546B9
:106560006737CD556D8F9ACF3CFC6A01FB9B5CC7AA
:106570009A9D139D0E1BB62390AD3C88F63E076393
:10658000F7AA394F4F627540CFE234BFC3BD963C86
:10659000DCCCE812D47BB241CD9DDC451389EE16EC
:1065A000B427F65428C79E703E9E2A51DB5523849B
:1065B00047AC0B347F45DD289B864B3798A839DFE5
:1065C000778C5B75170BDB49D51F99E248AA3127F9
:1065D0001911B3B723B4485F971430114FBC3E5321
:1065E0008FF80A5E5F9B3E289A5AC904BCC9EFDB4C
:1065F000AC7894F9E23243145D3B613939B38E6C67
:1066000013C38A228C7F6777D82D2D8B89021AE2DB
:10661000F0982E4B5773FE13B0AC73FFC50B12EC02
:106620009BD42F200BD06476C379BF120100007C6D
:106630003D89C509A1B19B23AB0DE47E384C2012E6
:106640009C6CD257EF4F66A9F346346574AB7A4918
:10665000BB0AB42CE5CB9130AD9FAF539DAD1F3B32
:10666000F1EAB1224A2A08256E557E9D1E6BC5B5FA
:10667000EDE22E6923B04D136BB4FDFF4E7F395808
:10668000D77E12883DE4FF4588ADABE5F2A77D4992
:10669000E717146291E6FBE217F80AF7255760E165
:1066A00054C200102D93AE798B9A2A1C29222056B1
:1066B000643C3244450B50DB99258CA77EFF80E378
:1066C00086483E61ED436EAADCAB4489052121B9C1
:1066D000F6FF7CFA5F5CF5EA369347B29397E96977
:1066E000F2633BF9A9F4C91A3A9DDC073A1745F859
:1066F000739BD1BC61B76E70127853ABB1BCA3BEB3
:10670000FB42545B8B2F2634F69551782089502D0F
:1067100070CC68EB2AF6B5429946687FDC1DB0E57F
:1067200054CF4CACD6F0E969B2F0BBAA83764F8760
:1067300095763E5FA2E3DF0E59DA78DC0134005A29
:1067400040120100000904DFCD58A015ED2B4AF5D9
:106750003B31614CD94278756758792CAF687A071C
:106760007C3746386677E4B86EF5D9D04A15069975
:106770001689F574C41C3F2AE967D160D2645FAE04
:10678000418D3E9D47118F5D6B4263EBDBD5C0951C
:10679000C6524F28FA96923BA0094CF82B2F1E9D0B
:1067A000C2777C6B75D6BB5CDC34C287A1D0A7678F
:1067B000569CB27ADCE2676FBA97CDA2BBFC0D6142
:1067C0005BFFEFE84E2F95CC22B5EC26CAC8E7C296
:1067D000579E658C1D543840EDFADF8D955F6C88AF
:1067E00032C3D9A37220C33805795F6DE1B83AAAE4
:1067F0001E83F33BD4AB4245CEE42E546290B635B3
:1068000008EC12FFDDCB01D683A03B44D67E8F3748
:1068100034810A14869AA0B1BD3FD59A762B2ED822
:1068200091D73E747E9207D52EA20F494B546497A0
:10683000AE81E3A44C3D8C3A67807324E6B93A39C3
:1068400058E530FC1735D0B7A199F5355B3529C629
:10685000564703AD39358512010000CD6D9CD1EB53
:10686000F1A171880EACE7CF9DB9D771E3B9F3F010
:106870009C1C0F861C467D717A6A4E338F1AD19DFF
:10688000ACC3CD94EE882272AC38B65217B997805B
:1068900044BE6D3E4F45825E4DB4F57789D73AFBD5
:1068A000B01A3849B4271CB1F9499B4E552072786B
:1068B00047D4F882A3C9B34A4533CEB1D6C1719F3C
:1068C00084D165EA48C9C60AB7342387CE583AFE50
:1068D0006E77ED6B563EC661542A298F247F7798D8
:1068E000E5D224F849825DBAC647AEC427D792E400
:1068F00007C4B5D918DB999F5A9D2DAFD607A93883
:106900008BDE8AA558F6CE6A4617F8F0BE46945735
:10691000424DF5A7E104199F353344590AAF0D4D97
:1069200036CB3461AB8DA7C33E8BBD5B0152B2E465
:106930005AEBBEE18DD24B41B8AD8049A95726989C
:106940003B3B21FA9750B22F8D6B2A8DABAEB3D45F
:1069500097EA6F2C7904D589F6018737C95B86DC05
:10696000ED8F9A3B12F7DF296578272E99120100E7
:10697000009AE3EE563213A5F8CCFBF34E3AFE8EA6
:10698000A1DFFD68F9147C7E5782D029F946D29E9A
:1069900030E607FA54D422AD2E30A0C3CD053BD942
:1069A000B6486657CF58EBD1A33291006AE6E47E31
:1069B000E0FD12B268E94AA6818DFA3157243210FF
:1069C0002E0631679AE5CAE96595A05C83897E73D6
:1069D00017BB0FA2D2988684E01E02BDE556EE2AB0
:1069E0001CCBC193CEFCEFE0D6D3D3C3FF3A6340B8
:1069F0006B4C76D2463B93537DED1A01023A35DA61
:106A0000F0BBC7CA27B1808E6A4B79C7FC9D49325B
:106A1000F2DD173DC30DA362B5741CEF4EEB1F39B9
:106A200093F43497225BC7C7FA94156E155184729C
:106A30000A294FE71EEC3448CF0AB23763C95145E3
:106A4000B770E5F978FB80312C01392A85A629DA5F
:106A5000855B78AFC67FA8893F43FE82A9B7F2B0B5
:106A60006B494FBCDF5BA8619F65DBF73B07675451
:106A700088486E8EA06C56CAD929A211924CF4AEE9
:106A80003F7DF112010000605EDA8E26F837367C19
:106A9000BC394F2F8F5159E1E8B1E8599DD200BF61
:106AA0007C5EE59CA64717DE15F9AA973DC4DB6D11
:106AB000C4A676C3F3D858FF957D2054330795E5D7
:106AC000001EE73DD539731DA4650295E6187A735B
:106AD00060743131FB80DE15C86F2675DACD1ED5A6
:106AE0005C060BA2006220AB79EA0248927BA8C444
:106AF0005706C142E1AD1F083D39679F4B490C82E3
:106B0000931B08E82C4AC17B00CE0071E551B3D736
:106B10001605BFE5D34F867346A206F0E5C44DE9DE
:106B20000648BFF7E53246F32C64560533B32CB262
:106B30004EF45D15FCB43655799B643A08AC573178
:106B40006ABF4145E7A2EAF377B17DF5926DF100A6
:106B5000AE464C2570EAC7E502B54ED35BC3A085AF
:106B60007265B195CF74644BA0328BF5ABB1D7761B
:106B700030EB6A62B3B4F5EAA3E93AAF6D1AC30227
:106B80009314078742518E04EE843BF1E706FD2BF8
:106B9000ED0E852D07662F9D4E12010000EF7AC085
:106BA00087053135ADD0161CCE36EBDFCEAC327654
:106BB000103CA622207293DDAE00CB57098814E06A
:106BC000498FC3E5C9E0D135FF647E19C0A4B01C6C
:106BD000973C560D4BDA64DAF96B8F57855A740778
:106BE000A1E7B52F85A1D5E55714BA4F4E809DC9B1
:106BF000A34AEBFC27610C5C68AB6D17C661791783
:106C0000D9696DBE138B0A0F7D5F14968DA96FEE47
:106C1000F98510776430EE5E52727D66CD6B5262FC
:106C20003514D368C946B7ECF8685BA8F8FC0417BC
:106C3000D8DD1C95480D0BC2BD2EC7F713267C70FE
:106C40009E3B741B0A78B57E329DC02E4BABED93F4
:106C5000F778FD42B5E743F138AA178FF3A67F8294
:106C6000DF85C17E0DAFAE781A51F8A3E6481C311E
:106C70007DEFCFAD7C43509E8054EA7CBA283E81A4
:106C8000070CC9650A4CF64EEB52D4B3C1A7AF024C
:106C9000E7EFEBB513F7EAE69A5A2D57E53C6B0B95
:106CA000C2DA80F904EC2B8BCC82CD31D7BA231217
:106CB0000100008106949B9779A1FFC57975672C27
:106CC0003DB78E36E4D34D35816F45094B7F02CFFA
:106CD000D930C69F3FF0265C859DBFFD5CCD994CA9
:106CE000F15C7B8ABED23DD652666B15561B18FEF0
:106CF000091A18AE74C70ABAF44EB17F7610D1DD06
:106D0000D6824F5B5720A5B634CFBEADF6D4468FA2
:106D1000A1DFDF91FD8E9C2BE4D3F5BA6D90D324D7
:106D2000FF5FA0FCD9445AA30A21D3D7A4D30DE313
:106D3000119D2712DC8B2B3D63F0F5542C08503A43
:106D400073DA5BD2B6A6DBE71A63FEC10396C07A9C
:106D500087DD1AC69480ABC48E2B538423E0BAF42B
:106D6000049997326B172E92872DD98E945C7B3EB7
:106D7000C56B9619C9C2AC38CC76382D4BD48FA8C8
:106D8000E4465E112F9959BEA564AC62E6FFB50FCB
:106D90001D5617C0A6226A5E847017D0B696D0A67C
:106DA00059D4E9A3881DA358D2EE2AEFE6449C915A
:106DB000F42042496D9E9091F283813A2236BFC4FD
:106DC00083C7D5AE22120100006FDD4B48FD4BF1A9
:106DD000A245012A8575842746429C4859F66EE6ED
:106DE000F7837AF019378588AFC8E72C38914ECAF7
:106DF000ED6304B815EBF823B1AE0B7C0538B16731
:106E00003FF5DB7E82AE618968F5AEA50201BC1755
:106E1000DA4321AB5395B59558BEB93B359DC21A9F
:106E2000E3C9DA3393B6B6FA3EECC2E31390763494
:106E3000C11727E502C36FEF895E2788B5CD8D871F
:106E4000804C11DA3DEC439E4CB44680CC92AED3DC
:106E5000D8010BD2533460AA0E819AD1A97B0D764A
:106E60006D151A91AC1EC98E5861111D8D0A7BCF0C
:106E70009B608039C892DFF543BC8AD922CC359912
:106E8000B9B17DD645940AFEE64AEE7B62D1882FE1
:106E90003ED0054D02AB23DFF9C8792DC006BDB445
:106EA000CDA1DBF9C1BADD73DF01D4948E13915704
:106EB00056CB84C71A7C503634CB545840CAA21FD4
:106EC000CB2D5467E669599BE44C17181939130008
:106ED000745B82B65F0A2E50E10CF0120100005E76
:106EE0005388047CA363B431754EBA7CD9493D5BA9
:106EF00082AF609361B685C30C89B81DA672224724
:106F0000D6C0B27BD0842D1425278E6CD16DF03D78
:106F10008E6E98791AF658827B4949C2359FE51DD5
:106F2000CF463117184A151C377FB90168D19B8F9E
:106F3000B0FE3BE3059167E769EEE8537F2DB5B7F7
:106F400076B9E8A6E8F5B140494A990427C678F130
:106F50003EF24542BB75C611A614286A2CA88B26A2
:106F60006ACC76EE7024ECF335A97BE75A5C8C4E44
:106F7000314862CDC0DE642AEE8826A4E6E7629B33
:106F80006B8AC21C0B67CD5418DD2DC3667C734918
:106F90009C981B8A3C85DCE078E8D1B9206CB84825
:106FA0000E63578BA3A994F0C1A3C617F8CDAF28E1
:106FB00034AE48739BDFCD2C4FA85B277752AE28A9
:106FC000E886BA7A3D552E2B2E9E2D4F1D9D1D28ED
:106FD000921DAFE8A994CAFD267164EFF7E06BA497
:106FE0007251C55D498845E27AE5DE1B7EE33A11C0
:106FF000CB1201000013723A6302EF749B5DD6B2AC
:1070000014808A67788429AE88BDDA52C575DF6E30
:10701000D23D84C9B77D6DB1DD6AFFE7751B168F60
:10702000EC279232AD64CB1117D8B04CEC5ADE6924
:1070300033F314C593F0F04E4C30F97F0019BC6463
:1070400024F051495508DE0880BEE72908A8D9FF79
:1070500031B99C133AB5FBA21D0C6C9BA6DD88AA26
:10706000A72AF2F698C93764FEBB27332FEBD9FA6B
:107070008C8F27E208B7474E03BE17746CE4E02EEE
:107080006E497CDD690C304126A4788C5CFA7FD097
:107090008E05333F987C5AAA844865F25C4E3F7F48
:1070A0009B0DC9CEDF1C64C7FFE308AFB44DE97B7D
:1070B0009B6AE3D7EB5A70420143FCCF68D682C18A
:1070C000564E6486F8D9F21D57AAB27CFD516B2C3E
:1070D000FF0C550D379310DEC75FE74616B93CEE3F
:1070E000CBDB367D0F49163E0AB56A57E3C3E2AFE4
:1070F0000F55A05459E03360885B036ECD65CC1BFF
:10710000BBA5AA6A94D8D3120100003CB5CE080EE4
:10711000A67B11A72AD8F010377AAAC182C81E6CA4
:10712000211C76087C486BBFD6BC9CBBA8A73AD470
:10713000822CE04460E92BD847C6C2C2CD7326201A
:10714000D130DC83F2BEB7D5564E9BDC8E3226B0F2
:10715000E57F5004C8EDCA0BDE8F60F47FC8380BA2
:107160004CDBFB4584BEE931B51E7A8BB1E805A541
:10717000AAA3D2063A63CBA23DDED5F3A9F51E4EF3
:10718000020EE61CB8862142B30902C12EACFDAD49
:10719000ACC3E260BD0F18E4565032BF856F494959
:1071A0003A53615159D2C5F0A025CC8AE7574BD04C
:1071B000C1104DD9E29B356010C92695A67FD589AF
:1071C00088E7BBBEADC0F296FE67D0CD5B59AC8BF5
:1071D000E5B64A85BE169F49BD458C10279D7E1792
:1071E0007D805CF5C6ECD605AC63B2BD16CF7C2CB9
:1071F0008C54188B6A1FEB66D0C47881BBABB2E2AB
:10720000A4310F7866FEAEC110B3AA6150883E7CEF
:1072100052185B2022C19849654C8101DE120100A1
:1072200000B716591A5B4B9EED9C70FCE738135A59
:10723000F77AAE6A950E405F1B088F3DC1A255FBE1
:10724000100D77290E0ADFBB1CAD7370DF8D19C6D8
:10725000389D7C31BCE8BFFE2CE5F138C17C0121B2
:10726000FF11323CABCECDE437361B8C417F9F6D96
:107270005E836351E6014E0999D92EBB189F26D42F
:10728000543D958FCEC801B79FBEA5A17FC3A5D29F
:10729000B63272001FA4B27D420DB77CA20DB2635C
:1072A0000F8413C7EB619A30F6840CA61037B07DBB
:1072B0000AE3CDA903EA34490641572A460096005D
:1072C000BD0DB353A1788E6F96E3C4961437AE8D7F
:1072D0006575B62B3AF76A8697910475494672D858
:1072E000091E121E80D8493386C326DC2ECFA95E24
:1072F00001111F7C2D3B60001972878878187E4D24
:10730000F4B6CA4379DFACD45A6E4A9D7485341CF6
:107310000F0CB9A2896B329A9B6FF9A2246CC9B881
:10732000D93B1370E7330F8B9454D3ADAD92729960
:10733000D432431201000092D236E91B8A554FB96C
:10734000717D115E2A67295588C7FA9C7B06B011AA
:107350003F7239C6C432BD85BFE4E85A7D5CD3E1D3
:107360008462F1EF9721B2292B79E90E841512DAA4
:1073700094BC0BDBC8E03D739E29186C271F213697
:10738000C51B410AD3B9E93101EB442ED915863921
:1073900079C76DE612590484699B2E764DF8393C05
:1073A00093C9D32621E08229988796779D33AE92A0
:1073B000062E500C0B3964B3496D5BC12CF1406E45
:1073C000FE8FB57A35DDF797115DB78451C5B66686
:1073D0002DADDD3A01CC28520CF305F18422252E87
:1073E000413CF1F949616EF64684526C35D69FED09
:1073F000D42D62175BC802271EFAAA10D72B4F2282
:10740000869E0027326C116C241191DB9C3046E47F
:10741000984BD0407AEB2CFA60F27580E2EA8C7BD4
:10742000D06B11C93A51CDCE004E6925CBC659FE5D
:107430009047906607D71E3F62A9E7DACE93B8A8B7
:10744000413EB6E9E9F2E56E62120100008ABF84AE
:107450003997640A4F8C7F471717537B05F3F9322E
:10746000A12C8080C3B33144BEBFE6F0633707B5BB
:1074700089A2A0DAA3719450D1EC8D5D825106F1FE
:107480004ABAB4EB650EBD101781EA196040EAB83C
:10749000FC28541222D3E90C783D5537F07B2BAEF3
:1074A000F23AE5B837EDB56A8F1FFBCB0C736BBCB6
:1074B0002E0319CAD3FF1AF81C9E6EA5F1D2418281
:1074C0006E53D4BAD8E3553C9CA4B07F30733CA42F
:1074D0002195D568BCB8F6694464BA27E153B9B7B9
:1074E0009CFACAE6F3EFC1F433397B67CF6160855C
:1074F000BB2C7B19BD7D3368FA7AE4ACAE7B50B708
:1075000095E2237F504F5A8BCE51C03F6CBFABBC2E
:10751000E02F8AC0AB69CE834598A2D1FDF77DC725
:10752000A60AABB75067546188A7FB5233BEA51BB0
:10753000A4E23307BB94935B21EE7EA5830D83F613
:1075400060C4BF86CE8591728ADEF515229DA72282
:10755000DB033DD62397DC4772DB205D2D181A1222
:107560000100001D1CC0010BECDED359B85329E00B
:10757000E7AB5030A2C4EA8D6ECA77D1F9F834A5D2
:107580008EC5CAF7934F4F3C4DDD3BDA52EF3EF2CA
:10759000E8DED789623EDC7C1189B76F7DE9E7AF11
:1075A00027B5AEC3D80BBC32D7F47A6FE0BD49C261
:1075B0000230D1625CA27465EDB45493C54FD222FF
:1075C000BC6F05EB2C682EDA5538730BD2F438D328
:1075D0002E5827E07A7C150E11998A68B09F802476
:1075E000ABBC06982C288B8A0999B99C3EC968FBCC
:1075F000B3D0C10FABD22AD6FEFDB7B38538AD38B4
:107600003CE25E5234B6EE11555AF4E4042E1DA34A
:1076100034424D89076D0165F9937F36BD8323425E
:10762000D129FA9B03EFFEDA198B1FB223D70F760D
:107630004CFF6DA7D5C8774B25D225A9C93924F2AF
:10764000DEC11F196D6664CC64D0FF68D6EDE64BD1
:107650006D920C50E3988467F263A92A1384A6DF25
:10766000570A8434E84A789E0377048268DD741EE2
:10767000D8C039229112010000FCB5501D37259E5B
:107680009C630CCD674AA783612D7CF3DF1F0C50F0
:107690000271C6550DBD8FA3C37049C22816CC4CCC
:1076A0005ECFE10FB66D790EBF2414A79F4A3AB999
:1076B000747333F34018B12C92AB42BEF169B24AF5
:1076C000D9641B31C1E49F38DAB3000E9153C29BD9
:1076D0004636A8C35A076E29D60AD6E4F3703CEEA4
:1076E00034CB3452A1FA27F38E6DE062B39F7A80D7
:1076F000D2A0F6DAA5AFD680B0EA3D532854F237CF
:107700000D5456E6D6F1702A44EFD4EB7A31331A91
:10771000E9B492752FA046029E2D07FA090CB61205
:107720000F79AD7CC18D3B78C81A39FC142A24F03E
:107730002854C06CE5E857D31571026255AC17FDAB
:10774000B9024C984964E3CDFFB189D408FFF9AE82
:10775000DA00DFE5A4D3E82AABA047B1266B2AEE16
:10776000EFB12E302E461E2E136BDA1B2CFA5973F6
:107770003CC2849713332B6B3037A9ED55B4260ADE
:10778000AE103376FD1FCADD072114120100009AE6
:10779000A77F222D93B2C33509B102C45E9B351E6B
:1077A0003ABE2D915FFC872737C8B975AF128B1190
:1077B0000302C90DFC3EBF668014BD926B96CCA03F
:1077C000930A08F0F7C218063FDDE85E57D1B98882
:1077D000595C68C063B5B8C04F5190D5E8B48459BE
:1077E0006A70A8C60B91411E5B3C8BADCEF79E190B
:1077F000882E0949130D2DD20CBE375739514BCB6A
:1078000078C30F6868D1184F5CD1A2018D80FAA2AD
:1078100018E6A0CCBD7E03D6C4E4F6F893B09B0373
:10782000C16B97F699B502C8F73EC064C41BB3A3F9
:10783000B11132F459E9FB2702676F75EDB2CF4FF2
:107840002EB0C72FCAFAC3A17900DCE62A106498CB
:10785000AD66AC3BE04BE39DA792D192BBBB4434F9
:107860006EF368C2EC1D6D631F6ABBCFD382042E1A
:10787000BA1659ABA6108EB83BA9E0C6B8F6384E7A
:1078800024C3B2A8E170F87ED70DA8B72F501D3BD6
:10789000DA497AA15A798A432A08ED0F0425CFF0F4
:1078A00038120100009280A769CF10E832C9FC6B42
:1078B000662CB6837D54FF08C61D1895E88460D4F5
:1078C0003218FD37C320C6A41D6515B41A6A179077
:1078D0004B730008EAC74541B3D8CDF1B3B029AB2B
:1078E000537FCC4C964362E94B3624D40BEEF0D355
:1078F0003754E8B5D0A80AD3FD8F75E11047EA13D5
:1079000000AA9D673CE52F60FDF186A794D66DAE79
:10791000045102CFDB410C84BF34DCAF2768C49232
:10792000E45C3F535C96F0DC4E8E5F39B07C2507FB
:107930002C93FBB166BBA3306BC0E9E10891CF4843
:10794000915A9CA6D78D4B31C99DB4BDBC3278BE2F
:10795000454CF6FC2FA42B270F816F8981229B5D5C
:10796000E4A93A71300B003568457C2787D28C62D8
:10797000182FB480DAB56D389526B17C58B21862EC
:107980001C9EBB3D530ADB53A7825C15C642AC86E6
:10799000C25ED698B426EFA84EEA52059467805D81
:1079A0007B436AF5470174BF6E93DA68C8B5AD666C
:1079B0000E1D6354A65001120100001629175E7BAC
:1079C000C80E8AE165BC0137551C7C811672E8C976
:1079D000A183A7CCAA998A6D048B0B3DEC38F100EA
:1079E000512E75F82B6698D5CFC9C7C7536A07EED5
:1079F00079BA83F09D935824B32D3A4394DC356AC9
:107A00007D301C5FE89F6DFB58DAE087C2EAF5A580
:107A1000F389BF31E2D9040A3691E2434C7A35E169
:107A200080D34646834BCB995643C5AE5BF22EAB13
:107A3000611E32F7B0CF674B62295395391DC3B52C
:107A40007B03AAEC61A1B779ADA9175F1C4EEC5678
:107A50004F8745D9EE8DBCF8F3321AE205F9FF0ADB
:107A6000528444B617C828F0CFEF4C6FCD33792934
:107A700068435E4248A91A8F9AE9B65CBB84DE0768
:107A800083BA809E771A9F29BDF2038904248ABF96
:107A9000F3D959C474B8010C5C0358586804739B3B
:107AA0001A5D4437F7331E3E27091B40179FFA2201
:107AB000DCF85DF436402ADAA1294702E3215C0BA9
:107AC0003022B83A660FFD7F28D72F6BF3120100E2
:107AD000008852C08E09B0F50A4526F917EF8B8948
:107AE000A37AD9B60054FF33E11CCFCEACC5C54A4A
:107AF000FF65397B0195D5FC6B7BEFF5F8C408B0C9
:107B000024C9C0CB66AC3B164B91EB0029397E0DE6
:107B1000980F08891EC5C0D4026E3048A0508298C4
:107B2000CA804AFF58EF756CC155E48C0E826A8298
:107B30007AF048BC099A7AF634B99F7453291B1D10
:107B400057ADA69AC1285E72FDD4BBD82F9CD89B96
:107B50006077A31ABC3A22EF3652E445C60650C1FC
:107B60007E659C6CC427669062E0E299EFCFE56B7E
:107B7000879C41B7DEC54670426AE4095F9E9196D4
:107B80009B818B8358E60B9ACF9B72030E08378537
:107B90003CAD3000D8A5897EC278D696E6D761C4C0
:107BA00024AB88E7F03D01DD8A716515D44BC00F29
:107BB00084886E6570704CAAEF0E61AD540BCB27B4
:107BC00008599A2E8377533C7ABB54E690B41FE150
:107BD0007EE11DC4371DEBE657BE2C1D1243E3A406
:107BE0001BE6F3120100007BC7227EDD6D2421EE2F
:107BF00067783E765B3BAA0F246E0014BDD28532B7
:107C00002F152A3A4EA3FEEDCC656F891C6D5ED20E
:107C1000430A189E4FB9930898C819E94BEE621FA2
:107C2000621F8D25DE0FE0B3DC4A687F92759A21D2
:107C3000F82E2A95E4652ECCC1D2C7B34D7E6EE4F2
:107C40006A4C12EC8072EE08B40DACFDD9F7ADCFE2
:107C5000EB191FCAD2D3DD31CF821CE76C95E578D2
:107C6000D1EC304BB77AD3ADA161780658808794B8
:107C7000D944970B72A06BDBD0528CB708B68973CE
:107C800053C5850E9C00B2937FE218CC9A0A061B5E
:107C90004F4BBAEB53D2357A75F2BDE2A1A87A5EAA
:107CA000C969B95FCA0E3A00BDB7BEA6195ED0E277
:107CB000A99166440976FF6A13CD10AF863AADDF0D
:107CC0001EEEBEF9C2FD0667BDA5A8374EEC1959D8
:107CD000713A95A35C79CDDC5B116AB02B920E0FE3
:107CE000080A0FEC40276AD31BE9C34902F9366939
:107CF0008C4A1F55E8BB68F11412010000D597BCEF
:107D0000B2CC6AA6591543918DAC0DEFB4046CB991
:107D10001092BF977599EE6ECD8F00230D22D1C3BF
:107D20006F51FD0950F5983DA1A6D7F2176385C4A0
:107D300066E395FE7FBBBB3F99FC8E1CBA53D459BA
:107D4000E86D999CF8DD429E02A3C296A81F977821
:107D5000B38C4BE5E9AAECF68483FF434958DCABCE
:107D600042ADB18034E55CD5DB3BC6D4206E43C464
:107D7000CD24300573FA9209ACF48F620E7421CAD7
:107D8000E78232A06DFBD5A55A92B4ED1E66CE50A7
:107D9000F325EB97A54E09B48A7C8D494A14E95B1B
:107DA000AD0F3D29F3E263BBDC9DDCC7DFC5EF8C83
:107DB0003B463D7E10E4843629A74F9F35B8BD432E
:107DC000E2BEA24B2F237400B0227088A18C4459CC
:107DD00095A2E95755549ACE4C63EC77759DE1878F
:107DE000F0E903C366CB140EEC45FFEE2C1A410EEE
:107DF000D95D66FB2A9ACF8D94E6A6689399FD49D2
:107E000021286AD3697B6E5993D0EB29C4BDAB128C
:107E1000010000B4F5C89C74BC33BDD7466BC7E302
:107E200079A06E2951D8B6677DF8EF2AE16A5942E8
:107E3000578DC5B2EE32966BAF196B64A8E21894F9
:107E400056D9DD676CEE3AABD9185F486050A6AEE4
:107E500068E276DC84D78204A7C8A95C743EC3E0DC
:107E60001DE5247EB41D0A92D2242D3E3C018407D8
:107E700012E6F8F7840B3FEC6EEC6B81C570FC6684
:107E8000BA365738C48F1F06E51309B7C5DE379ECB
:107E9000B16ACBD79A782EC64A88E1EC7968475503
:107EA0005AE83D57B5B6D35439BBE258473531404F
:107EB00060089120708648D72AF1A6319B06CACC6B
:107EC00015AEF6A9DA470C100C5ED6E7504CA67733
:107ED000ABD47A6B4CAE2F9D671D083F6008B9D6B6
:107EE000C22EF9BC7F3CBE37DB5A391E27DB62133A
:107EF000E08D61CB9DC4280EBC16BE44D3B8D40F10
:107F000030F78F93F09A7AA84555B3B065598560DC
:107F1000C2906B37301DB577555C63B5D1767DC4A3
:107F20007C4C043495120100009A2FD535772F929E
:107F30001FE12E19374BB2DDCA45D1CE86AED3191B
:107F400083A860A42CE403DD25F372EB015722899A
:107F5000FFE5216C5A0F5E55AD73838A131D6C7952
:107F6000B25BD24FC8F3139CAFD2EFB7C7CA929699
:107F70001D104D584E02134B753B4E0A8A1C87E06C
:107F80005C0023E2B84F2B4496A161FD2BDD43D466
:107F9000554434F3C601ABD340C19108F6A188E53E
:107FA0005B03B211B3E096A3C0A4D0E10B5FCE1384
:107FB000DCE2D29253F9A4EA57EF8BD0D3F303EA71
:107FC0008738D2A1A12A27FB1172E09A76A6862EC5
:107FD0003EA5BE30CCCBB51BF40D20441D24A2CC55
:107FE000678C7601D57153A1588D8B7AB60A3F7A8A
:107FF000FF590A778ECB4A5FA27F7CD95209075579
:108000007010179FFF79D2E9DEEC24F572A5BEED62
:108010008E00C54D42BB529BE75E72507D3E196398
:10802000F564FA19FE807F1DC6D8383AAAB0EA83F3
:10803000C4C7E60F03E49D3E49546B1201000024BF
:10804000737B97561D09F91DF5A84BF7D84E35A738
:10805000E38F7E7DA754939548DF996A0CDAF05A36
:108060009CEA21B0F36F0196FEABF3E2D27CB15DE6
:10807000A000230BB882103E3370692E7E27C21CED
:108080008A98691EEE65CA665D9131909D16B3F1BE
:10809000BEDCDDDBDF687B17DE74859EDAD8EAB8EC
:1080A0001705F69C9E612D56D91B2AB9299828C21E
:1080B000FECE25F76C19313ADD429AE1976DA21D8B
:1080C000373237631430757EDE48D7604CCA2AEEEB
:1080D0004431E6265EEC489B3BC6B6D05D0DF59973
:1080E000FE9BD5BD1A96F9AD941A580707D111CB4E
:1080F00032645D2B41B77328C69620FA142C86761D
:108100008F2BC4BC3264F4446433AB18E36983142A
:10811000ADB62C74717B11DEAF613908ECFEC54041
:1081200094F557AF365EA6F70977C747609C44F9C8
:10813000FD43915F26A94867EFB68C51FB4907695B
:1081400034B30937B78126284D2217F2C51470CEF3
:10815000F012010000DD3E8C2A8E5782655173B407
:10816000D568921199F42E3B5BE2450E1D1970897A
:10817000B64E4468A23390BAEFAB7BFF42C609D536
:10818000F0FE929F41CCABA04BBA3FD38A1D986AB8
:1081900016351C496FCD6522461E95C064CFE2B2EC
:1081A00095AC50CEC32C5947AE9013C355273C75A0
:1081B0004F64D963A85E7844BDEBA66D316696E640
:1081C0001A2FC10987E1826DBDCD27F9C195CFEB8B
:1081D00031C270827B27297A58C8EE8195B94A2826
:1081E0001EECA8105E4FE2CB85BAF74D7B5F276B84
:1081F000B8916E5DC834AC252D5E9724BD99F14FC2
:10820000850B2141A4F04A9DC191FBD8A870FD4E79
:10821000EA7B41F9042BDAE2C4411400CFBFD9EC68
:10822000A3DA06102FF533AEFDCCAAC93C2085EBAE
:108230005E95BE605929068EB692C939AC897AAD71
:1082400082ACAD900FA442C361FA1281048F4B71CE
:1082500072C8ABD659DAB139CA228940564FDB34DD
:10826000EF36A0A333D1FE120100006919B73F53C6
:10827000146D5E5531BF558B39C8F15C644BD960C4
:1082800040B47FF45C966F1290894D21FF3FDDF280
:10829000B8FE7505CFD15A27C5A881E76A92342F59
:1082A00077CED96B5C457FD0FDC67B27755F3E627C
:1082B0006D4B4C01D22862D2725B0530A16EA90EC3
:1082C000AD9211F5F6B6B8789AA1E66C2CBE0D46C3
:1082D0003D3894EE4795FB61909B9EAC7BDD48ADAD
:1082E00062F7DD0FE2DBA236FAD20F5C227C605C23
:1082F0009349C968A91C5A1D65358E20156F6B916D
:10830000E0571837FB2FDEE813F5626D4284AE1399
:10831000A8492D39E49F6A17030F09F013AD4C6B80
:10832000D3B9153CA9890C94B252F8D4B50B200FDF
:10833000BDD1A85514C1B8032995FEB67F3D4F099C
:10834000F0300F33809648F6E7CE040CB8BEBCD7A9
:1083500067D9BC024133C01128C8EC7CB2E7B21126
:1083600039AEBB6450286A8CDC9A830542BB8F1AF5
:108370008B841AA733393E716923944E5A12010037
:1083800000FA35D6579C93327E0FA170651AC94406
:108390005FCE09325949537C252BE7A50A5A092893
:1083A000F3FD8736A8CC44609BD0813F683808C471
:1083B0008312643D4A926C6660EDAC6ABD5016F360
:1083C000C2E4371D89066AC6224B08A3751922E448
:1083D00094418D53AFBFF13588FD47820A745D9D8E
:1083E0002D44A8C66CC9C4AD5FA79D6D48BCF7B04D
:1083F00090AF1EDB928934B551FC6F7E2CE9509C06
:10840000413E749E3EA79AD368E2AA317EA39B6345
:108410008DF785B68735D9CAFB3FD2015B8EFA8FBF
:1084200086FFD9741C4FF8AFC6815B92D17CECD823
:108430009034E8A1802DEF0BF8B7036538A41893AA
:10844000509F68FA12B0435FF658E27BD3B88F0AA8
:10845000809510BA9A56CE0A3F67B8CC9261647C78
:10846000E82A7DB8D8DB156A8C541387EF87BDD412
:10847000948E40F32EA70BB72A19840AD18B1DDCEA
:108480009743DDF06C5DAF5B82A830790AB50BA134
:10849000CCCD82120100000EE1713D0242F6758CD6
:1084A0002DB553C8303A94759C906AEDDC45EC309C
:1084B000C4639EDB7C44796651488D188C774947AC
:1084C000EE24040D8662A2EB44FEBB97607B92F41F
:1084D000D772223EE360CDF81182A354D2466C05D8
:1084E000B193FA9EBBC1F357DC0FAC0120BAC0BCFC
:1084F00081736432519A8F9A0EE280DA675F5B9ED5
:10850000877009D2407C217C68672F97199E3BC4F5
:10851000C5A5985EC059BC2442903DDC9B53D774DE
:1085200078C2B8B3A5C3E671689B10492829687959
:10853000B40EB8A42803F34FDDA8971F34B89A945B
:108540001E1AE0A4C8C286C846BA8CE5F5D0E8B3C6
:108550002056280315CCBDCBCA13DDFA40A9E2DFB3
:10856000DCC6EF9852B4F5A53B7BDAC199F4F176FD
:1085700082B3C53251E11E88FC0814B8FE0FE8BF73
:10858000C24B7C35A67BB2A4B1B2916A4548C1907A
:10859000EF366B95D07A1EDA86D58AD8C9103C5E44
:1085A0001B1431F6BF1299371C12010000697D9D22
:1085B000B6B3F40F9F99ED0BC10C7F1D31BD6C0D4F
:1085C000292B9FA375E9EFCBB2AEF5C950C2470383
:1085D000B86124EBEEBBB6573F15B8A7876C7F4C4C
:1085E000C1AC6B6158EE0DE7BA27CC6BC95E1D3E7E
:1085F000ED072F5E034767E9748933FC2798300045
:108600009BAAD4CE5CAF36D44E48412E3C963B1349
:10861000B00EDE7483B4F902BC48C9B032116A925C
:1086200040E54BF77875CDCDBBE0570C0D6357D1C6
:10863000F0FE3BE4FAC350355880D80036A36EF5FF
:108640005BC173A57763C5FCB7C478CD8B17ABA3AB
:108650001684110F9FB3DD63B43455E9CFC0A5F77D
:1086600029FB01EAE998AA51D0AE9E7A66B16E164E
:108670008734A5751F9378F2934A94F36C95114B48
:108680004135F813C46EE04EE3218E85F743036D48
:108690003EF5C5CD893B12E1EB903BD64BB37EE175
:1086A000F78D650E5DE0E6096DDD9D650C9203B307
:1086B000AF046231301273253FEDFFD22C4D8E1284
:1086C00001000084027F9FB4C07642A962B4B0ED7D
:1086D0005021BC3AA47ECCE7FE0B46E81207C53415
:1086E00004BB47A147A422C48F31471A9894FF04C2
:1086F000CF922D989E7E6EE6A7DE1E1BC10D9E0AB0
:10870000C0C86C0F6E81CA71627CE1FA7B5BC8CC19
:10871000357B8AFD090DAB8C9F768CC86BE7FB65BA
:108720007DF375CEC741B2C7BDD98CADA672D8183E
:10873000A28A876CCBD9264355056621C4939094B1
:1087400053BBC55E45AE1B7E911C286119DE757852
:10875000D5F95BB41D47F440AE942D851FF63ABBA6
:10876000F4EA35C1A758086816FF6D91D1E6A8381C
:1087700087E98D6B083E505AFB1A4D254E56CFBBEC
:10878000006D83EBED6F2F21BC50FA9C426513AC5A
:1087900062AE78C58CF6885507B2D32EFC37659744
:1087A000129F8AAE7A1A3FCC54D3A1D64D21BE4532
:1087B000ECE5B0DE588CCF9EE134A3967964E10BF2
:1087C000FBFAC17906F2F3AFE88C816038987BD26E
:1087D000BC8527142812010000E670D4975FFC4B7B
:1087E000EEB1C67B858EFAC4B14B04D0C749D5B56E
:1087F000D70D23DC50BCC45B6B48296A3A00228F3A
:1088000040D3C905DA76E8697E2764533BA598967C
:10881000C0BA18A2FAFC7D86D4EEE83AC84E3FBC36
:10882000CDE631D57CA5B1233ABDB611B5949845B6
:10883000B66F35D8A36D48651EDB0D078E5455B64F
:108840003EEAD45D5A18332107697B5251174C0B0D
:108850005963B540CD50A9E5D21BD2F2B92B0B36E6
:1088600027F7EAD3DB7FA8CAC403C4A69665EE4502
:10887000C36F40055514DAAE0E26BF0703DAD16F79
:108880005993B3F601ABAFEBC609BB9B4C97E3A77B
:108890004C6E7B32765FCAD932D758415FAC50E814
:1088A000C074B873CA30FED9BE70630F7496482B7B
:1088B000DC4A893683044122892266E37F38CFEC83
:1088C0003F8B1ECA531C8C25567095580BD717E644
:1088D00096DD0EDA762CDCF29D92318956F35699AC
:1088E00022D227D00D511EA7B2066A1201000084C1
:1088F0005E84532F2C4B06BA58308FDCB4283329B2
:10890000362E418D9DDCB232C39E7FBD2E0A66A7F6
:108910003E240F966605FB78816E9A128E7772EF71
:10892000146C2D9B2B0F45A073BA36DDCC4F2AACAF
:10893000F219AB9CB2D45300CB4CDFD89B4F1B3EFB
:10894000BBE58AFDB881F611DB7A86E2363E1DC7AB
:108950006A4E726F04A76500AA59B2CAFEF23318B4
:108960006F3EC524A52E00FD65DB1A0E859C1C5AA2
:1089700085D95E06D2C5CBC86873B4A142D222564F
:10898000B052154F1552F2E99358FB00DB7940893C
:1089900006011A0C040EA9910F070702CAC5A84BBD
:1089A000DC75DAE2B77706D2E63C48AF3021E82B37
:1089B0003C19EAA999090AD42A52A599B16C1368FD
:1089C00060D09FB75A040C7876F34615FAB60B7F41
:1089D0002ED9FAE17BCDCFED6A9DF7CB0E823A839B
:1089E000A939CB141519828E56AAA3218CD5A38F31
:1089F00032A58938DE545D6C59E33DF3F0C36A3427
:108A0000F412010000CA4D7D8BBEA0C74850C811AA
:108A10005942A06026AF1D7FB24E31B69919B6BB40
:108A2000F7B0F22ACB61DC0964A1C9EED49A248F95
:108A300051B6D423DEBF573AA03373CCBC2167783C
:108A4000960D61D4600C5357FD151D8952FF2745C3
:108A500013238437BC12E7C016DDBCAE0B397A4154
:108A600005E7886E513CE427860ADD29225AD7D3D0
:108A7000F4B8158665DB3657CF09A619E704D60A80
:108A800068D92477AC9B17F31DDDE77448DED73136
:108A900083552E87744E9038D81BDDD73FB6AD3442
:108AA000B126AA09509C6BEB97EC6DF358FB209311
:108AB000B2DC3B420992C0BF95FEE85D67EB5BCE3E
:108AC00078C565A79B38F0D2223C85F7D5F7365498
:108AD0006187E54BE789C1B062295BFF386F0741C9
:108AE0000A83F45518506066A753A10E359391443C
:108AF000CA592096E6B614CDB5556416671FA680F0
:108B00002D82C07ACB0C936CA7A8539040C18E7F66
:108B10008829978998F6E1120100003AD8D5DB57E9
:108B20008CFFA009ABEEA70EEE46F5F15826DA88C9
:108B30009B35A1AD28917B1AB5CDF69A019CBAF16F
:108B40007263798A49195243DECD95B752310826AE
:108B500069D1428EB3BFCA4FAD014EF919DCB11DC8
:108B6000A49AB259EB84FD1EADBF7729B635C4ED8A
:108B7000B840AE99E227FF451CAE3D5867A98F1A51
:108B800089D09FB3B8E5702F8C2787E83BAE06FCF1
:108B900054F909DF9C8BC2F3FFFBB44EB6380AF6DA
:108BA00086D719FBF1173AD9C35B0322B04DC375C1
:108BB000BF6B13FF94EC8C137334206E316912FD7C
:108BC000572D7BA8DDA19CC8B34446A71CE8B6314D
:108BD000161252C1D05ADDEF1B43A48EF913288917
:108BE0000708895F53EB45C5286935B3AA4B8586CD
:108BF000A5C02181831A2A6D515104BEDE2ECCF707
:108C0000CA59D8DDD8FFFA707F251181B9EE5C3BD7
:108C10000DDC142FFF1F80062B9C74BAC9C1C65BE4
:108C2000B8C748CB3EFD4239AC984B0757120100FC
:108C300000EAB398FF0E08BC1DA0BF4969C8FE65D5
:108C4000DD080CC1B17E1E0A7F61C609F06EF269B3
:108C5000907CF306836FCC126FAC47022520E6CAE6
:108C600074692E960D54F9A640804410E9C651400F
:108C7000789EED2231CB013B13F33F4FBE4CD6BA69
:108C80000A2B50456B6982345DF9119C6B01928F00
:108C9000A9D9E59A2843481908EBF56A597541B0F6
:108CA00012E6F88D82BCCAB1A2FE76E384F89F4F2B
:108CB000B7277369C51F5A832511A5344988761CC7
:108CC0006A09A9C77D8AD69A4A35B410ADCDC4EEDB
:108CD0001B169EE5D8A71A72F44C1937905266CE2F
:108CE000E903FAB1B56EAB6E54551119EB4C32DD98
:108CF000F7A318C8789E6E33BC4C6914C98ED82867
:108D0000FB7DCE98727B69098B4F8D176429F09398
:108D10006C1CBBDC19C9CA62BF20B9648986BE96C7
:108D200048F12292AA84699DF47C7AF88A2932FC5F
:108D30008355C60C8FF75D3FAC7DC3692817A7E24A
:108D40000118DE12010000B8BC79FD7270617EDB93
:108D5000078D25585421B63170CD4A1DD13C4ACEDD
:108D6000DA865F9A813DB9AB2318776C07561B05ED
:108D7000E46C9A2EF356F6C513CF4ECEF90CC9917A
:108D8000E349290C65F75236E4277E9270F5D48FBB
:108D90006CFDBDFBCF00B751F3F8C47B73A6D86C54
:108DA00053336717713EF90387E3F915FE82D056F6
:108DB00058FB532C45C58BA8AFF1A7CACDB5276684
:108DC00074B47FC174D32216AABFAA48651EC6D543
:108DD0003C2B0FB261A0729AD13540CC5BF61941A1
:108DE000361561AE0E509E0FEB19409EE1245033B4
:108DF000041A134B0D4465C2D5B02AD50C2828F5AA
:108E0000C353D901FE5CFB9CDBDCF1115CDE86F414
:108E1000783C629624C25E86DE3C529FE8D00E7992
:108E200028DF55C3E027EE0CE9EE4D9BB6E6B83DD2
:108E3000292AB9F9BEACE59D5E7AAEAE3EA9AA3A42
:108E40006AA04A503DC5B547ED24A9F4033745CC87
:108E5000BD1DB55C0D26C11D4A1201000027B56479
:108E600085FADC4DBF276D5A1430F4551A429A35F5
:108E7000062110F099C4CE7CCC61D62A53E031C7CC
:108E80006053BDEE2CAB6242F901F4A743089DCAC2
:108E900059837CE62A61C0D9673D6628412105D403
:108EA000F9BC4290B1B1B0E4909B0DACFF36CEFB63
:108EB000380EEA96B6707EDC6D424B74B89F185D32
:108EC0000FF71260C51F4C9CC44F2733EA8D3AEC54
:108ED000B92F545CEBC1453CAE93A072C02D096420
:108EE0009275EA5D2DACE9AC048EE2C303740C7D8F
:108EF00022AC41E4D30263C2FD6CFC4965BCEA824A
:108F000076E9641EEBE8E5070718D0455917AE7AF5
:108F1000606413934456DBE81B2A6859359E7D55DF
:108F200026DAB054D906F7B460F47366916E8CCD2E
:108F300038FD4A7B63439A8D06DA9FE4F71CEF8A7B
:108F400092CED10A2B65DEAE5B2236BB48B0967D51
:108F5000B42953C9FDBDE834FD7E0E4A0625CA7604
:108F60002E1B8D066A8D50BB12D8B8881425D112DD
:108F70000100005027DD121561A81A21A3F563E254
:108F8000DCC106770351A899BA34624451436BCAD5
:108F900078E138F23A31B87B58A5884D31D35B552A
:108FA0006A5CBC79ABED31856AAB0A946F2D6206C1
:108FB0006E93A4248D1F56149AD31CF4B078B1FA82
:108FC0002D9806AB96311DCACB4A5B0523091A0AB8
:108FD0002472F7F8C749F1C7AD84AE1CC7A73D0797
:108FE0003C2372F4E823250F8979309563200487A8
:108FF0005FD35135E7F74950277DEF36BAC450B4F7
:10900000764241842A303EB744161653D5F60AA458
:10901000C36DD8375C2C1D85DC098E826C9704D912
:1090200001DE5D1DA84FD1E22D2222DCEB76998E68
:109030008FBE71F4D19EAA37E38582B637206308CC
:10904000796F41045779AAAB425E15A43EF66222BD
:1090500072488913AE96800452EDE39D8CF9B8BA3C
:10906000F1AFEE76AB6F161CE96B9AF214D7E4E71A
:10907000E19908C77A61089EB5B956E467E04EE108
:10908000E6C4C7642C12010000D059DB843729E7FD
:109090006A36D393551ABF45922A5CC9698F93DD0E
:1090A0005EE6137DC6DC4E25DB538625AC2089E2C7
:1090B00048D940736A9122A92C405742EA657555F8
:1090C000A9BE0D02030FB7D6F5AFF63785D18EB71F
:1090D000D1BB360A393C1DEC79EFEA023429B26B78
:1090E000A2D964CF3D7F7B962263609CFC346D1DCA
:1090F000F415E3F1625C26263F9B92A62DB0562420
:1091000060D37F545CCE9CA974DBF28A0AD5FF033E
:10911000E02C69CA69A50D77B3A7BF9E19BBABA5A3
:109120001EBD4B4710B836309050092072045AFAD1
:109130002EB45252FA9D3560AD40429980B48550AC
:109140009A59C64A0C1B1C9B033C5CF68F2DD6B962
:10915000FB5C1631171926527A05FFE45E578C5CCA
:10916000C8B911A5FE1C7F1928BBBF2368B6A0F99A
:109170003B34D47045FF056261C2D4CBCFB0607B75
:109180002389D706D59D554B3F3DD94834803A4E6B
:10919000CB5FB42C7FD68C5A353F21120100009E44
:1091A0009FC301B8B4A8CCCA6B8F7AD82DC82552FA
:1091B0006BC6DCD994A827A6BD8740D260260C696F
:1091C000DFE7D4305F422591C04B2CC52DFAF96FF3
:1091D000E1B799B9C5FF07A8BB740D6C481DCB74E6
:1091E00028439516CE4E097E8DBCD928A223EFBC0C
:1091F000497E5FDFCB6D48114F3F0336040D34F9D4
:10920000AFF3B7280F8E83D769BDC9A4E0CB2CBEBE
:10921000B434E03A56F33F7641387284AA46F0DC23
:109220002E64CDA820B1192A19BA2BA1464D74DBA2
:1092300000105B7F65D42F580FA5F68F33D68C5D59
:10924000F2003D539BF5DAA9F3E3DCAC648FA91D72
:10925000A8050CC396997145BF3FDF2AEFE196B28E
:109260008E7F8FE0D2993FC1BD6E49C0AD554BD2C4
:10927000CE469C9EF920770992772691BAE25A4C05
:10928000B634DBB6B239F2FB615541AC95C8BBE9E7
:10929000CD4A716BED66152C73EE8995C8C95ABE1F
:1092A0008AD7BDCDBAB6947CDCE143B211753BF1EF
:1092B000541201000011960AD092EC1B4D94737168
:1092C00011ED76746CA020FF1306E5CC243E084314
:1092D000271811DFC836E2D7F499B7672D58ED5A31
:1092E00026478FF5726EB4A6CBD455F5DD13FA1868
:1092F000B4D6805C14E165156759322BAC444E0D31
:10930000CFFCDD0D3506A5B724E8285BC41B9CF611
:1093100015154EB0AF065C331F787AF7AA67232E77
:109320004F43E277BA9DE188A710A0CEB6E2FF29AD
:10933000DED65A77CF9E9B027D1A7C3567AFB796F3
:10934000183E477956960E41B0FB91352E92400259
:10935000C4EE7E9219CDEC83E07F78072DE6EE4EC9
:10936000809200333FE78DC05C0DA49B44E5A12EA5
:1093700059095487087DF22E356C3F1936A8B12C57
:10938000BFD45FDC7064B236495B3978FC9EA56E51
:10939000CD6F89E7463C7CC5F1B0ABDABFC6BD7581
:1093A0008920DA42DB66CECBC52BE908D27FA31A2F
:1093B000467BB2BD37F2553FF92A53B1D70DD0FFE6
:1093C000E454C6CAA682081201000077D89E06B1EE
:1093D00075AFA8DE91A59254EAB0D19BBEF40A689D
:1093E000248DACB2E909D0AA64C9AE920A5ED864F1
:1093F00020ED7BDFFE3AA35F184F4356FB4E9DDA0C
:1094000041DF6469D869587202609D1736A073DA2B
:1094100067892AB862DB9868EBAF02523E4CE522BE
:10942000927ABF0546FB32709464C1B0C5775CA2E6
:10943000285276E047D1BE6F55AD90F4D9A0EFA485
:10944000C730E165E6C36390EF4F304D2E58FE4ABA
:10945000C989DE14F70624C923BF8001BE49A5AD22
:10946000DEE743F08CAF9FC6F8C2C941E0BD742768
:109470005B0999AE29BDB8CDBE37387C03BC7F09E6
:109480004974917214CD5A28B6A3F0D478D2DA80F8
:10949000BA2235A44FB19978E37D10D915E82EFA98
:1094A0005A39D3BE6969CA7FA3A39309CE6C52FB14
:1094B0008B6D93A9AE7879F5E2B863D766EA276F2A
:1094C0004E1C67B49C16534D1DBE0808875F2C4A7E
:1094D000B9D9BC242032BE43B2EADA7805120100C1
:1094E000006B39E3C9336EA5266DC75C964F112911
:1094F000AA5C03F905A4D69EE5BA9D34E2686C081F
:10950000D005E6B58A56ADF954265959EF759B43F7
:10951000FBA3CE6D7466D708A6B54AAAA23B968671
:10952000F09EA2A186FDFDC6908D997C9DA9B66591
:10953000E7A81ACC4AA8F5C8DA21397BF7AE91AB77
:1095400007883ED1D3BF4E101C44F32A42E7AE65D4
:109550000F2D9C609EB5E95E2155B68835B2A29B61
:10956000B759766BE9D3EC0F3C5D1F54B439AEAB01
:10957000D55B05FEFEDEDD5B6C9D31E006B33A3364
:10958000E549C5ED602BFB827DEA247FEF2ABF749D
:109590008BB5DD56B3610E8CD2030D4931F3CB6E22
:1095A0009801C527FE5A6F92C08A9231A5F9D561FC
:1095B0001ED8C81A072ED19A8C1640FF53312D5C45
:1095C000910C99BC49B84A6AD61BEE5238FEEEBFE0
:1095D000701362EF408796AE2469F8FC690B78B986
:1095E000CEB9FBCB9225B08A9B8B1746407E01E714
:1095F00036985712010000A2E8B583C5DF53283022
:10960000E828E4D4704FC57DD6C96271FB3E80184E
:10961000B63FC4D2AA32551C4D965A13FF15FB749F
:109620002DC4533965FAB60891B42FC24333CDBC6B
:10963000CAADAF065B6290F099B214FAE1B7572653
:109640000B385C67E6395E9C7F2F2E9BB3562FF15B
:109650005D14D0BE21ABAEAD6D0B00F60C16D8126A
:10966000972DA1E7B4BEDF92F4E4F0F0AB2AE1F964
:10967000110AFF38AF984C2A3EB37B47E93AD240F3
:1096800071DA91AA6C8A6C487568E28CEA7F0FA443
:109690009FF89862A205B8FAF0AA315727AB558F08
:1096A000217EFE1DAB0A74CEA6DF957F37CD142038
:1096B000598136745730C692B6C30110E2BDD457F3
:1096C000AA6A2CB911D6E0659A851988E5F36E3738
:1096D000D4C839F3243096BC57D2FD47FDC4E6E424
:1096E000539338705BE907B60D5BADCCB7702AE4D5
:1096F0006E48F9DF505106C279E09D7A6B1158101F
:109700009AFEAD40E87C85067712010000EB66C446
:109710005D1703F91635D3273D4DA1EF14474E666B
:10972000ECBD39ADDACE115FB804CE604FAAC9F9ED
:109730002587850BB03D6DE4A160FE77F36D07A929
:109740006EAC347D7AB44F76A06B7AA8D05C741678
:109750002B24952B2B8D334C0C5B2C4C7C88EEB83A
:10976000399A96C070ECA6F6ED30EEF1FEAD3543B9
:109770009006265C9B3E7C91FF0416CCDEDE2ADB45
:1097800086A35C8DF872643F89BCC0EACA30A1220E
:10979000CB162DA50EFE43155033316D6C3CA7B092
:1097A000367D50F252392CC2C1F4FBF9EC1B424A0F
:1097B000BD2CB53DC939F8597EA3706A6C8EC7952A
:1097C0008F4DC639BD25C9049058B5C14AE1AA25B7
:1097D0001E6381D0CF89832E911CDC738700C6E580
:1097E000DC10BAB76FB230064C517EBB0B26D9EAFB
:1097F000FAA46DEE99CFFACD07105DB2A56DDF85A5
:1098000062E75F32E541C6B42F0FFD4E79BCB4F775
:1098100054BD0B44FA857E8ECF6161D0F5A45512FC
:10982000010000F1B7116B6ADE7752910DF7129CBF
:1098300099CF875ED521B1D8B216D987A3134790A7
:10984000150FF2FD0B4AC3E0DC2244D3A2C7A0EE01
:1098500024C9A8583650BAC45C1745BA63AA9534CF
:10986000C9B3683BD615B7FBDEFF1DDF9DB741B618
:10987000BE3AB888BD77F6288E567C84529AF28B11
:1098800078D15A5F652B6562028138D33EE17F5201
:10989000C1E3859DADDBE3AB4EF09EDC9666AF3851
:1098A00058BE63A5ACD4E1AE608DFF0AB606B2D750
:1098B000BDA7D83AB989C137FF25164A0674DA6FB1
:1098C0007FAACD876C52A815BDB04D1361735FD3CD
:1098D00080D761B16147B8512CE5C4E87A75A93DDC
:1098E0007AF34E7B48BD453EEF7C585A54F8E82148
:1098F00014CF412C4F389F57F37EBC475EED687BF9
:109900008A9C9C1AF47A1E5CE125CD31A0A00BCC78
:10991000C13B825CD9033932783173A5B82BD1545D
:10992000103D213BDDAC1D1B258F972E5E60E7A906
:1099300062C867F61612010000927BA1C115A9FC4E
:10994000279F4E0F0AB2304F708A930D57DD40A00B
:10995000940F8D383EED063EDF67A0704777FD001F
:10996000746CB07FF10711E600D0855AC91D61D52E
:10997000CF0892D04388B6250190ECA7B3DD32F42E
:10998000EFAD0F8A61B29754D42AC4C68E300DB29F
:109990001AB98868AE02713E68B3B98D6FEC0D4C90
:1099A0007877835CE266AF8C449464095E784EDB22
:1099B000675DD054453FEF95F01148DE6D57676CF9
:1099C000724A3311F8645566F539C670BB363AA24F
:1099D000665C3FF8822DFC136A4A9FE0B6AA39EF15
:1099E000A07B3C6B44B5568F0DF561E1731EDEDB49
:1099F00075FE6B28059BCA674049488F7A8A9EFC92
:109A0000EDE2AAF000EE5CBD450BC0923A44969997
:109A1000C298B532E2EF7632406DAC8E6D0CC3BBAE
:109A2000216AD309AB2666E267F11796E9EDFA36AB
:109A300022B07EF7300C0E1AF62A0F1BAFA0287C3E
:109A40001470566F8F2F508AA0D6EE120100000DB1
:109A5000CA6CF46E5A05421FD63FE5E303A81E9D6B
:109A60005895C18C7D7CF2691B169507CCE01706D2
:109A700040360DA791DAC41586F0D0CF4FCCB8266A
:109A800036081948B1D339350AD74E13274FEE6E31
:109A90007DFD16D86E16D16D36F630B92EA712712F
:109AA000927F18E6622A02EE37610A97AF6C7F3325
:109AB000A93C0AB9D0946E4B75589A2B6E4CD719A5
:109AC000E949C4CF44DE88E4E2A509871B272FEAD1
:109AD000117423BD89C8E54C063390413D72984509
:109AE00019ABFEE0164869C97CB71E35A655A70616
:109AF0003488F757A93A7C14977BE9AEB53A2D5ACA
:109B00004AD0F11D57540B5798CE1B19C891723B80
:109B10007A5BA7516F9A8FC424BAC4E433B778A193
:109B2000241CBEC8F6E20197FC95DA708F437AF8E0
:109B300082A04455A6D507C4792422A08C82562D34
:109B4000D97F464D5175607047F40097C7178C7DDB
:109B5000848D98D6870361A4F1076C03231AE175FD
:109B60009612010000F468D342359E9D2ECD1BDC79
:109B700075F163300AF23B5C750085CFE855A909A1
:109B80000EBC9147DB9DD1AC8FC37BC48CAE7B56A2
:109B900023D1D34024E356F9AF173E9B3BD8103076
:109BA000DC128EDB9A5FA749DDE0E01625A14AF1C1
:109BB000AB72036A6F356A8F15743DF3D4DC4DBD0B
:109BC0008004881D87640EE8C0CA716ABA408D207F
:109BD0007F369FD79D647173A948DCABF68B8829CB
:109BE000BE8BAABEFAEB05642B2E676B2730A00054
:109BF000A8EFF6860CC53E6A131B1D7E6FA5501F8D
:109C00007556E2DF63040878D7E509747A5B9D3FF7
:109C1000D35FA26EDEC8D7F01626EB1400BC573D0A
:109C2000A1726A4A8110C55B63C47456FF9EAC8101
:109C3000BFF9FC0C1BE087839A5006266E5F067204
:109C40004C2A950F1D02D6A6C6DCDE40D4AE00FC21
:109C50005F8316F80926EA26A5ACF51C473B7FD2A0
:109C600025794266E42E76B659F889B655E5107620
:109C70004E5F82EACF7DC91201000080191AE767A2
:109C80000275C1FA8DA0FC905A479B5910596C5A25
:109C9000F0C701203364E1D29F2794850B82539C47
:109CA0001F3866FFCB134079B690D4C9C53550DD57
:109CB000523DDABA5B0A759C197042DDC4EF11326D
:109CC00090D51849766057AC9EDB7D897E013C07B4
:109CD000C8533D0392A6B089E98E2C61E8BD8A9EE7
:109CE000D9DB67BB88FEC9D2A689F74D9D7115C81F
:109CF00046BFE2AEC41A77D2D31E032DFBB007D500
:109D0000A369C8D0C500D2C6006DD6C39B14F37535
:109D1000B73077F6989897F235829A3261D4B21DAF
:109D20002E4B1CD6819A61ED6FDDA43FBF58106D9C
:109D3000F4609CAB6222F1340B9B7B11AFD8E594AD
:109D40002155A1374D879DE7B4FCB199C5614247C4
:109D50003B9105A870551E3FC8AA077F941D8B54E0
:109D6000B99B4E115EA82D9E86CD5465DB0B1395D5
:109D7000BA8D70A9D73C4141A9986C6499CD4B38F4
:109D80007185DF8CF23FA82AA6D7F914EE120100E4
:109D900000361DC959BE22E6F2FDAB673B8A1E7A2A
:109DA0002A9F97AB9C5E5CBDF1E2AE086109DEDAEA
:109DB000658AE5643B5826DF7A47B9B371A05F65D1
:109DC0006D0D014E82E44D094ED649B75897F7F90B
:109DD00062508422C55DE081942CA4D91B41B29AC3
:109DE000EC5BFF9044752AA5D702829F15488C0F23
:109DF000BEB398526FA3E621E66CCB8A44F16A1E8B
:109E0000BA8445EF9B6386CFD715952FE82391C879
:109E1000FA97D5C5F9BA6AE4D4B9D05C117B8586C6
:109E2000762B2315D2D87C06D63ABB8D01C4F5B764
:109E30001ECA748A40B314E2CE455FC920E98D98EA
:109E400037E4980009B77D2B635CF870D0977506EE
:109E50002308905DF3162598B6CA2084779356CBD5
:109E60006502D44E22511A34D2308356714C2B0ED7
:109E7000755501171B3A05318A9AFFFFD786AD74D5
:109E8000AE4AF789BC7C4E4E12A65ECD4653FF8982
:109E9000860B01738F80CDD9C1B1325E8772305E7F
:109EA000AD603212010000F82C9CC0B811827E24F3
:109EB000326F6D14C488B9F9D8D7C96D05F69D43C2
:109EC00090EDC3ABFAD390AB6385F6503C16887D1A
:109ED000F644D9C6F31113E9C83E2CD786B90B9FB7
:109EE000AC1521468F56275F7F85346E827422DD44
:109EF000398722D61F2C11D35136F040EF642B0C3A
:109F0000EC9695D2CA93916BE8776E9C62F075DE01
:109F10008BA8C7A43D37AF860FB9D88F51E25FCA6F
:109F2000B19D2D372FB097F3D2336BF457AB5A5105
:109F3000C56DE28B3361A262AE5E26E7E0D2F0E54A
:109F40002A1B6FEA06CAC8537DA8C0C445B4842E34
:109F5000A803440563FA0F96206384C30590B2A159
:109F60009A029F565C98E93FA794B3FEE155B91554
:109F70004A1F7006B297EFEC55B08EA40396C060EE
:109F80002ECBF627E6B180126FD9A0B198EBA0F7DF
:109F90009CAA97940EF70F8E323B24ADB43A76EC20
:109FA0002B300FE44E05A42311686F07504F8D8EA0
:109FB0003953A157E370D29A2B120100008F782CED
:109FC000B9127B493E6C991AA3830768019016CE9B
:109FD000E083516FB247049A61764AF5E4610CD48C
:109FE0005F37300D52CB0C48AAF5B989CFD042313A
:109FF000F28FB29C31FB067CE1F8E9D2AFDA2F8A0E
:10A00000D3C9CFBAF5C5F4AAB68880F3EB78630F4D
:10A010004327CC2E55369C98BC7C01C40524598F0F
:10A02000A89B7315B7C3815CD9DA0DF80D87B515F8
:10A03000592A9E3DE5A8F0A0B1CB5899F38D0D5457
:10A04000F12A78BE870C9E8ED2C5E950ED2C91B0D6
:10A05000D7731DFB9D553162D075588C9E7EB09A8A
:10A060007F434EE173C49F45C41D313C08F5315414
:10A07000D1F99A2CE44B548E3D625EAC34DA1577FC
:10A080009DE785089D366A1CEAF3B03A629AE8F2C9
:10A090007DF3E10E30D1C5339D2FF75C67DB00E126
:10A0A000D130DCEAC0A87B1BB9E43D1FAF435C881C
:10A0B000D962AD216A18388DE835274C1C6D8101B5
:10A0C0003EABA7E455C7FE9665991DD68D12571273
:10A0D000010000AE7547F9E99C69ED1D4456FC6F1F
:10A0E000AD826F27595417FE343FA796075C13EAD9
:10A0F0003B51E9D9A37DAA941BC0EEF2AB2FB92442
:10A10000A35F7841876ED3E8543114A2C0E3549C16
:10A1100088D3CDF3A68AE7B6E1EC3C4FE92D55CDC7
:10A12000C43B43AA83CD02153D19085CA5689D6315
:10A1300019C5CBE52FE4D5871B7E8982300ED75811
:10A14000BBB2B16C2FC75BD27A93FB16FA9A247616
:10A15000BA0FB60AC2AC7847C1766E5722441ED3F6
:10A160001BF8DAC0F71D7B0608F769DEEDB2C541C2
:10A17000ACCDE66CD71DF8F060DDFBF4BDCA6F18FE
:10A18000D2230D5CA7ECCA729C4E8B525D13DC206F
:10A1900025BDE92F491E3D1B6AD47E6129B8E1D255
:10A1A0004115EBCA29191D8115F1D537370276FF04
:10A1B0004987405D456364DE3FD30FCCE8465D636D
:10A1C0008E6D2CB6652768C878F2D95A914C3BDC65
:10A1D000DFC69FB56AF3C99E1795D7E30FDFDD335E
:10A1E00077A28F27C01201000039651127377E6DD5
:10A1F0007A3FE481926997C92D61313A01B99DB4E2
:10A2000055EEA6B0B3362C822F19D4CFBE872B8043
:10A210008F4768DB428B27DBA0A2B7D701D6A76A9E
:10A22000ED06BECA8A097F2C784F6858FC35F21FAC
:10A230004C437C2ACB382B29D83393354F045E0905
:10A24000EDC95D4A60B3C033E31934D09849BDFF0E
:10A25000786E78BAA064BC9FACE9CBFDD8ED082934
:10A260006F2CBC309A16C8DBC06F3D674CDB04D046
:10A27000A44D9DBCF4736769415C305F1822A854FB
:10A28000EEB5B949B298E9D887475DD05D65D9CBBD
:10A290000FE1BD19F0249EB3375B10CE492A1CE5AF
:10A2A000E13A43CB5F95C7CAD25BBFE2AD6237E705
:10A2B0007015EB94C3128209FDC01DCF906602E8B1
:10A2C000DE4A96E0BD4422D48E59ECF35FC2275B90
:10A2D00090906F5C5DA1DEE1F04EB0D057DE744728
:10A2E000EE3E0FAE42CCE5ADFD1090EF860AEC06D7
:10A2F0000C4527B49F8A5F1E47C23112010000251A
:10A3000040A83D8D2C91F883FB6541F94854FF5ED0
:10A3100044AD9AB2F41DFC403E90B25CC0868A2BDC
:10A32000BA01CE1EC618D633EAA70711329B3BD717
:10A3300092ABB50BDE448C5A248E9494BBC95D9AC3
:10A34000DD77968D2134EBD7DDC03EF0D0F2FEB93B
:10A3500061586499100D5B7C0FD0FE92CAA63444FC
:10A3600067F7B7C4A4FC2DDBC8B6E05E3A04A78B40
:10A3700028A905EFD9DD867598CFCE937AC5373DEC
:10A38000C1E0D8CD146708A71E7BCE4F4C87D7629B
:10A39000B14950E69193176BF570FD72E13709955D
:10A3A00018E2130A9B1FC3B57F875CF1B351D0FC41
:10A3B000E5F088CD6F8731B016788B3F48D6B12D48
:10A3C000C4D46B64660CA691E1ABB6F1AF36086EEF
:10A3D00074D74CD6A24ED2ED784C28A0473BF474EB
:10A3E000CAA32E7D02792F5BC463AA9642F8A8798E
:10A3F0001DE1C0DD70D9B96ECAB43E27EFBC5592DD
:10A40000C9975F4DF75E3C86570CAD882977285970
:10A41000A81201000084CC656DD1D4D36485CC48EA
:10A42000C14EFEFEC3134CD24BE80A72E7B8ECA54E
:10A430009D6EECD9B678A3369AA98F92E3467AA995
:10A44000DE915AA8F4FBCE27EAC604F9DCCB1071E2
:10A45000C78CF46614782DF729C3694277E400327B
:10A46000E23EB6956E94AB7AC7650F1DCAA7DAA710
:10A47000FD90D6DC3C81963846CAA4F38F46D5B50C
:10A4800083C00E3004B7A27E51BDDC3C0183B064B2
:10A49000004B758FF79AD0EDEB6F4DBC87DD23B67F
:10A4A00022E06976AB1807F20494C3CEDBB6A4862B
:10A4B000E2BB1371BF0F73C3BF383BE062902AF158
:10A4C0003488E25CAD3016DBDC3969AC82F619E425
:10A4D000B1647BACEC6CEF475E7A208609AB872BCE
:10A4E000396B6793615C44538DEA9B55A1EA942ACA
:10A4F000EF362BF586F118A0768B55D75330DEB3A7
:10A50000DCC983784F1E24414EE9A2BBCA3DAEB0E0
:10A510006F2AB29DE5C85813D2A60BF8FD9424D338
:10A52000545E33114DAFE8120100001BB7C6E65C64
:10A5300018D18EF46FFFCEB1E08289CE54A23BC118
:10A54000526C16AE24618ADCB9CD952C87195AC29B
:10A550003390FDD2A77DCB2C9F7E8E24E87ED79DA5
:10A56000D3A4357AD2D50A25D5E7DEABA5768941C5
:10A570004E4CAC3196A6C6FB7176C2F57CC889F00C
:10A58000D5EF750E91BB1AB0EB4850301E2008A1D4
:10A590008A3AC64039E441641D9B3E64575546984B
:10A5A00020528E65B50602A1A8BDF8F2781D80D4B0
:10A5B000992A7F46F4358B99EDFA1562550A1BA24C
:10A5C00030CEE284F5E90C32FDB36B9572E483047E
:10A5D0005481B8B8047B068F6E5EDBAF3DC8312E68
:10A5E000B14FC47E7FBC6B58E064543E0D29F29697
:10A5F000D0FA74690EEDE608799B2712BFA4782380
:10A6000026B388B42CC063A64BABD49F64863DB4FC
:10A610006D79693123F4877A116D5104EF802079C7
:10A6200050B1BD1E53498F0F642D0DFF782D799ABF
:10A63000DD2C841AC3651A412545986F621201000A
:10A6400000D88531F9AE708305F8CA9D8C9202A0BE
:10A650002827845C181A66025AC098A4FA9C4DE018
:10A6600072D77B8FDE2A0DBC5EC354536849FADD76
:10A67000F4C1C2346109E65C411D925ECB731633AE
:10A6800094DC6C615ADB0A735646E428B194B3DC5F
:10A69000595B4F7D79F07710C431E88609D9328B48
:10A6A000FBBF6774E0FB7819BC46E26ADC5629B050
:10A6B000B2D1E952917F933D5203239D8BB54F5107
:10A6C0006EDD0D2FD14B396AA79DBEBD6FE751F9E5
:10A6D00053306C810B3C490D8C46D8453BCAC17B3D
:10A6E00014BB67275C76B9978903A09E212D7A5108
:10A6F000536EA8A1D54F3F30AA000C327A9EEADBF8
:10A70000A2F02EA552AD6D81AEBCE90624C3B6DB26
:10A71000AAAD6F392FF82095669EBFD834ECFC8027
:10A7200099F96907B56F992970604BD832815BEC54
:10A7300007BE0CDF46FB932A86FA34F3C7DCC0DD84
:10A740005C1818CBA3678EDA24773522DBAAE07277
:10A75000D7E1DA12010000C28262F3DF1984EAA4B1
:10A76000EA284D5F6A0A56A59A0CE319CE8C8E6BC7
:10A770005F8A9372265A6D5BE080D14E83F6640E39
:10A78000B43ADAAE1107DF31CCBC1FBD8610C3F975
:10A790001E7114EFE5A787ABBFC72CCC62C00420A5
:10A7A0003BB71ED8D3FB0DA773BF7FA2A73F9BE388
:10A7B0009CA0E5C0B9045F48E73127F055493A0B42
:10A7C0008D41D5674A45642563ACB615C88B3A45BB
:10A7D0006FEEAAEBA8080B1A815FFB2CDF4B850CF0
:10A7E000E3DDBFFD96D836185CC9EA9A93669DBB37
:10A7F000730CE252A4557DB48EBA39A84693122642
:10A8000000E4D94C950D8C9B0AF4DC62321B431892
:10A81000DC29EEFB8FE927A798E74E4BB9900B692F
:10A82000210A6363E0C969EF8868E0E30B54ACD4A4
:10A830005E0E1E4249FCEE7295229A9C4ECE0A3B59
:10A84000DD4CEBE850B13B4D4D8A437B2ABE1E2CBC
:10A850008D7D4E171A42384798FDB76B90874E6230
:10A86000725583BFE98640EA791201000027FFD9BB
:10A8700093D888708329F38994B147031145EBBCC1
:10A8800036E5E55DDC9CAE3D7AC059FE713C833C0B
:10A890000F4B17A99FC6050A5AA696BFC1485893E1
:10A8A000EB8E2781B59E25E68485F7E1BCC6E6FBE5
:10A8B00032BD2901F9BB7BDABB4ECE1BB75684846F
:10A8C00078E685EFE80D339AF61EEC35E7799ACDF8
:10A8D0005EA0A156CCB7BC73682CDC84486545C526
:10A8E0006F6E94BC380719039CF160EC824C33679F
:10A8F00044DA66A9F78B0DC1AFAEEA4F688D49DF28
:10A90000E9227A77E6F9318484F90EC538349E85D8
:10A9100047BDC8FCC2FEE52209E9C172372E530CBF
:10A92000365D49A29EAD07D579224A5547FEB853F8
:10A930003F51BFF3DDA16F80C2DFC4AE025CCF6CBC
:10A94000071F6D7DB979BC61A7EDE7443A70DE9CC5
:10A95000DF3F035079F955EA4D49630FF5D13C715A
:10A960006AB0E79F6FF4D7F72B05C29EE5ADBAEE4C
:10A970007770D3967EB74F9B2C1E62FC978A751218
:10A980000100009D4B3A2EC09AF990750EE2B90471
:10A990000EBE6C9E3E8A21E6E302BF506B68D7E193
:10A9A000186D836D00FFB16BB2EFA288BC986CFA92
:10A9B000575CB571025C77E8CBDF100C42A71B0A2D
:10A9C000E5A8C633DC2818CECF7C8064F331EBE4F5
:10A9D00018AFDAA01956B23D1B4233853EFF36262A
:10A9E000241339C4A5BBD3C2A8C273AAB8F6BC202D
:10A9F00042DCE03613E994A7CBEC28529580D46C66
:10AA0000CF3430177994BE8C1264ABD1D547B026C1
:10AA10000A1B82E352913F962AB83B92C7FA6D0314
:10AA2000532FFB7A5B4553568361ECE62F8B2C99B1
:10AA3000A1C9983B3F4EAC8A169DE8E26BEF5D14CE
:10AA400004AC64009E5E93F5AD5B2F5D3CAC90C39F
:10AA500030DDF9D7C7A394AF3794DB2A15992D1FA2
:10AA6000764C331492CDBE4A86850D2A6BEA881641
:10AA700010F77D3B659C6A4A4BC61C50B9583FC6CF
:10AA8000215F69A8FE8CCF7D69A55B8030A8044A50
:10AA9000DEE0A31C0A12010000D73B64F89342D009
:10AAA000C0B76DC9E75FB7920CECCE1A6728B7B391
:10AAB0000E1B8E34505D658169BC2060DB03656FC1
:10AAC000B5678614CB063CC3EC59F24416BE418AE6
:10AAD0009D65444A0D01D86D595B712E84A407A76A
:10AAE0003F4A0CB93BED555B154932298EB575537C
:10AAF0009B4D26A3E5817D531363E186602D74E9A8
:10AB0000EC03CC7DE13DBB55AE0BEA90328779304A
:10AB10000FC83A488C9E980637329FC10B01C196E8
:10AB200056BCF101FD902BCF364857495D317C7101
:10AB300083E1F5AA5FBA0773E9909A62F9894A48F6
:10AB4000D5DA89DD3638DA4B0F405F3351B81B63F5
:10AB50004AB746A58F05C2692CB1790056E708FFB0
:10AB6000B1C88A450E6C1118BC1800DE8BB6F85FB0
:10AB7000692732250118688AA3B0FFFA9C724EFE3D
:10AB8000DA6D40DFE0E44949EBE84DF9D039A851EE
:10AB9000AE50FC6A3CE333969C326AB3C70D2D621B
:10ABA00035E0C62BCCE79C1E8C483F120100008B81
:10ABB000B9D814E20B7203DA51B4F289976F2829DD
:10ABC000DCFFA5A63FEA6CAA88B7CD487DFD7928B1
:10ABD0002E0E3ACB3646AA9DB7D1C856DDCBAB2850
:10ABE0007DCD00979BDF06C17E3A5806FC2116D723
:10ABF00015085A54ADDC19CE130BEC78772E8BAFB9
:10AC00009D9F2C4DABB219842E02952ACFAD7A1799
:10AC10003E8903FBC34A10B7B6C5E786AE4193E948
:10AC200083501879F26E4B752C5EC75CE2DE5FC014
:10AC30002900D5C9B5338CF47772E4CE2E8207B7DC
:10AC400011EF19F9DADA98685C8E70A92ADD2CB751
:10AC50006A3459E377603A2B1039E0023BBD158A1C
:10AC6000D20B25A7073B4D9855128FAF89AC56F3F1
:10AC7000AD2B8D4C9AAC7A925E5FF2FDA0A76BADC6
:10AC800050894FD16B38C6CC5C80C19B777194FAE8
:10AC9000537CBFEB6D4804893998281DBFBC0BD588
:10ACA0005C568E79461CEC7ECDA32C95C4F1E67ED5
:10ACB000916DF65553554251B80D33664D1280AC27
:10ACC0006912010000E7D89B709115EFCA7A75BA36
:10ACD0003C34ACAD9A576D2D4CACB2E971B447170A
:10ACE000545A185B11E2FB4C54DAA02D3F05081FA3
:10ACF0004338E122C084D6A1EE32406232A3807193
:10AD000055273980B050DD8C7C73F2848AE92A297A
:10AD1000BA436EFD038E9966AD202294E61A91BC6B
:10AD200001769AD22734123AC7E1A8EF56CBFA013E
:10AD3000CA38F6CB1A5A5D63E1A1A2EA386F2580C2
:10AD400032BB6417563873BC64AEFCA194C96A3830
:10AD500044EE5A6DFEC0EAF8868C45218DD933CB7E
:10AD6000EBCB6E3D2D4B1C588C0494072D9FB1DF0F
:10AD70007A92B3835FB382F361216848065E83EB06
:10AD800062B8464843B34C1F5ABDBB85490E4F0FAE
:10AD9000A72A4370DC18F6E7E943E311A376B7CAA4
:10ADA000758371E95ED45E0266708DE7221196B3F9
:10ADB00019ED024AF9C69DCD1A8C0CA2E1A26FE7EB
:10ADC0009584D40983A5F41E039FB5A0E407BC7144
:10ADD000B043AF57AD862112010000BB59CB538160
:10ADE0005F920443E7B99D6CBEEDCCAE82622AB897
:10ADF000F2A9297F16FDD52238FF293E0DCB2287E7
:10AE0000A9F2557141A86C6ADA6563116E5530F18B
:10AE1000F106031F29DD80D783C4850F1F69E36313
:10AE2000433120F201D3F3C631DBBAE0509A70BC53
:10AE300058F3FF2CFD3D72227EE136ED77C1E06ACA
:10AE40004A304B3B15778DDBD797FD5EF5C50F4B31
:10AE5000841A538D02328B69015F02454019CDF28D
:10AE6000FD691F30724D6DF2EF034F483E57C65CCF
:10AE7000077E6636B2D352C3439BAD35AC475F7C89
:10AE8000FD7D03F5A3BE27C52C32709495BBF61B40
:10AE900028159FEB6DB2146E31117EFC2A687A087A
:10AEA000B2AB7F9D19815E34862CDD1499A54F24A9
:10AEB00050A1CC88D7B3FED2497F7A5B88ED9F68DA
:10AEC000D364B966FB8E72FB912CF57286F83AC892
:10AED00010EFB04347AEA4B0BA125C66132608A0C8
:10AEE0006B364EC5AF8AE960C737B3D7161201007B
:10AEF00000C466293A6EFFE06A79D307946E2A147B
:10AF0000339503B4493ED77A192B1C20DE283DD255
:10AF1000BC07BF5D62A545DC4DB404DEF81E218789
:10AF200014E501A006CE2DEF1ED12C14C9AD00BC36
:10AF3000F3412F9E4B049C157FEDC0449BA8765A8D
:10AF40006C7B26F417C41331A0C503BD13FD109507
:10AF5000E3ADD2932F96104928633EBC6B3155FC6C
:10AF60008334A829E5E77A22936D593DE3A9BBC94B
:10AF7000942875C4BFCDD106C3CE1F7DA443C0C3E2
:10AF8000389B81CE11BC1B09579C5CC6F5C8C89F75
:10AF9000030DAE63D07B881DDBE4E95797B96B25C1
:10AFA00065053649F0ECCA2CC36EB16F9B2E983400
:10AFB00003BB16A5E5797BAE4DB540ED2F0C057EA4
:10AFC000B24AAE1F8C6769FB5A38A0B87725CF28E4
:10AFD000355B3BA9C90FDA9A8725BAA057954F551B
:10AFE0009649CD73694649016F07B07FC5ACC799D3
:10AFF00079DF135E1584FAD2F03C6C7475358B14CE
:10B00000F65DD81201000065CDEC6914E91DB2B4FB
:10B010009332719B2A0ACED0E160F4C2F7A616E102
:10B02000E9D7644052515ADDFDE1CED31F630DC410
:10B030005E9463C08ECEA16FC91DA4BC2C66F22C99
:10B040009AE65DECA5721CF0318D818BB6C74E522D
:10B05000315263346B7215AD8A41DC1EC0A6DA270B
:10B06000810BAAC3FBF3F8F89B244CADA2CFD650BA
:10B070008166A7B9C90E76C160A176B56CFB3D7A31
:10B0800069DCB47DA1AE547459A4A94EA191F48198
:10B090009CC4295D0F3BD766A1673A9EE9194163BD
:10B0A0003F83F7500564BF8BCC08F8C8A3D8FDA92F
:10B0B00040FDB4B5D158E6BAE3CB3C22FC882A6700
:10B0C000936F159BAF2A6631AAAF7B5532E1D02929
:10B0D000EDDF0370614E53192222E0C6EAE621D269
:10B0E000C058FF679D468CB9A58FFB846E29EDED96
:10B0F0001714FC492837D0F492A9CEB9D71F98ADC0
:10B10000AC1EE2566F544CB8CCF53D876A97D44FCD
:10B110002906BADE9CB326B420120100006AF55954
:10B1200034D6F1C7FE5563D273D818CA958BA15295
:10B130005B01F4F6A93DEA4E83350BAA500B276D4F
:10B14000261207E2FDC1A16008AC23631CC5FEE81E
:10B150004D1A05B1EA7095A300972C29625F8E7D88
:10B1600085155FB6B948440E1DB1AEDA3AD6DFEFA9
:10B170007EDD922B0DBD5FB71EE18F13E9498E690D
:10B18000A25B64A463EBA2A408B95CF1A8B547660E
:10B1900099BAA3022C1E691430E7BE2BEA182609BF
:10B1A0009AC718E0C77AF4AC4ADF33C47E6A7829BC
:10B1B0007A44EC9E5B812A7A072BFCAC2795F06FD2
:10B1C0007A6CC25B44339150AF2867BFD0133863A9
:10B1D000E42E51E56FF5C816112956DFC583E20646
:10B1E000077551C33BE959A88AC634F1830D5BDE6C
:10B1F0005A69C54FF11ADE71F8759955353774DD06
:10B20000B5101C142BF392F81EC8384BBD512FF803
:10B21000B253F513A872A8C3FA9852595F4D9DF91D
:10B2200033F56539548E1F82782133B56793CD127B
:10B23000010000ACE46E6BD3BD96D86CC9F2C9CDE9
:10B2400059B72959A60815D8A019BC08012FB3254C
:10B25000D2061BB427EAD0F9B80450C83A23ADA6E9
:10B260003ADB6600D5FE45E1F4EC6E5F526FEF21EC
:10B270008448F9B27BC53B98DAD4638296AABF664C
:10B280009A5BF638DBB314B1B0BB12E41A7EE170FE
:10B290008334A4B4D51EEACB87F20960AF600FBC3B
:10B2A000A153B358202B2FB338994EDA7357AC9D66
:10B2B000D6A797A89D5289C1BBCAE5FBA6308932A3
:10B2C00092FCC428587055E3CF943C71DED033D340
:10B2D000F46AF58BF4A4FFED60BE9880227F400AEB
:10B2E0002607C1C96E00176DD83F450E9B8917B45C
:10B2F00062A06701D9CD372E77CBF92B98ED40C8E6
:10B30000A933ADA3A3F4780A153F01D0F1ED317D47
:10B310003E4C114FBCBD8D634DD886EDF332F9C460
:10B3200082A016FD30029F97C10C6527B314025C02
:10B3300023109F34671E8F9BCAA6B5F0D417425BBB
:10B34000BCEFA4A47312010000FC993E83FF0C9192
:10B350007EE9EEB984E5D37042C66D8F63263B2E3D
:10B36000B8FD726E009D00FF2CEAEC7FBF49C2CF92
:10B37000B5E2C0FA1D704F796AF83AEE0388AEBCA8
:10B38000573FFFCFE6D7797735919559B7B238E374
:10B39000C5535D205066E90AB48F565E396B373865
:10B3A00078BC5F31EA3995571F41DC8607B11B1B1A
:10B3B0008377B63B41EC6466ECF9CE2AE680D3ADE8
:10B3C000DA9A63FD9CD478E7C723DDE2F408E379D9
:10B3D000745EBBF5195A96910CF6FF7ED342E49B3E
:10B3E000A756BF5FA0859E706A2B1243D404974D69
:10B3F000CCA4CF520EC40CAB34FB1F79834F0E95F7
:10B400007822C6F166C5B399390D6549DB0C7755CD
:10B410008754D412FA3952854DACF6E33AA5B030D0
:10B42000AEFCC827E448CC41387FDDE74C4C0C74B7
:10B430001790A544C0EF95924765AD6A9B5DCE36E7
:10B44000EA5EAC2A6073D6E38DA94A8714B986F107
:10B45000D4A4BF418FFFFB1869A05812010000DF80
:10B46000492D9E8783210ECD46F873310FD53DE7D8
:10B47000C7D5E72B441B096D590883DDA33D42273F
:10B48000AC648B53ED64004FE70FD9BC5D92F4516F
:10B490000BB0A8D7E362BA8966BDB01C7FA3169C27
:10B4A000D06F7CF7E6B60E17E16A6D16FB9A0D5762
:10B4B0002AB760916F3337E19EB8EB92CB8579E381
:10B4C000EF7AEF2F3C309FD2F1BAFA1C6741396F07
:10B4D0008FE4D30FB52314D0A9D58F1B59626E2AE0
:10B4E00006463DF22F142D6A210044746F8C0454DB
:10B4F000761BAF052C4D712953E9F7C9546C09909F
:10B50000641F3554EF30D851B5DC037D9EC36511FF
:10B510003F47F2752AE711A3567AB81531CC5299F4
:10B520008D4BB06162B0D9BAFC368745091D33FC3A
:10B53000DBFD30DF239954C711990BB003ABE0C892
:10B54000BAAD7BF2488B0527C2B8C00FE9E290A6DE
:10B550006ADF834C7C5F1062A358CB40B1300B5242
:10B56000454F15A8E516B8A55A18F6B331868528B3
:10B570005212010000551EE5BE5745EBB22208F6F7
:10B5800017F95D23AEFA86A2817D3C3C028C84DAF9
:10B590008A172B2225AA130FAF6D5B3FFE2160682F
:10B5A0006315D4C38CC54BF2015D988ABC8B4EFEEB
:10B5B000C07FFE7C7E2C180D066DBC39DD16780927
:10B5C000DD732FF14C686D143CE298BB8ED523D708
:10B5D000DA77907078888AF342AB70802276F09A9E
:10B5E00061774FAB56245A9148040A59A8AE650FAB
:10B5F0008944DF16CD22ED460850B7E942B7F22460
:10B600004803891F5CC73F7296D7A5F02724716550
:10B610008A498F6737974572F3F95A93AA890F437E
:10B62000C92A59FBA1FC5042E6C99B2E3E14E6559F
:10B630004EB484FA0F1818E024A9086258FAE1E51C
:10B64000C02F68F7A8110C1F54E4AF670D4E73119B
:10B65000EFCF532BC1D6AD3F237F92904FA85DD63D
:10B66000E9712E18698F6EA41F8ACC3C6F4FBB1AEC
:10B67000916A016669DECE183CA072E1F6422D7235
:10B68000A7A5BF38E3110312010000ECC48F446E7C
:10B69000C68F7465AE4E23AAC26215AC65AF558CD9
:10B6A00017B693B8202057A314259B1A2A5FA0C56C
:10B6B0000DDC1A5C5ABCED0E0923F6B7E87D38188C
:10B6C000DC48302EA8CF05B4F542DDC93A7BFCF941
:10B6D0004107D1A0F79D9D330F0AAB8DAC3A26B33D
:10B6E000F5CD31DC98A4ADF3A298018B3C963FB523
:10B6F0009E9939EE5D6A22BFD441BFBA6C4E082DC7
:10B70000BD895CE7DE73BC815D081C62F652638212
:10B71000A6F99A11FBB84CA7F812B6F593429C6EA5
:10B7200091E97E1F035219A461FDEC50C662050920
:10B7300006CFAEEB980C232E32941EDFA90D7D1997
:10B740006F62A3A1EA3700DA12CCAFB74C2261B026
:10B75000076C9BB7A7F57AE8516BAC1824003B3F08
:10B760009B97A742F352AAE5F84200A2A0C6B2C234
:10B770008A354365431553E378400F4FBA7C78E62A
:10B780003EF9FFA72994FCF75634910B4D105CA0AD
:10B7900020997B2E02EE4608BB1A0DCF381201000D
:10B7A00000F8DBEE6C6E928F0A9FF6DDB5D40501D2
:10B7B0005DB9FA13D15C0B203230748B38BDF3D1F4
:10B7C000E58065A25CBF25D1863DCED3470C757A56
:10B7D0004DD9C20C32FE06055F273D38E3A52C97F4
:10B7E000E8E609D6D4F1B150680ED211B6577E1CE6
:10B7F000AF2F3ACCF8418F9AE72D23C3FF15081FCE
:10B8000010F90B8E2F68C1FE050FFD3B356AE8511C
:10B81000F6C672D81DFE68F803D23B0974158D0276
:10B82000A289DA49588C3734E278DC7DCD4553BCA7
:10B8300004A42E1E1299CA8809EFE2D8C56CE4A3AD
:10B84000DB3A432DC54921CFFAFBEC3FAA61745D79
:10B8500018845AAFA318F3B2F0E3F463174A7C32AA
:10B86000BC144112E42A6AC97ED99899DF2C20A51C
:10B87000D3EE02A1AC05E5CF416E2C85029369CCD5
:10B88000DA00F99A081D37CB457B481E594A3BBF61
:10B89000D0FBAC7800F1475CC277267C1A68F4FED6
:10B8A000046A61BC953435E154F73DF11163660CCF
:10B8B0001F272A12010000A6070D694F8DCD6CC805
:10B8C0007DDAC9C52FDC7B16E94E63899DBA4DA090
:10B8D000BB69ADDE54C64A6CF524E827A7904F80BB
:10B8E00030A117F348C3876113B5949E0C4EE6B898
:10B8F00071FDB7D3346CE2ECAF8DEFEE5E2A358B81
:10B9000026CC2B98DBE32B913939A31A275968DC15
:10B910008E22EA4E613A2756AFAD1615E9C7B863D5
:10B92000A1CE0A85EDBEDEFA4330D8DD3F2FE350CD
:10B93000DA61F6C4C04523A1DF48258A6C6EA6F6FD
:10B94000A57957296E99974F6E4E41092EC4EC5533
:10B950001344D5E0A8C517E04D7F7CA5930FC7D150
:10B9600073D14563BFB2C8ED9C921D9085E26C18FF
:10B9700035D6145515220E1A5881B578F57425253B
:10B98000ADA986AA1D8C9B4109638A1A2EBFD1419D
:10B9900028669B51A20783239EA930D84775584338
:10B9A000CB750ABC1B17AD231A04798A9DF00A5483
:10B9B0004C7B327F98B1910B40A7D3E608AD9EF047
:10B9C0005F403C94521FCCF12112010000F8363246
:10B9D000847665E813E9561256F0894F6E9459DC67
:10B9E0004EE3E2A9DEA1B345493DB89C857C615D8B
:10B9F000754519F40063AE013E72ED4134F43F0E1B
:10BA000037482B11223779F4AF68CD0CC3B8BCA4EA
:10BA1000317C1985E340306DD761054B10407ECAFB
:10BA200025512B4810340D40E1BE7F993D28DA5650
:10BA3000A364870D62B6E67074FC4FD6562A67E69B
:10BA4000E612D096D1E19B6E3C06A4827A08B12022
:10BA500003EAC36532E8B65F1D3E496606B203BB22
:10BA6000415D1E3FC5BE1850D79637D4A905FED0FC
:10BA70005DE0FC67E62626D8E6D3AFBFDE13D31021
:10BA8000DDD0742AE1137BAE33BF32D4AE56F00161
:10BA9000A92FDBEED7342104930BA49CAB6B0026BB
:10BAA000FE30A27B95A0FBA6E39220D0E05BEC4C9D
:10BAB000E51C984F47548F41A6C2395E320AA997B8
:10BAC0006E33BC697964436CA1DBFC8E45EDF3CB2E
:10BAD00017873ADE5F6040C64A170DEA8A80531224
:10BAE0000100008D9F7D1DD6D1EDF5B1B0280F2B43
:10BAF00023C1D4DE6AE4551EB6BA71774CF1D09CEE
:10BB00002522C585FB8F57935F74BF4C65AC9C2B7A
:10BB100008C67FAC31A74628EA5A012276C13B7697
:10BB20006D8721E72CB46D31D0427D0162FD3C1E52
:10BB3000AE2B9BB2E86033B358C07D0D9A0BE57F06
:10BB400022F1F9256749F99C2AFB125F99E9AF7E3A
:10BB50000F2553304EB49D812EE6A4B9026479F0CE
:10BB600057C42A03F8720F55E704CE05EF10FBA067
:10BB7000553702F668CC1820D7E362953C47A1E51B
:10BB80000F996CFF30477431F0AD038748485B81F3
:10BB9000BCFC0431DB0230D9369DA385D2E9A7096C
:10BBA00058864F157DC80D824F040A4FC8047DFB8F
:10BBB0005EEF018BC267B76083D37EF92FE26F0A15
:10BBC00083F4D5685744C6BC20575203161802EDBB
:10BBD0005AFA0B8BBCDA19EB5F768FE83C79E56596
:10BBE00094DF3B534FA4BA79C91787D930DEE28876
:10BBF0000775E8117412010000627D4BE3084241B1
:10BC000031A180598E09DE58CDEB0A1F97428B0077
:10BC1000CF6BC166B72B9E2198DC6B6D1EEEC07C8E
:10BC2000DCC73B93AE50B8DB16E7D491BE60E1327F
:10BC300063AFD7E15AF69C1817277D7B91EA9EC522
:10BC400017E524AD34495ADD85FB923EF30DC90E4C
:10BC5000F0A447A52032F9FE14A1A1D6CCF70E6BB3
:10BC6000D8A7D961637BE14F8042B10B932D249318
:10BC7000BA73F4481E9F7F618C700A89424C0C1184
:10BC8000E3BF3739D3C301862D33F2B683D1111EFA
:10BC9000F50332D8F3EC02785F84A4B8DA30138865
:10BCA000D68A0D3345813693A729D8FA47B9C6D32A
:10BCB00015DDC4FBBEC40C0C181A495B821FCCFFF7
:10BCC000D3BE9FB48675DC1756B9408FD39083C915
:10BCD0006AEEDF2790A1A3028358E26ACB41944029
:10BCE000AFC2E3CA65931C2A2EE1175D825A4FEE5C
:10BCF0005D8AB367E8B169F2BCB71B6256E0BF9FCB
:10BD0000603086CF4472B4FEAB8DC1120100008357
:10BD10001A30EBA92BB706460FD591770D706C2919
:10BD20003360454E8ED7A0249DD214D5064464A915
:10BD300001578DAA385E92CD9025ACB0B5ECB9B75D
:10BD400037A87B0B0385C4411D31FB524B69B26E92
:10BD50001967DF04B195E7B7F4F45302C530BE9B11
:10BD600086CBDD50B850217F44D4060D33B74983CC
:10BD70008FA43466F9B5A5AC6782035DCDCE73BBE5
:10BD8000093AAB0DE667486D53C0FB72173EEB42B4
:10BD90000E3D242BEDE3C75087910E5BED99907B10
:10BDA00063B203620D871B4F357A1358C0A8C31CBA
:10BDB000B9522210B7DA1B55278C129A5EED0CCFC0
:10BDC0005877AD3659301AF4DE31F67F615AE47691
:10BDD0002E2627B79C66BF38F9632AF8561CC65E24
:10BDE00060D006AF83F807D13C108004F8A430D8A7
:10BDF0001BA665AD183A2324786B8D371C11F0070C
:10BE000080488682511DF29C32F5BE9EDFA0A6A31B
:10BE10001DCD8FF13FA45EE2A9AEEDEA6853415D0E
:10BE2000B012010000F67CA5B3055D3F7E5D85671D
:10BE300004DE5B2CE25F45F5E89B47723D4ADF3349
:10BE4000AA6646475705767BD4D459C8970A017F1E
:10BE5000F0F9DF4DEF53BB5742359EE70D6859FDB2
:10BE60007F84FDA8A540E046F40A442FE9CE0721CF
:10BE7000412BD65300A0F5957309F1092AA0974AE2
:10BE800027EA53A3642A8F20847E7D2E922C9E3431
:10BE9000671209D05AB4F8F5CD5B315DD1931A928F
:10BEA000B34A107D2C7AC0275C36BC5E0BDC45A5FE
:10BEB000BB7D2D3958CB7D1AE04F843E31C84DBA39
:10BEC000EF45862C836A7F49A2494273B7AAB30E15
:10BED0003CFC8D6512B40EE07815D3066D3C85559B
:10BEE000EEF213A7CFF246C64B12604941534C0FF6
:10BEF00088E11BD56433537C7D30FC98F47A898DBE
:10BF00002B2ED3BD392520A1221A9961F990D32B6C
:10BF1000EB032C5ED7D018B750FC6722D1C7377817
:10BF20000756879F9E7E8F55A854E7D84A97C4101E
:10BF300093374C3A759F6212010000E77AA63A9552
:10BF400066F2F459BB3AD7AEE900C141EF100037B1
:10BF5000EE8AA9A90CFD780CEA63D464E92A475853
:10BF600088992CD809F67B7C3F5D05EF6B23DF02B7
:10BF70007FA2F4763670414D2BE2D50FFB9B88B93A
:10BF8000021B3B3DA778CAF9D89654B63437BA0598
:10BF900077863D94C196A817393675DA574CFB5D04
:10BFA00015E3233E9097B52C77F737B73FCEF86B64
:10BFB000CFCF83993913B7E27DBEE5314AE36F698C
:10BFC000E6CA3898EC6C23B2AC37086808DED66451
:10BFD000A615785E62B33A4BA75B0949142A20D0B4
:10BFE000C3FAEDCE5CE21B5D81A62C3F5317FF1117
:10BFF0006AAC285F87C7EE824B7BD51D174F9FEF3A
:10C00000EAA54CDD0C5C0191828C3E30997FB7F43F
:10C0100073048E50BC77CC809BBB8A6C82F0C421A9
:10C02000E294D3B9999402C44ADB5B4201FBD0FD90
:10C030000601AB5EADB12075CEE27B69617767EF3B
:10C040003B3D4BA80E2782A19D9EB8409C1201004B
:10C0500000DD94D894F41216558C02FE2F8D2FE833
:10C060003E9E944640D3E78720DF3DFC8C48E9782C
:10C07000C881201142E10508745D83F31D3686797D
:10C08000589A37E95ADC1E39E6AE88B31FB38D875C
:10C090008538BF8758F3025A7628C4B0CADCBEDAA6
:10C0A00076D910E60C630E8140C44DD985D8D88668
:10C0B00066E66D0013BB6F295514B3CDBF9DB6ACBA
:10C0C00044EDB2683D0DA6A9415070F98C2B147E49
:10C0D00083740E821DBB5C9899B5F44CC4FB4AE096
:10C0E0009CA02831046AEC2B5942759E38F131AC82
:10C0F000EAE59E484A86319EA3C9E9856BB202F102
:10C1000010AE133806BA43AB73630D998502B0A421
:10C11000CBFC23CD22048788ABA64C245486E35E57
:10C120001E5BA8DE119A5FDEA50FCD79669E7013A7
:10C1300072B3CF5E5CD43BB8E92BE439144102946E
:10C1400023E8ABBF79DC669554D00D60720BC63620
:10C15000F46014BD153BC6C365DC7AB9DC09D20AAC
:10C16000D3554C12010000B1080AAD2AEFCEB22F10
:10C17000C5EBB8D4442F35C920B0DCB1554C14B54B
:10C18000FE2D348EFD2818B08F0CA623FE0353FC21
:10C19000459191B2E9138D258BCD0731DD8C7F5B05
:10C1A000F49A85EDBE786B9141FB663A7A12174A94
:10C1B0008F39276568E39D19C89CB9A2656DDA4D72
:10C1C0001B647DA08FCBABE69B87508449F850E67B
:10C1D000D58A12BA61B932DCEC8E42DBC72F766F9A
:10C1E0000D223E5F65F14AF4653DB1674AC6334DA5
:10C1F000D471046F74C2FE279F97C359B9A88A4DA2
:10C20000FFF6E32FDEE920C4986BA13E5FEAC8D5B4
:10C210004367BE34114CAA2BDC93F14CFDDF8CED4F
:10C22000B94A21ABAF2473233E31E45420F327EB0A
:10C230005B24258DCAAF0CF5B36512665C2454C22D
:10C24000E3D8FD084FD9F97A16646E9AE333B5EC5A
:10C2500008108CB445A33F94B8CCA9EBE036623DFE
:10C26000FF1FDA44B9EB785FEA0E0F6E820DF2A47D
:10C27000B4ACE08B2874361AEB120100005760361C
:10C280003794B4A7B7CD6E31BE29BC0E9DB664B449
:10C29000AF4A7DAAE127638C3BF43EC6A86B90238E
:10C2A000317E25B0DB4975F22316A4314A94A6CB22
:10C2B000AD644FCF51F1FEC7081C2DB39A96E159DA
:10C2C000B08CEE3AC1D6FE341338444F76A06818CD
:10C2D000718BCEED3F0017955B7AB601A516825C97
:10C2E000C19C8DD5C2BC1BD214C7C03588C8BC3018
:10C2F00036FFE59B5D90783B6339568FC3DDE16780
:10C300005466366EF38FBFEFCD1FFE30E39EF41FF1
:10C3100005240B56BA91D7A5522688D5443EFE1265
:10C32000BAE2601BABFE67D4B07411116F0B180337
:10C33000248B9A352D11FD603B6A78DD8ACB494A02
:10C3400072E6909E107BA30E2B7AE85C3AB47EA630
:10C350001ED1BFDC782A501B719A708360E5E6A974
:10C360007F3573C78529E140916418692E23D8323F
:10C37000467ACB902D6741DF3A6CF94541A2C693CE
:10C38000680E64CB36CBCCD50FF04364FCC5B91234
:10C390000100002664695F46A6DCAEA0332C8D50F8
:10C3A00054187E58A7E481E25172CD7A707D83C91A
:10C3B0008879E528AB202E5A1164A81E8D2726FE09
:10C3C000E6CB9B28320C7B93C3FC37E7975CDBE919
:10C3D0000C1D714A9C0324D90C50ED2A4B43226258
:10C3E000D73508F0054873D8B915AE7A066B848343
:10C3F00069769BDC6ECF2B0A1084B1EF15E90DD95D
:10C4000015D6F96CFCB62ECB5722EBB475FD4F5503
:10C41000C8F7A663E8712ED993CF280DE7E254AA96
:10C420000FC365ECFD9AC767BEFEC06453CD2AA05A
:10C43000975FD7B8089CBD21E7C7E15BB049791089
:10C4400012BD32467FFEEA5236F49D6419FB00AB02
:10C45000D7427D5E01D907688F5DCD0D3E9C80E897
:10C460006E6F8668756A7594526EA99590D8CDEDF9
:10C47000CDE0E224C4F7E438F737783E22387BAACF
:10C48000E7906CAB9BB653052D1B5434AA07425F53
:10C49000AF73AFF85C66421238758F96842F3F9960
:10C4A0006FF0DD1CD0120100005B00AFE883CC18F8
:10C4B00082F281BD5CA0FC771A49B3931510AC964B
:10C4C00008DFF1CA4B98581A4898620F76FD9BFD19
:10C4D000AA58C075B9A3E7237287D7E27673A092F2
:10C4E000FFCAFF5C66FCFBEB9E488C299006A354B8
:10C4F00054151FC77EEF5F998F284D4C5F9A0FF937
:10C500006A959D6F55BF72B1232261940747571AF0
:10C51000B57F5E531443C23C7F172FF15EAA9BDCAC
:10C52000B694633E5E1C07409383F7BC80B87C855D
:10C5300068A86432173A1A4500F8F625E028BC933B
:10C54000214F170AFFDFAEFF8286E800D9B1639959
:10C550000E4D525D48657AA00FE221C778C97ACAAC
:10C560009633331319BEDCA5CA2FAC769ECD630279
:10C57000CC5AD2DE198BE0EE049096716C0175EA0C
:10C580003281E9C81548947CCA7C1DF763821F3943
:10C5900011C727816FF688DE7DC068AC7BF7ECC7DA
:10C5A00006E4061BDE2CA3702AB7FF2D78ED96312A
:10C5B00008852C31B567C01BDAD6CC120100008388
:10C5C000256FAB5D6DC19C919A9D038324A4EB15EF
:10C5D000B404779723582DE690C8143B8377E73946
:10C5E000B5FBA7ACF714DD6F0121F4F454217DFBFA
:10C5F000AF6DE624582C0C9344C1E3F09ACCB3B150
:10C60000779253822D4F986E8A85F4A041EADCF12F
:10C610002C1996A7A66E48E3ED6EBDFC4B1F570B79
:10C620001AC384C69E9990071EB1AC70B429F16DEF
:10C63000188173823E90E4B8F53C82680A7115BC9B
:10C64000348F825B1E506A0D0B92F136F83883EC02
:10C65000784D9872E581ED5B97209EB8942AB17A67
:10C66000D1737C5B4E2275448B2F1D8637CFE9A892
:10C670007623DB36BDAF2D9B7CF7AA47EC19437BB5
:10C68000A8A56735C9F8D3C775AF67D6CF86384B2D
:10C6900038157F4F1FEF9F72568958FEE5BD0CE19C
:10C6A000A25DC7AD0A227A3A01CD2831D925681496
:10C6B000FEE3E13C5C2F821A034EC104886205C090
:10C6C0002E2D612153C240EF65F09AC12C41E31F2A
:10C6D000F712010000A9D8B2883187AF6B47879D58
:10C6E000A758D4FDA3BA3F0A99E9DB238BC0707D1C
:10C6F0005BE02419EAA9445E71CE679D1670820240
:10C7000062494DD4516B145D28C288B7E61F459429
:10C71000B95646F6EB95C1CF5F3D3AF5C94CD67A8E
:10C720009FBFD3AB935AC725C91822E97FFF306C4E
:10C73000AEAD353EAB176532257CAEB0A42A82067D
:10C740003E197546F4C5C89694B4AA6B77D0E1DD5E
:10C75000283F6963C3369B76DFE77806D0230E2532
:10C76000C39FE12FA03F333649BA6B4CDE9CD0E229
:10C770004A41A70C89F78B8A99EE4D75264B030128
:10C780004986AC073282F7EFB3E990B4A4147F2E48
:10C790001240797D1F0DB3877803D40627CB083E5E
:10C7A0005DFB0EF3B7CCCC47B1096E4769F647B3D2
:10C7B000741647EBFD7F1A4BB66D95C14B1A89BEB7
:10C7C00078A96BDB8465E072EA265D81B3F3CD77EF
:10C7D0004EFD9FDE052D270263BD23E2D1CED9D0C9
:10C7E00057440FCD2CD5DC120100003703E6C56A93
:10C7F000A83C859A1172C20F4B3267FD789E2BA020
:10C8000048B3BF8B49BCE6573538DC7FB3A3DFCFD5
:10C81000398E2FDD829F9897F074258BA85CA756E0
:10C8200046627CF5EF5F359EFA395B92FBC22AE4E3
:10C8300084B894EE41FF51AC886CB9703184DAE869
:10C84000CD85CC0E1F10D0E3CDDACFB045631F5796
:10C85000BEB471D3A8BEC4ED2248CA1E2A43D05824
:10C86000FF7401E0AEA59C6DDF23AF11B4F428493D
:10C87000B3F3459CC1CE3FA385D6C6DE029E46FAE1
:10C880004CE56F21E076B804C1D96FC82A47017F13
:10C890001133579C199BE9C40F35F0B1F0AD27F760
:10C8A000FCFBABB611627C7BF8AE4EB845534A56E2
:10C8B000CD2DEE8AECE7C235DC05DA243A3EF511DF
:10C8C0001AFB669768AE9F9584C22F117EC28BECCF
:10C8D000CBD2087F4E18F654D4DBFFADA539463DC8
:10C8E0000989A9EF13E503F81D31FF7C130DAEBFD5
:10C8F000E56F4A9D514D048759751FA24E120100E4
:10C90000007E1E91DEA481A491B3CBB7D7F52A2770
:10C91000E665083DF8DCA4E63777D4013AF76171A3
:10C920009EEF8B834047F9D6F09487AB40BFE3532B
:10C93000798A06E942715A07E9595D964F43719D1C
:10C940000A0DA91D74A337E79E103E46024D556C93
:10C950002A7C6504EC3D52417A00B5C93EFE51EC9B
:10C96000651CC4A267A22AB0C3BCF3BE8716D94F08
:10C9700079300FD6CE3D8AF24190DD136F27AFB9E3
:10C98000D0688389B3B05EF338C2DEDC8ABE85D15D
:10C990002E5C6011EC8012D9E4274478384370D7BC
:10C9A000FC4700422614DE7710A19686E38FC9FE6D
:10C9B0008C804CB3325179CEB0ED62B1B3F56210D8
:10C9C0003EE054DEE2DE6EF2C97394382533F9E0BE
:10C9D000BE8E2550DCA5DCDCFA396CF8BAA9126EE3
:10C9E000738AD139234E5FDDC104C872082F2C270A
:10C9F000FF071A647461945AE6956EE531A14A42C4
:10CA000018BB47D550E56D086A499FBF127A93A6B7
:10CA1000560B2812010000B990F345A016382F5C80
:10CA2000220B635C094C9DCE570D58A145C7BF82B0
:10CA3000A8CF4E9AE525C9AE617B736E3603930D80
:10CA40003C155AAF7CC7816266F6395998437D9F81
:10CA500064A8EB48587CFAC3086897BF7BC4E972A6
:10CA60003DDC94276AA93F8B94ACB56B82E114023C
:10CA700017A1B7C7505EAF0104A1DA0FBE22403B39
:10CA80009F0B91572E64C8A19E0D018EE6A258DE21
:10CA9000675F9187AFC841B4019570999BC1A1E9C7
:10CAA00022234822359079D6C8344A28E246CF77E7
:10CAB000C43788682E0E45D42519E5CCF70044C448
:10CAC00067F6AEE60E1237FD65735975EFD9C17979
:10CAD00062CD6815F7DA82D7E2CC3CA2CE9F4FEF49
:10CAE00056D78E0E9D119E2A1414DFB25E87D5474D
:10CAF0009D5E0BEA986924B54C4E3DA1DC0321D61E
:10CB0000FC62F2EFF8167B3FE19A989DEB682CF6F9
:10CB10005CB64262ABA87487C53EB56FBD7B906FB3
:10CB2000982BFC99431287B3871201000009D402A5
:10CB3000E98C6F131F7431E6DF7A2B5F0FDD53DB57
:10CB400045BB0E2122B4069CB614BADF73FD4D33EB
:10CB5000635FCF16AA07179CA93782FCFFDC2E4122
:10CB600046EE447695A5C505E13FF2E48878E425D4
:10CB7000CFCE0624F9160B4A3FB33F0C64D7A397D8
:10CB80008B015BD881D8A8F33AEDA6482CF5DC07D9
:10CB9000F09D9ACD44518BDBCA3422E2796A734608
:10CBA0001149E9F7F3325E61B83F9339E334868681
:10CBB000A7A7C22C99EFC28C1725544E141B3DE237
:10CBC000674EE5C005279260F53491990DA3E9D829
:10CBD000C1586A3EAC30F1A64D861D25E2CB616797
:10CBE000652958E6C844C973614039EF8BE1B3FF4A
:10CBF000A562ABD860A4080F613049DA23883EB43F
:10CC000049B158FC029E4D363844D2B487A41EB2B6
:10CC1000B8035768967DC5EEB12F05EBFBEFC9F45D
:10CC20006E2955312B94F7559BCB9BD14008496019
:10CC3000234CF76BABFA9E69A9B534B01640B2121B
:10CC40000100006BCCFF0D89F2F7AF4EDED8BBC8F8
:10CC5000C7C60B33E902B2D4140439F7E5369D1187
:10CC6000942814B4F188C2DC610834CF47FFB9A717
:10CC7000510CCB0B72F9C03B3820712DEBCC9710C7
:10CC8000FFCA1C9DFEE05EBEC0342962BEB03A0EF3
:10CC900048F90CBF49B319D227989071D68A03D0AE
:10CCA00034AE68D5118091750A5B87101814036043
:10CCB0003CE218C60FD13F60983633003C98056BB4
:10CCC000665CB6438EB24D08B56888649403AF9C29
:10CCD0007AF8CE231CFDA08BB1AB860F412103CE89
:10CCE000FF065D68478046E640C518C14F596E7122
:10CCF000870E881B3390CFAFA7F02870D0CB48F6B3
:10CD00003AEFF8EAE3243E5E0D43C4BFFC543DB75E
:10CD100007111B82C0EDCAE06A2B5D5841BA97DA51
:10CD2000C7978BA5F51851D03981A7D15578F9E867
:10CD3000F3E847FA42FF3D30D8B9DDED0B6133E54A
:10CD40001130A3CED9B106EC7980364BA61862C853
:10CD5000B2B5FB4AE712010000F0B60957FE5E418A
:10CD6000D60193298D7D2D7474AD0F0E02A2D5A42A
:10CD7000D5E42CCAD8B3482D78BDF6B55FBADDE34B
:10CD800095A82E5C42ECE314370A4662C31BCF1011
:10CD9000FC989A10B8D7F4093F754ADE241523553C
:10CDA00032D4DE4BA2C6440B771497B947CA7EB87B
:10CDB00063AB8918B6222FBA13D630FF9F0C565C8E
:10CDC000F9F00C21BF4B41E5084E426ECD14180F0F
:10CDD000057831543B51098B92F3F5042CB7AE041E
:10CDE000BBC4664FE9B069D213E276C59C2C7A6E5B
:10CDF000593FCE2DDDC0AEFCAA43498A169E2B4971
:10CE0000AA037A7E277178F584173BD5908A3D2C4A
:10CE100093072C1DAF1A978928B035A73478F6CE22
:10CE20005696FB7E4F2CBADF2631957282BD40C3E9
:10CE3000B557F4C18DFE039446A0DA6AD25E7A3B00
:10CE40005592CB28B803D9CFF02A2D1EA5C81A6653
:10CE500078A762708C92C2F14C3CF3909C00E8473A
:10CE6000003F9EB32251C1E450220612010000810E
:10CE70007081DB45F2D70F49D9E4FF0623A7D38F92
:10CE800049072C785D24441F17E4B59A677F885FB3
:10CE90004CEB706D6564928188701341977912FE36
:10CEA00059F29C1B250B9B6613B0F376C264BEEC53
:10CEB000F053568DC292EEC34A7AE918964B51CB85
:10CEC0006E988014B95969E65A4E02A3A7CC0B1A82
:10CED000FF2DF1DB964F23FA914DEDCC051FDC08B9
:10CEE0001804822A327227769F16BB6E19D24475B7
:10CEF0007E20CED2A8631B93F55C8B713DFD917AA9
:10CF0000FA03D4A141A7A3AD2A66A45BFAFC9B6AED
:10CF10003B9B126EF97FDEB2475FFE301F6EE94C1D
:10CF200076F9312E8D07E4C2D09CE28B0BE2A76F1D
:10CF300046044EF26ED92B7297C0027078384F308B
:10CF400092504E736F5C79773E62C64F73D036FB5A
:10CF5000D2A67FC90AED28739955667E8B423D2D76
:10CF60003E905BECF7D5C3BFFAEFC925A6B8145ABB
:10CF7000A7280F15BAD02BF30F28106544B04D84A5
:10CF80000F1201000078961493517EC5B72C468588
:10CF90008856E72FA0760C5405604583E456F89A2E
:10CFA000E1CC3AB416D0EADC4DEA002A4AD83F8DEB
:10CFB0006D69C3E940B8175CF692385F50E203F838
:10CFC0002C4EE09C7E4AD6A7F37BDDB77BD2BE58C1
:10CFD0003E43069521F3D9825D40447ED2C78BDB68
:10CFE000E497428C7E31863716806A51DDD3F64451
:10CFF0002432F38AE36C97DEB96EB4EE09808B6C51
:10D000001804AA8373369DFBC8270435330F7B1899
:10D01000B50D11CC4B9F3C6A569A503D09D33EAD9D
:10D020005F3CF2FC78867EEC35AEDE9EB8764795A6
:10D030000B9B6BF6005F4D6B1A5F29A2C9A4FC8B9A
:10D040006EEE287705D81B23B8582337636B4DCC79
:10D05000C0EB15A22A5D9412AC880FDA8B8D077B8A
:10D0600019240356F45965385945237D14C6A80080
:10D07000A9D519881EEC8D8964DA8CBF4384CA78DF
:10D0800029E65C821B5E1BE56FDC9DD5D66E6433A2
:10D09000471CE269ABB09E1201000006F79880328F
:10D0A0002D403E930188F78B0DB9233BC0D2898D6B
:10D0B0009E199E0B1FB3A10954625A0A474AA4BB8A
:10D0C0000E718BC0B16082B4E53C360D5D48A90697
:10D0D000A24EC6440FA272AB923C56C8C0978D3B7D
:10D0E000C69A7783B3AC00C0142DD340C84A897068
:10D0F000FC09376BFDCF0AE2AEB71AB15EE076C02D
:10D1000060AC8BEADF1D4C84D01CED2536A2B197B4
:10D110006FCE7ABF1490F096745DDA1AEB804B698B
:10D12000467ED1F2B6EA87D9CCF514756135C226B0
:10D1300059EC0A7830F2E0C56E8A84E30F52A77189
:10D1400075F6B450E15874931E369DE6CE4416CE63
:10D1500048A469CEAE7518940D59E8109468BD0ABC
:10D16000333310A0286C222BB626ECC1D6CF84E92D
:10D17000D7E3E7A9C37C9A24CDFAC76FFFC70CC0D9
:10D18000152E7DBD864811DC1CBE87F06DA3C6231D
:10D19000D22167C196E659037A5C3140CDA2417431
:10D1A0003FBFDD02ACA8D06F0571CB21B7120100E3
:10D1B00000027C45C060C9111C8ADD2BA242CA480E
:10D1C000860339F4A1D525741AC724DAA4B5D3612E
:10D1D000E3E9ACD606DC0C1134AF6EDB9E10C7D190
:10D1E000BAC04858943B8AE55AEE913372D9B511CA
:10D1F00090A6D90CCD566978ACD34195249C931B4D
:10D2000010DA37F40C7D2F67B4BA4500FA83CA4BA5
:10D210004967D28902250F5CB54900918C401718E7
:10D2200022F2282B12C5396FDA95BAAA73317D29FB
:10D23000682270D874E611D5EA7BB21D4286C8F424
:10D2400050C5BD7866630D1BF9118B0E89474C0BD9
:10D250002736D15AC9BCF4C35335D6F967A509F2AC
:10D260005E920BD9401400134FE181837A6D5968A7
:10D2700014EB7AEF55436C64FBB1E74D12DE3C4191
:10D2800062C56FCC63E0DFD4CC98B154DCF1752C6F
:10D29000D6A12544E96A750008E6DC2F66F8DC7142
:10D2A000E92D45B15FD8D211D8A80961D8E9F8BCF9
:10D2B0002BDF7B8F96195846B67E34B1CB64E2AB38
:10D2C000785E8D12010000655A4169FCF30C1EF96D
:10D2D000305BC4FE08EB79C5AFC290F64080B2DA8D
:10D2E000EC4E5599EC9AE497013050C8E1ECC5D169
:10D2F000493E14EEAE8ABDF842D9121FC42374B55C
:10D30000915D97A53D4E2FA148F973F2BC571DAF13
:10D31000E92EE138EB422BEF1B7F0EAB91B4E27E9E
:10D32000A2E4C9F44C2FDFBDF2F87B28138F072A43
:10D3300095613EF7FB550F00C76CB87A8EE9F52B67
:10D340006D213560D83B2C19AFFEA6B6B2208F8A6E
:10D3500090D7AD32B66BB96A57C2ED52CF4031FCAF
:10D360000863995A30838944A5E3999640D9477D4B
:10D3700065EA48B6DEC09F8D43627141B5CE771F26
:10D3800029C2471B858105AE8D114F17F98D729308
:10D390008F78DFD4B59DCA6B1A017D6CE6A06C0B4B
:10D3A0001C45E3C61E5765D00BE27B77C7166901A3
:10D3B0002508F2130A914BDAE906A01DCB5E03356E
:10D3C000037016D33C59813E15CD7B6DC405156D98
:10D3D0009A0D0E635DB702CC59120100008651B060
:10D3E000182E038E9808756786CD4E8145E9029107
:10D3F000FFC58D0DB167AE2B6C3C3DF467BEC42FED
:10D400001301815BE91694C876045FD701CB36D24D
:10D41000D08373677056A559BBFA3010C8E00790E7
:10D4200093251EDEE6C45969687C2E1D3502341D25
:10D430008D82EDCCAA416237EE7F2C840CF62C86CF
:10D440003225F55F509BD2E747F51D13956286DACA
:10D450000E249425E39D8622CA92C149FCEB938B4E
:10D4600033C5B00828C6D5DE6E30BEF9E3C5110657
:10D470006A840DA67236F02B911A6D22FA3600D806
:10D48000A0E90A5ACAC01BCE741EEED26DE9CD11B6
:10D490004ECE3CB9329FED7F8D181378E21D20B33C
:10D4A000704A619BC3D84E8ED67D65E146203BBB5A
:10D4B0008A29F92DAAB6FE9C199FA1BFB78741AF53
:10D4C0002B7C0A2F02298F2B01A88E7D9B7D742631
:10D4D00019B05B858D3C1BE2918DD1969A1A94D43C
:10D4E00051A9EF61C2E193C44B551D12E291C612DE
:10D4F000010000314AFBEED5E37486CF533479EE58
:10D50000B9421FB4D0500BEF7AF22FEE1121009CDC
:10D510005C136B7CAEFEE5B5A005665405CC94B2F9
:10D52000EF127B05BE0276F86DACBF80A247D90230
:10D53000AEC3CF51E7C2E755E6C7E1E7383C463B0B
:10D54000D6146CE1CD8EF4ECE57C61D31748F0E0A5
:10D550002379830354F29C6FF0447973BD8692253E
:10D56000A2D2A70C621599BC84B4F875823705FE67
:10D570005D60F2350BF44B6AEE7932AA4732AC6348
:10D5800067762EEE448F59B6DF914D428AB5884EAC
:10D590008DAEC3F212BECB904E42186567A44C729A
:10D5A000FF9FD4150EA49D411FA4DC4CC388D486D4
:10D5B000BBC708ACA394E15270C7EF41474073402A
:10D5C0006F7E3F1DC3B93CA8120218B2286DE896C1
:10D5D000E5D379AFCEEBB5446B83D54E75A37478A4
:10D5E000A6D80361CA5545E2A389539825F10D15C4
:10D5F0004297887BE34BC5A3D845914F1060FECC82
:10D60000E454A328B812010000A70D5DE73D025ABB
:10D610009B554C60F66F8BA87DB354B12A60773B65
:10D62000BA528F75A52322FA5A1DAAD303A01C80D3
:10D630009573A4B1C5CC6BEE4F30BA2BCCF531A9A4
:10D64000B8386B693BE22D043968E5B76944F106E7
:10D65000A33EB7C70E233AF9B14BC74F4D82CA3725
:10D660000F870E94AE47CF16B8FECE859B6B9952AE
:10D67000BD1512D1103F5FAA5DACC8991BA37BEE0C
:10D68000CC60AAE0F71EB6DC346E44F8F83F7F6A3F
:10D6900016F018E7336A261335EC998D3D4A8DEF65
:10D6A000AFE96E980498710480BC40F72433252EAE
:10D6B00071B7E040FB2D8116F3A423F1DA1B5AE287
:10D6C0007841E06D2B0DF4F5CE3AA91F102C56577A
:10D6D0001E7098117DF2376EEEA15D4A25CC7572F1
:10D6E000B962FB5472F958A5BAA5BDED536A7C2402
:10D6F000D188690AFD88FB044E0731DAB121500355
:10D70000A07E10164AB2F80CE41356BC7A8220426E
:10D71000DE942E4EEF30BB8D0962BB12010000CCAF
:10D72000DB3880DE6B8632F4DDDA0D5278EB29933C
:10D73000747C7192EA87804BAFD57EB5B75E4DA001
:10D7400017AAD7B2820E9103AF8C79E54F87E1B368
:10D75000701E02633B1E79C9D938D10E8716AE22DE
:10D760008883693DF19A05173E214A188933D230E2
:10D7700037833A89BD5DB656D7441FA3438C550104
:10D78000F987BB5536287FC84D65532E9D7DEC1912
:10D79000345696E087800D14A0B1E21E86ED383035
:10D7A0007AAA8D9F2C9907DBDD38E9B1AF84DE19A9
:10D7B00048597481C8BCECB67B7B47C0DA07D78375
:10D7C0008B4AA2031B985575461AB3EAA57183D5F7
:10D7D00098AA5ABA0A630C4C98DD103CFB009AC612
:10D7E000339B6E7017839A95A3518031722BDDAAFB
:10D7F00004D4759D91401F80261E0E8850E2153E70
:10D800002A467D8201950C07391DAAB915320CC72D
:10D81000672516F8EF55294D0771142AE45D525F0C
:10D82000A65F17F42C7E22745422A72696715850B6
:10D83000031201000057F24857FA47D6F54CA35C93
:10D840008FC28CA0318AF803FB058627B399C4A543
:10D85000C493B3A4173D1D7F0D7F6A4ABDC64751CF
:10D860001F4C8ACBE530AFA847460FBFE32D606E53
:10D87000DC0185120AC713721FAADAA2D3625AC04A
:10D88000FA99793150C41059812423504C37A3D0D0
:10D89000B4A32F19790E0354C6C53AF91202D26EF9
:10D8A00067FE5D8CCA055147CBA2239E87E3FB7BB5
:10D8B000E77FC57BFA2423E0323D4A0AD43F742A2D
:10D8C0008E7F2E4D0782783BF2F65E8F971D115E9C
:10D8D00046DA93E5661E310F82133F3078F40E006E
:10D8E0005C79467A3FF02E6424ED6B64ADEC2E0932
:10D8F000B4F5CF9E43B098464F2E339D2E89D07CF1
:10D90000F092A9B95318845141ABCBBD448E8FD44A
:10D910008F9476BF5BA018EA76041F00E42153A120
:10D920002049F358D6310E53A2DFAF50B56D1B7BA3
:10D93000F5D43D64CA25FA7C0E6B7BA19050D16171
:10D940001A9DF8A9E49025120100005056E9A7D8C5
:10D950002F8778197206DFBF68D6552FB22D0A7B44
:10D96000AFBC00540D5F047509153D746E957F2999
:10D970002DF235596FD6912254FE7B0CD211D00A6C
:10D980000FAC01A9AA25FC963FA73F8D3647D5DEEF
:10D990002EE2D632DAA86E5CA799125754FE685F61
:10D9A000CBA008C9E0C7C4FC5677CCF45740840626
:10D9B000DA4E62784FA6F4349F913C66EAABC3D846
:10D9C000BC322FEF5C1D2A50847AC483481562A3B1
:10D9D0001A51B47DE05EAD609D92EE22A96E9A660A
:10D9E0003AF54DE22D9AA2AF8ADA66F5A74F108D6F
:10D9F000D2C3FB68D5A891C27D6D2F5FDDDAC71455
:10DA00004C7F19D4AEDB1776EDDCD190F27A78DA60
:10DA1000315BBAB9CC7274ABC5F5F616C41E4A9721
:10DA2000F688A15CDFF98138FE243C9A89D23DC496
:10DA3000831DE8626DC1D22AAE54B1B0FE2AC7651B
:10DA4000EAB606732CA3CAB08420F312FAB34F3A95
:10DA5000031AAD3538500C5C5F01FECAF3120100A9
:10DA600000E8B501A521FC6BD488F2B4E66768BB79
:10DA700021E801547376DD1C9AE36121293A0D51A6
:10DA800046B648A9827AA1EFA02E266BD4A84CA94D
:10DA90008ADB38D296C22FBE12EDA6B86B34BF37E0
:10DAA000CBEEE1BCCEF55B24A8B2E5E526B30D2AAA
:10DAB0007BA1E9A7B460137373FF7E974491F0AE26
:10DAC000C5FC94BEBAEAABEA2F5BF068549723FD1D
:10DAD000F8109B26FF790FF5D1E5DEDBDA20606BCD
:10DAE00016912451C0C9F124B4F3A40D7FD8AD3EE2
:10DAF000ACE855B69687057ECC380EB0235F04148B
:10DB0000F1BD2DCD7B2B27771354ADF29D93E20F02
:10DB1000BE3A2A2FA20B9F2644C6A77EB5DDAB5680
:10DB2000DFF7ADF0D70BD70E6412C2C4C688E05C35
:10DB30007382524ECEA43A853A568928C6D7E2C29D
:10DB4000D50259FF0123513571AEFF7F09CFAF3F99
:10DB500034221D88556201F29784D52C85713D9E33
:10DB6000C354ECD7D0D82AFC2221FE98DF0503D776
:10DB700018F6E512010000040FD40AB39CA7624412
:10DB800034718FAF3547C5BB4934DC4005935C83A6
:10DB9000D822A81A7A53CC317B3795686F8A5A8578
:10DBA00033499B5A62FFFD6813B74D64E1CF26915C
:10DBB000987BE030B5D5ED1BA823CEDA98E3958F9E
:10DBC000C3D12CA96DCA03EAB3E640974E349086C0
:10DBD000C6CF50E9B617E908376157548BF0FD05F9
:10DBE000ECEB772EC4A34FE0C70CA502847C674DF5
:10DBF00092862FCBF1661962CF1DE67B229FC797D5
:10DC0000FE1935E8AE49DF4F8DDAE464F2CD14AE8B
:10DC1000CB0E8C511639EA25138EEE59E50A6E2883
:10DC200064405918E3404498455A68EB2F66DED1AA
:10DC30008FD6F4E48E5A701FCE79F443E0C466891F
:10DC40001256E20F3B09A5AB60066F336E8C618CF8
:10DC500040F14462AEFE75102408A550FC49341210
:10DC60004F63E04EC939FA8E2CB71EA3DD9BF3003B
:10DC70004AF3517F33979E528682B07B25FC9B16D8
:10DC8000752AD35F52BDDA107A12010000557B2F3E
:10DC9000D7E8B2B04A563E41E42C7F709E9CCD013D
:10DCA000C471B1503A80CC138F8A74116742C1D0CD
:10DCB000830EC95669006B9165320A2064776BAC9C
:10DCC00093815871C35166820B5A23AAA2D300D400
:10DCD000A7FD6D3E3E3D90ABDBD7381FBE325CF3F7
:10DCE0006C24C3AA093A8C1B04A0A0285BEBD03299
:10DCF00076FA063179517190630A840171DDB1744D
:10DD00007657893C7A0E30A3B6A8B1618C9EA86282
:10DD1000601DE0629FB5BE3365795FF6A75D171E93
:10DD2000626D83F51C90E6D04277BDD6A98958B6BE
:10DD300014940B041B8F4EEC277E019AD107DC8FC5
:10DD4000FD54BC7A8786B9B465F5CB368CE9F951B8
:10DD500092954D153785CD005631DD7311AC5C5968
:10DD6000D4379D48DE864E2443F4EF78CCDA85E242
:10DD700054211239D030F80EA27A6BE6955D160D5B
:10DD80000B31157022132D700825F7ED56476DCF16
:10DD900008EC3BE032A91823EE9E10A7EFFAEF1231
:10DDA00001000027948C9AFE98536A7E1401C5C323
:10DDB00084F993F276643072E29875538F082FE0FD
:10DDC000EC1478CCF68363E8C4EA03F6AFA7C9DEA7
:10DDD0004E35458D9BE28378541F1E391EFC5B6EC9
:10DDE000D578FCCDA6C63317E803250E937099DAD3
:10DDF000A7E98E9DE19801BFFAFF9B7B6AB7359535
:10DE00000C68F452473BDC52E890AB6BC68B39147C
:10DE100051D18D497D3A5224C9782DD28C454E245A
:10DE20008534068B730A1B9755794817D35032E80F
:10DE3000094B5A2AC9323685FBC88D032D60AF7352
:10DE400034BCCEC20D56C9E88E2A97A59D50B208A3
:10DE5000A654764C9A329C2C60885FECCEEC330052
:10DE600092EEE2F31B91AE98EE5A15CD985D309983
:10DE7000ADB343F4340A4FEBE230092FB603824AC4
:10DE8000A1494A049F4AA9DB0DFD103BA02C940B2D
:10DE90009F623C6D4D6F6A1169A05D544BE13A97EA
:10DEA000A96F8866DCE7F2D4435730B943E18CFFB1
:10DEB000250E513EC412010000C450920375BFAF3D
:10DEC0008432E1DBB0161F5150C632944177AFD196
:10DED0001F46EC28E10F9E131E4EAF8687170D6C70
:10DEE000962BA8FAFAD43051B563A4FF2C58EDCC88
:10DEF0002DD0323EA395E66CE7D557E005EB054EF5
:10DF0000CA780E2B4992342CD7AF7BA82F637F4E53
:10DF10006212EE0CBADD011B1FA7ACA7370CC93982
:10DF2000870DFB6CB96483F16A12E79818A2560D4D
:10DF30007C8A19196B70B73D0B8E92C843AB4D802C
:10DF400041A04E645504CD2D4C8037A9CC049AF0E5
:10DF5000FD61DAED916C6959FEB7411F52B414BDF1
:10DF6000208BC7B5F028C8A7019FEF88224F0B3838
:10DF70007E52A2D691990B65F71FB7D1381D324654
:10DF80001B1546981B42C6EDAF91CED45B19749910
:10DF9000E35352FC87DE5FE4B7D9DE6A2CD246C178
:10DFA000B6E964DC547F74E20EA7B27C12F92D321C
:10DFB0005038B19FBED000CF70DBB93FA6D02463EC
:10DFC000229C49BB5F78A7DD636574120100007372
:10DFD0003C1BD130B3EC4EC6F2A58FF6FBB74E69B1
:10DFE00009F4B40D22E2CF4D06B303F58F4E046061
:10DFF000032A13990FDF3D089176AE6F620622B5B2
:10E00000D29EB2564F9842D2D46F2D6CDFC67A8A18
:10E0100013C511930C045420E59B9113363FF187EF
:10E02000052473BE55F242E4FF7EBA4A20DBF74571
:10E030002F5A6FC21C81C0A7619091791AD7EB97B4
:10E04000D3AE5AEE39E566660595D2177A648983B0
:10E05000C260889471D94F6F2AF72E73AD1BAF3D04
:10E060007E46B1757983A5B5B2BF2C68AC6BA5CFE0
:10E0700077F399597C953D88BD7797E57B132E7290
:10E080002D4318A3DCEF1C982A1BF8DBAAEFAFFE88
:10E090008CCE95D41043FFFC60A29523572281C6F5
:10E0A0002162DC13359FD4AE53481E48CF97AF642E
:10E0B000F1310C5646C24B4067C2114F389500EC07
:10E0C00014C137AD1BF46210C11AA9FC726853B8B1
:10E0D000ABD39BE748FBD567CB0344171D3EE857FE
:10E0E0004B120100006A5D14EFC4910079D586E8F7
:10E0F0001AC33E92B40E4355F6892B62DE80B49A61
:10E10000274F030499CA0FAD01CFB475348C998D94
:10E1100012D0E82BC70293D399984DE0430F2458AF
:10E1200038843F855C286F82351B18D7AFCDB4AEDD
:10E13000B8EA6DAC2C0D428082D4B4B256FFF544DF
:10E140005C142917EB3793DE1A91CAC974F9818BD5
:10E15000BA2BE8A206189938F39F53F6C23D24F86B
:10E16000C95F6D5B270FD826779B182180B4E89391
:10E1700079CEDCD704D774B2E5FD26A829985CF5E2
:10E18000E879D06055D1DC2C0734A997817D8BFBD1
:10E19000C67FE290449375226DBEC5257094C2C4BB
:10E1A0008E5C63669DD6BD4FB11EA206843E4D9027
:10E1B000EF9A1B417A7904AE1890EA08A4580EB978
:10E1C0008CEE14D21094BF2423E76DC6EAD775965F
:10E1D000BD715C6078FC13BE11EFD8D516EC695C9C
:10E1E0000119F2D477120D9F25CE69DB7BCFD5FBC9
:10E1F0005FDD098EC692D112010000E83B14A70131
:10E20000EB029D2D813EB5DB17CB8960C735F6B497
:10E21000CE7DAD53419AEB6593CBFC691F816FE9CD
:10E220002132901F707DEB76608B69E0F8F2BEB60C
:10E23000BF13FD62535806619FB6F45D067643A78F
:10E2400002CC5D4443489689AC32EE88D131C03669
:10E250005F15BB77D59693093E9247802B11B4A2E8
:10E260002E22C33DB5D8C47663E73A102DFADC05FB
:10E270008FF805EA3B4E4648467591BD7E2FF97FE3
:10E2800018D2D2E22CC565933628B74A22E0331360
:10E2900079F35AA849F5C2EEF1CE2E445646B69F00
:10E2A000E74FF94F51EB042D386F0D631EB0E58138
:10E2B0008138AC4D9A776C03A8A1C74623F3C4B844
:10E2C000FE335AFFACF9835918A7D744FEDA5B87AF
:10E2D0006DC0372A29419182A66B6CC8E327B0F73D
:10E2E0005D193AD09B6FA0F1F170D4DD2D2FA7728C
:10E2F0007734A5ED21A82967ACBA6C7EC3D9EC7A36
:10E300006C16A4C5D86733F23BAEA4CE79120100D7
:10E3100000E798853017B6D876790E8B26F98142BA
:10E32000C9DC930F53DB6B2EC93D9622B117BCD8C5
:10E33000A07ED78679970AC36CB43BAB8473A59C47
:10E340006BEC0F06899B26EF9E10BCFA0A4F25380E
:10E35000C45EA72676AEBF67B2D8575C56C03F22D0
:10E360004216D60337C6D4F3B2BEB44D10B9CB357E
:10E3700009C0DC3BFABEB4E401585D04102A637E98
:10E3800080B1272654A437EFB4D1CA7EE0CB60E633
:10E39000D38CBE5C533E8005F5ED4CC39DE02CD381
:10E3A000FC7F0663711B574CE45C47EC64623515D7
:10E3B0009657C3B486AEBF723D9949ADFBBE942D4E
:10E3C0004914558EA5443EA3ED248AFA865866BAB0
:10E3D000B86430D9DBE3BDAD746D89F951825A530D
:10E3E000C7F2BE365D2DDAD134935BDCD840D365FD
:10E3F0004D629C0A0936A06C47A8F6BD8D562A20AE
:10E40000130E185E30B0D2401E512F5E143018E744
:10E410009C7C6C077A0DC6C1C6DCB9B62D8E4F9EAA
:10E420000CC2A8120100007E08DF02E2FBEB322FD3
:10E4300002EC9FA89B4A7F7AC6D3B0BCBB6679DC4E
:10E440000581585F7DB52F7A9FE8451FDDE2C12F1A
:10E450001624C0DF591DCB0BCB6D42EDA49AC566C7
:10E46000D3B415904F8F0E0DE2CBB42E2F7E4D6F8F
:10E47000981F06AC90FFBF3A4C787E3A7B2D464DF4
:10E48000A3E1408D3964C754026B617062064FBDD1
:10E49000F04B2C08F560D589C43879B422D3250413
:10E4A000519F6F6A787A44BADCBB736A66A7A2E8A8
:10E4B0001FD8CA4EC109C34A914C615A03B8071EFE
:10E4C0006627295503D5631549792F36689F8B3602
:10E4D00099E28A4378E8B139DA3E4BB94D997C5FCD
:10E4E000C06DD152C0F38EC7286C148778C61399BB
:10E4F0008DE8D94C91E20108DA73D4DE54C1116180
:10E50000D916FAB59768D1FBDFA7917956B1AE3D20
:10E51000884E9C21E4AD3AA7A3F57D4D6FBEA4962D
:10E520005122E80E80E87ABA1305B57A645F93AB9E
:10E530007A6C8C03A55D36147312010000EA64CF77
:10E540000D17EF6A1F526C3C57992AFF1208E154CD
:10E55000E7BFE92439E095FD0FA3460F87D7381BA5
:10E56000C11F4CAA98CF2BB7644266A3F1C6988C02
:10E570002A8A7948519A8E7B5A619707F3C4B6EE7E
:10E580002C8B8C1DE85E888155F6BC133D3628A384
:10E59000F555368F4ACA3BACA0003C766C9F92BCC6
:10E5A0007095F4B1B6A04900A198BFC1FC8ACBC058
:10E5B000BC54B3FDBD6BBD21C4489C7B418A09E4BA
:10E5C0002E955FB8AF153B030705E9D10D0DAD786A
:10E5D000755489818C66248AE20D085DFA9119BC14
:10E5E000C951F028D51B1E938C3A7054DC568A4CC6
:10E5F000794F0865C7F8E4887EAD34D67AE2CA451B
:10E60000814A66DFB1206B250BE9759A172F1479C3
:10E61000C769E75F2744F83430E547A805CACF3516
:10E620008A64FA260008FB97CBE31D9B4A32CDEAA9
:10E630008FDA9CB88A0E86E9FA0261FE602225D341
:10E64000B2A42BC788D32F70666A71A510A7D71202
:10E650000100003DDC1C8D4EA1247DF6F3E8DBEAD1
:10E66000C34A231D7155DFADC3C8A7C88F57D92D25
:10E6700060A3133058202924176D455F4C8DC38A41
:10E680007CCCB26865D330C5734F1F996990147CF8
:10E69000CB9B9D1B87AECDEF69CCC9D45DAECD7F42
:10E6A000C1A1E1B972C3C643378B360AF4D9185CED
:10E6B000AEDBEFCCC9D50CE30C8177BB18CE7B4227
:10E6C000064D2C2C057BB6A698D4A2773DC9C84F21
:10E6D000906451356AFDE6CB8D52AC39725393DFAD
:10E6E0001AB8B63F27C4862788CB323C058225D886
:10E6F000D888AAC7EB18EF19C717720443EFC5E211
:10E700002CD8C943CFBD1AE5BF2B5C1C9F6409CA36
:10E71000FB98B9E01AA961981697F87BA60A9B3F67
:10E7200059F15AEE926863EBA00D2591D32F356411
:10E73000412FF399E66E32518A4C088F34FA7BD020
:10E7400015D75C92FA375166F331C9FD75370B6006
:10E7500099A18A564BE5E80FD8A43FE2FE070115C0
:10E76000917D01548A12010000820D87136C9C3048
:10E77000DD5DD9882BAB3424328FA1E2682656891F
:10E780007B4A6BBB3B5F852AD280A320F119E7EE61
:10E79000CA92DF7A4893F05491597A42F9E5380CDD
:10E7A0003D6E14909058A628CFE100AE8E987A2640
:10E7B0005A74D33F139AE32C9EEDA9954AEB8A58DD
:10E7C0005F48C2F795EE4A7362ACFA467CCDA24828
:10E7D000955C6F6D0FEF701FDE3A046C891C95F02D
:10E7E000A94AE27720A5E489F1A1864391DD8F173C
:10E7F000B201CB16B71078A786164FAA903291387F
:10E80000A6BCC0A2108C94982BC04362E01B78ADCC
:10E8100054900981A1085B7070B177AC419C3DD6E2
:10E820008BE6CCC2C9D40776318C1CC12349A6B172
:10E8300017A8BED2D1BDC39D047FE29993E3C4164D
:10E84000D27E8F031C526B580165511402A61753D8
:10E85000B7814D460E4C7E59B0BC658797CB57E4C7
:10E86000E6B7049AD0FE5032A500C3F97827711894
:10E87000CF428BA4FB4DC1D422206612010000DAE6
:10E880001DB3AD9A5CB79C65F4F2CC0181171C5D99
:10E89000F34BF2FFD2C9DEB8EB144299DE6966474A
:10E8A0005F65876BE5548A324F870DA3455BE6AA07
:10E8B0001E23104B9A59C4347E7C664217B17D6783
:10E8C00010C72D33DE185688AA514B4F4F1E23D048
:10E8D0004D90DF70AA72BC0CA82A55DFC98D9A1E14
:10E8E000BA35B9A3368645DEA2CB96D877FD281176
:10E8F0003158D6BAF8949D1859EE14E2A75ECD9916
:10E90000D9A55F1EA0216DA5F2565DCA8EE3E10F69
:10E91000D0049990223259CD91E080796C3DF9B2C2
:10E92000ED73F7FD4FE34B27AD40875CD0DD75E815
:10E9300013320BF6C8ECB06610002FCE9E0915609E
:10E94000BE89E77202F970D57AC6506E204E5DA975
:10E95000979B0739EFDF98236196EF20353C80E5E0
:10E960004A1D26BE392C79F0752ED3CD2BAFD6415A
:10E97000C284A8A4B24231782D7AF8656A60AF7B70
:10E980006C462948C6B8CCEF769EB4CC48DC6DCB3B
:10E990002F12010000A708BBAFE3B87FD74740D6CE
:10E9A00072699B2F6E7DB3D156A6D173D8D63A80AB
:10E9B0009236FD8A8D1C1F742ECB28055EAB1FFC82
:10E9C0003A8BA54DDFF1CA6AEB27BDD47D9DDF9D53
:10E9D000040905480AADD4ECB419386690C6E19F25
:10E9E000D9A647B871F900A149E5AECB0B1DFBB81C
:10E9F000DFEB7F18B2BE0B8F3098ACF835C17C3896
:10EA0000A9244AD8C5DB9A3CDCEB302BC9706F20B7
:10EA1000F2FB6E0B16A7525F66CD95B8D00E6EABAB
:10EA2000DD0AB1EEF27D86539B1CBC91E0D3D9B6D2
:10EA300008B4A8A5EF1CA1BE0CDDA8242DBA71D383
:10EA400031339451D9F1E95780323FD1A22609DB05
:10EA5000E9A223A350AD7C3FBE1B3D6D18CB2F31E7
:10EA6000932EF634B1F91C0E4B9CA182381411BDC3
:10EA70007EEAD49BAABE7193EF49CDEB5B60DE4387
:10EA8000682D6B6E06DB2CD77AE3275E5C8B4D0915
:10EA9000E78A7C6B6AA7244181A65716E3DD6A39B1
:10EAA0009BB1317C1CF8B91201000045C3B6F25C81
:10EAB000726047B63E64F3E1AA45279CC4A94E02A2
:10EAC00008C48A7560659823ACD6FB813691190B12
:10EAD000354D8E4CB2B566DCD594EB610788C08DA0
:10EAE000321AB6F7F724E86FC82D234DCE7FDF9694
:10EAF00068090AECEA98C4F2EAF0768DDAD4B7AC89
:10EB000086AB454B0307B135744F0D3749E7F0F835
:10EB1000ADC04692B1DC143F91B34151467C22789E
:10EB20002413756E1BF0769E0D25E1B63CF1990815
:10EB3000F4A1D97423BB3FC34403240C441B13A585
:10EB4000C18A4B48FE7F4FEC8F0EDA7CA8F01E4E38
:10EB50009C207E5C7BB32F3422082A05F92AE1AD84
:10EB60009603E14A0D47B91D68DA5DBB25400724CD
:10EB7000EA899401C76FDEA73EBE6C0A73C5CCC597
:10EB8000440279BCAE4A11575754F475DF16E9EFC9
:10EB9000090C2F90537EF8541BB602661B5AFF4394
:10EBA000853AC7E60EF64C06002CF5F2457C8DF052
:10EBB000120485A830951804C705E1A0F7120100DA
:10EBC00000773D60993442757B8CE006F50D5D9DC4
:10EBD0004F7A4EC6C7B951164B21B7BFB53783859B
:10EBE000E26969F3AE0D41D7009C193E2F53A95934
:10EBF0003F42EC6F3CBB63E473B3831BFFCCA317B2
:10EC00005D63AECE0728BAC936DF0137FE694DD441
:10EC1000614696B1343AB9B779B20A488D36985BF5
:10EC2000F0443931322A0759F4A22997F88B3A690E
:10EC3000FDC8ACEAC662F15491FCB81A64093D1EE5
:10EC4000F501BB9FA11015723BE2F9B4F6A6B7B16E
:10EC5000F323EF7E2C1A5618FE3F88547DEB6FFD90
:10EC600073535E44FB15C5944A5389948B24C68D17
:10EC7000A6769DFB71CAAB8655A35219D7FB28E334
:10EC8000881457DA57C746329707AC2BFC0AF25E56
:10EC9000B85A14D827B6C921B9C0C5DE0AB401DDF7
:10ECA000213B7D1177801EEC430915C31E331D3DAA
:10ECB00042D934DF37B2B7E367AD868FBFA2E24EE9
:10ECC0002CE63E2AFDB72BBF014F79182ECA9F09AB
:10ECD0005070C01201000044DCE5BE80EDF93A55E9
:10ECE00080007F79F8B985C8E389BBB2DAE138B929
:10ECF00097DA055C603C1701290FE2B7A42C490D97
:10ED00004C9668CE3961A223F01DCB2B73928C9563
:10ED1000D8CA226E08606A53870218B1B6B612F4D8
:10ED2000507AEB2073667B769542605661066E05DD
:10ED300042F338CDAE23E3145408047DF5F3FB5BB6
:10ED4000183FA8659AF4EC5A6D956A5B98492ECEE7
:10ED50000CB2A4BEFAD9373B6A41DE3EDD33CA2D80
:10ED6000B36D16B1150A84D9856C84C27CCD8262DC
:10ED70009D4E90E1D8927EE6E5307FE65462BA3748
:10ED80004316532312AD9EDC2BAA4AC4BF3BFCF5AD
:10ED9000545DD6DC412B537E1A0A252347E095ACFF
:10EDA000CE81F16FA101A7ECB2AC4753D38CEB40FD
:10EDB000965520F2CEAC085E4BED3EA8FDB2D333A3
:10EDC00067D2D4359C3686D3D19990D52915695A06
:10EDD0003BA7A53F65A2B3D2845C8175897154318C
:10EDE0001746C7A42778CEE1211201000022198717
:10EDF0009A59DF3947C336C5C96D635746F5764F13
:10EE000061E4620ED67FCAA4982834ED04B802B338
:10EE100093A080993AF9EED1F786AAD2EBC206E622
:10EE2000C0CF26FDB76A6014052913E23932A76501
:10EE3000ED0135360AB03FBCD09CFFEBA284072918
:10EE4000CB450EEA0924EC7CB1FF1674AB29F8C758
:10EE500044615B411289AB7D0B16EA844170B05E60
:10EE600022429FBCF18E032A38274C9A05A83F35D1
:10EE70008AEEADA0D98602EC1D89E171EC6B4617D4
:10EE80006AF49211881232EE4F488491DBBFB8A524
:10EE9000D9D311BECAC26AD4DB0544832A6EA4A4A6
:10EEA000E1E172E8F072FEE09066BCA013F0C4737A
:10EEB00029A99C7C94BF638971C140679EC1F99464
:10EEC0004A573E971FEE660011B9D51398B70E89C1
:10EED00094E0B0E99547F767CD2A3EE80218E8F5D7
:10EEE000FFD068FF6AD6AE9620CBFC466B6ADA1379
:10EEF0005DA109A985AB010F63640E6DE449781229
:10EF0000010000A61BC017CFB9304052D6FFF570E4
:10EF1000B613111F3922D401CFE9B5E0BFAAA71A51
:10EF2000C7B0E2EE2080AE4583B561CFE0508411DA
:10EF30003D4667729B01786151A2739AF98B750FF8
:10EF40008AB2C4226938964256F719C7208EFEA8A5
:10EF5000FE8CCEF55E779AEE6E8D02AFD793B697A4
:10EF6000A37BF0B82ADC32F497BBD6E501CF2A7830
:10EF7000283B14C2129CCAD3B9319136ACDFF7BB1F
:10EF8000024C74323969EAE1C9D80602778AF68000
:10EF900089C839847DBCEDA91BB4DC64F14C999619
:10EFA0003DBB7329AB2DFB579E1C09A7F98828D9B7
:10EFB000E207407089B96DE056F1552EA0A30B55BC
:10EFC000D2EA7FA85E8CD3D067A593B54727FCAA69
:10EFD0005111056B61FA8AA17DFBD48D870B575FB8
:10EFE000285721BF2DBA776E9B0E88FDAC9C73729B
:10EFF00037A8C86E415CB38CC93767EBFF6ADB6822
:10F0000085D2C2F07D1656991C6DF7FE023C2E0487
:10F010002AA60EBE1F1201000040D32E82EB92BD25
:10F02000062AA9D15E0D7A4C853CB8E6BBCD5DD8E9
:10F030000CD01AFE9937AD6500CFBC71B21CFE46EC
:10F0400049DCBDBC4153BCBB40FDD5296DDDDC1C9A
:10F050001AB6638522CCEBE44C2D8C61B8323EC1EC
:10F060009375E37D656911EA7B1A0E5E601B4EA500
:10F070003C4CFD865736CFCFA9EAF48E429C996E60
:10F08000FBF7D0ECC18BFC57C8085517B349750E78
:10F09000FDEC1671A4098CD534D7E73455E3D01BA9
:10F0A000F74B00D4CEA687D2842B8EA484A6E8FD8D
:10F0B0007A92EFBA5EEBCDC969B370100FCB1FE740
:10F0C000BA6E7989AF241FEB00CC2E94B227EDEAFB
:10F0D000DF74E66BD6FBD737722CE348E3191D1FAC
:10F0E0001A4856673B0A3284A73563F547E55ABC90
:10F0F000805CA79265B43933913F80B2F998E4B34C
:10F10000D34AD80FBD33B471A9C726C042EBB6119C
:10F110005A017083A5A256ABBB4395A6A3CD8B1A0B
:10F12000FDBCBFAA95545583F66DFF120100000E79
:10F130003580169283E8EA9E7DA6CE0661ADDE217B
:10F140009B28897B823B9F7D768B19CFD3676998FB
:10F1500060380F17B897B2940BC75A71FE014E96DC
:10F16000B33D092CBB8CDF3ED79310BCA0E8A0D6E2
:10F17000A0DC050797FF6C499CE53B9DA536704ECA
:10F18000126B41BFF9159EBDDFDFAD12F36D919B90
:10F19000C669F95E3830179ED1CC56D38978E5928E
:10F1A00000B808582F395A7DF14C1C8EB9B0098B24
:10F1B000B42DA5369EB5E994CFFB95914AEDB0BA32
:10F1C00089D9978ED799EC3E6FA3BC4A86B2DE31BF
:10F1D000AF8C89F195F7CF49784D708551E2C66CB7
:10F1E00086A34D34E036B2BD870BCCC4797BE05C9E
:10F1F00017BA00B99BBB669E125F1039947466857E
:10F2000041F9870D13410F7D096A0C505D4C705018
:10F2100053FC41BB3DD8C494B782FDC92A9A9340A0
:10F220001C18532841A0173EA9114B7DC4BB353C87
:10F23000EC8BB73A5D58C0499F641C6C6B913F16CC
:10F24000E21201000081BCA93C2116BE835C4D691D
:10F250006B1835D3B06192B79765577D364A75B54F
:10F26000E11CEBA0BE4DC38852DAB27CCF01E3E2D1
:10F270008D74697D5E8D6C8D81224E809ABCE8987C
:10F28000CCF8AC13FD37F4D4C6BD3CE92790B234BA
:10F290004E88F8D36651A61C871F327D3BE697DC6B
:10F2A000CBB28C4682B6CE7CEE8AA4A2C4A800570C
:10F2B0007DEDBE7D600CF020FC8BE880817E13BB71
:10F2C0004B81748CA67C701B7144E18D5381B1908D
:10F2D000853D73D39A056EAEB97E247D97B742B350
:10F2E000AB9BD73B29BB3C2A2013F5319D4256F7F7
:10F2F0000A32AB7D3B0A6D4676835A808FC9AF6F69
:10F300005D468FC8427580C537DEFFB47F177B77B7
:10F310005CB515D3F9667F43F7C8967D01569D7E8F
:10F3200030C85607BAF2255AA4C354F1B0AE39A278
:10F330007FD77B7D4A552B6212847B8099282A9542
:10F3400050BF57111715568A6BFB1085FA7CEBC21C
:10F350004A9FA1D39E796512010000C921C14A7F4D
:10F36000E57DB09496AE124178E01ADD1EC37D4073
:10F37000FDDA953EC003500B387DD8F4D1144C52C1
:10F3800078802949C1CE200E4FBD8004777B266648
:10F39000482A62BDA89AF46A27D386135DAD90DF30
:10F3A000367D319E36539A14C3F157E431C45CF371
:10F3B000620D547D8F58B4AB037DED4B02825B63CD
:10F3C00017808D9499EFC9518E806E0B65BD56BC28
:10F3D0004D29033E9144A31913D3046D6FDE936A44
:10F3E0004F7D5E493F0AFAE4C19C597113750ED8EE
:10F3F0000EC5B7BDF4F804E3297DB533F8F838F944
:10F40000D280289E8135D063207971195FD64967F3
:10F4100053A6C27D6121AC834CD3ABA2D8FE440F6E
:10F42000397D3594025B793B17901E88C213644680
:10F43000923DF13EAA12F2AD767DBDA4B837010C23
:10F44000AA806049C4CD1DB848F6F2EFBAE09BE24D
:10F4500066F516BD406291E7BCD3DBBDB19F3FAB03
:10F46000D1022D9EC8255FE8A76F8E2145120100AD
:10F4700000301F7914E9EE14DB87F23EE9DE39BB78
:10F480006368FD6F2FCE221C1185D8F1819005870E
:10F49000B11BED924B9EB64B7C97E1377CDDD6EAF3
:10F4A0009FB995B1B181AEA55BF28B28C0DB9E55AB
:10F4B00068CB0B6636B85C01A42C7A97E7E89A57BC
:10F4C000834CF3EA5887EF0EF93B0CA526DE6E1C41
:10F4D00003C34AF4E5F7DD4EA1456EB46C9045D206
:10F4E00048A5857EFEAFBCFD05037E7606DD6AF588
:10F4F00030FAA19E68B5DE57378A1794CFDB12EB3E
:10F50000B4784DFBBA2DDFEA5030549B43E823EC2E
:10F51000102476248D4C47A9CEC32F2B6ADE778426
:10F52000EEABB2D840D1A1BCA77F59332190AAE15C
:10F53000A1F871867030A047C5F960C3C3DD9C7126
:10F54000ACB0D0DF50D93511766A3BD9EADB7CAA62
:10F550009D250707D7B3897A3FB06918A6E8D083FD
:10F560002F9119E51FD269E8F22410322BDEEA5AF6
:10F5700095033B4610F502414C897BDABECD3467DA
:10F5800030F35E120100004F970F68D39697CB0CB3
:10F59000EED65165A36A814825D128E1269C50DE2C
:10F5A00001CA7ABE2BE8D3FEA7026EA9B9FF2A18BA
:10F5B0002DFC6AB157F35506396A8C57C6C684A527
:10F5C00053F36FE1166DA1E9080870E08530CBCDEB
:10F5D000AB9F8C233DC7926F45A19ED09F67762736
:10F5E000F9B27ADCFDB07A743F41B0A156B5256618
:10F5F0001F38A66FD93555E35E3C8C6EBD7926D594
:10F600005C4E77F284B2950ED4303A8CF0F7CB236F
:10F610006AABD535284BF6218A53169972514EF0B4
:10F62000AC5D7A3F7F7BBF98C40AD5D4C9BB9F78B5
:10F630007CD3949E755255967D578CDC3007EFEF46
:10F64000B5555AC3D54CE8D652EDBC3B4CD8CBD8B7
:10F65000F731AEECE215A04E370E0521681DBBA1B7
:10F66000A0A77A34A8BB789BDAAB3565671C9E618E
:10F670007143ED1DF9A9559261D78CDA3F2DBFB1C9
:10F68000DD7B56A791EA268B7C5A6A224AA2CB9848
:10F690009A3907DD377EF7DBCD12010000B38DB656
:10F6A000A253036407D4FF047ADB320FFACCB525EA
:10F6B000ABA81CAAED0AA76535E8951D552CD3917A
:10F6C0008CD5E4A321BBC30682DEC57FD53526C613
:10F6D0006F7570A7CB7784245B90AD02E43F7E7F8B
:10F6E0001760CC40EE39BD3E7ADD555399C7A26F05
:10F6F0007BEADC3FB53C7D0761DBF16255438CE77B
:10F700008C79827B4F04853784E826476DE060B1B1
:10F71000AFC9D693CB1C9BF047DECFC1C4028BF19F
:10F720009600DBBAD87BD0977A90A0FF45269CEA5A
:10F730008B9D754402E79C7F3ADD2DE55517E7F078
:10F740008C47F90FF56FC6B42ADBC2210A83C67E47
:10F75000B4AA0B3CCB938247D8E8CD7A748FB740DC
:10F76000EAE9A3350B0B79947ADEB9386F3483FB61
:10F7700015CEED56DC68CF4AA9905F9E552EE31654
:10F780008C9ED79D4815372B28DD822E1690AFD83A
:10F790006681BE4CCB969EF669DB39BF7F2AE0DEE0
:10F7A00099B8F288E0598EC37A7179C386BBAD12DD
:10F7B0000100000DDDDF900D8CC79ED112A431BC7D
:10F7C0009CBA559D28B38CBB134554ED3B18569DF0
:10F7D000E945509E53E5BE2889C4CBC5E714C9123C
:10F7E000BFF209861965A53AD5D93841A5DA7AD389
:10F7F000C4940452620F932A841AEC9BBC7C688EDA
:10F8000034105577AAC78C625F6CB7F1EECA70915D
:10F81000B2F06A7AE602181026ABCBE9222AD04A67
:10F82000DAB9E069A735001A4BE16ED957F37A854A
:10F8300099B3AB42D7084415D4130FBEA3EEA8C4A6
:10F8400016615563CBA58CCA3A92F158ABB2FD391B
:10F85000E60337469F41DEC79F8ACBD192E01D5019
:10F860001E6635443F731BB6CE0682ED944E7AC9B0
:10F87000CA08DBC8BF30D9800003DAC5E900537D70
:10F8800084F45501FB898CB27F49F0416A5D7B2588
:10F89000F4BE5323AD0A25B77202CB9B51967195E6
:10F8A0005E0A5153C41DE62B81CDEBF164557AAC51
:10F8B00024B698760C36EAB12D2D32E99E7AD4B36F
:10F8C000D5ADBB4A32120100004EB942333FF23B84
:10F8D0007F1AF737C50228D9B39BDDB1DAB0683398
:10F8E00042F3AC3F30AFEF01B992DA95213FC98CBA
:10F8F0001538BA973CC2E9924A8B7DEA12B023626E
:10F900004D25E76D86C5913643BA036C4F3FD5153B
:10F91000FA6D1BB41F75E22B9731627E2BB0F4E0B9
:10F920001350A01612E6DF78196C44AADB3F673942
:10F93000837AE59452B7B2ACD85C61FB4CB055B257
:10F9400077D72281E1AE22ED9B852FAC983F4B9972
:10F9500062760D2BC8FD37A25E50D7D881B0EAF68B
:10F9600041A4FFD29A317AE2B6407399863F1C36A1
:10F9700027221AC3E0A9E644ED3CD3DF5BB0FE8842
:10F9800072D29246CB211B74C1CFD5875D3FCE4149
:10F9900003F60E18093AADE660FDBFE5FCB0127043
:10F9A00092C8BDA4FAF4119A5A2D3DB3633FDCA06E
:10F9B000535FFDDA8AF0F41AB51A8C0F38B0995FEC
:10F9C000E4995114AB6783918EEA5588CA3F81FD53
:10F9D000C2D4DBCA9DF2CF4976C82C12010000F3D5
:10F9E0000C02B7C214CC5E23D0FC7935EA197762D9
:10F9F000746A24E6751246F003F3043FDB2ABDEB7C
:10FA0000E70801C4ADEE51785B9F769E2ECB71C5A1
:10FA100046A1492350FC16EF62B29CC3CD2824971F
:10FA200078411353212635D879385FEC4496129AE1
:10FA30008F3C03A8ED967EA1FE4EF234A27363388C
:10FA4000E3302FD59C486F61FAABB91D30F7F2FB5C
:10FA5000F9539B7504CF7CB1BB5D2CA739896CCE63
:10FA60000A0ACC6077172D98D8D3C0573E5FE910AB
:10FA7000C95795EAB6692F5EAE55E954E09883A060
:10FA800095ED587909AD65CA27314C069082B1DAF7
:10FA90001B0E4BC92C1EA1A072A7B8CF9A767C5D15
:10FAA000F2AB850088B15B6B0C430671C7505B47B6
:10FAB000EBD7C59DDD63B4EAE07BE7BCB358B4AADD
:10FAC000854EBA475153C11E5F39159DFB720367BE
:10FAD00069B6E5AA6584CE1B06E16D121232EAD042
:10FAE000E4E412E9014D05F86D652102A35D729C05
:10FAF0000D12010000A82391E386346A5F6A010AAF
:10FB0000CFAF3C76AC6BF17550D6B9B180B049241B
:10FB10000FC25C2410BF397F8D11B3DC3F247F35C9
:10FB2000BDC57258F16E09D6919FE653A7898C071F
:10FB30002B753D42BBF0C8E733376A74A68EF95B7C
:10FB4000C3E6623290C1F513F68F565C4286D4F05C
:10FB5000A1B7BA0C9DB75EF1D73C0CB907128ACD9C
:10FB60003CAEE7E0311805E023A2D9DAF2C2557FB6
:10FB700035FD2881436A47F04F3DD828D272AC2525
:10FB8000BE311ABDD5950D796F18C92A13BF054727
:10FB90000EA94E3A81CD7D4028FCC73EEEEEB0F175
:10FBA00052213BF1A5AECF92626FF70D2A47314A41
:10FBB000613AE2569B3ECC169894AF771BD6A028AC
:10FBC0006FF459806DF7E166AF38672941AB2CF6C9
:10FBD00036F0716C92FF612C9E7C6D85D89DF3A5EB
:10FBE000E067669C255790F4D193C3C525C68E6106
:10FBF0003AD037E9C189589F8B068CC5F31D6F76C3
:10FC000077A41C79A6B2961201000070289E71BFDD
:10FC100095A6B57B3C3E896DE0A3F6A8866F165E7F
:10FC20001A6D97E7279B8428BF900B6B22244358BB
:10FC30002C3D9F6FA5370A86949BC4BFF2B19636C0
:10FC400084EBCD9309335A2964F6426EAA86378E27
:10FC50003DF5020B4597F09CB36BA0F01CEA05F153
:10FC60008E9501685FD92AFFDA6F33C182079D3410
:10FC700065149E1557B47F166BEF74B7E47EEAB92E
:10FC8000D443E7964D3256279D871718CBE3E20DF4
:10FC9000574BDC594E940089AF97096AC3FBA5BB4B
:10FCA00033C28C10D5AD28481E553295A53665282F
:10FCB000EB01EC00942BEB05ACB47FCDC7D8D33A65
:10FCC00000ACA8E8B28C7066EC1CE3AEFB8A042A98
:10FCD000324ED41A38C339C16114E03ECEDF00621F
:10FCE000FC9A2EF376E873B95EF51BF74855D010F1
:10FCF000B8570F386418162A746AC2FFB3E5A71AFA
:10FD00002D9C3025B18DFDCBC0EC7E57B9D5191592
:10FD10002467AD6D45DAB07EA5F35ABA85120100AD
:10FD200000FF3C0F63518EC6B408DF0BE6DAFBE937
:10FD3000F75782BAA2C63887E4E306CA154B8FC7C5
:10FD4000C089000254710167ED5D7B6A9D4D9D166F
:10FD5000EA0723FC1DC0966822824EF382014A35D1
:10FD6000774525082416337947E46F118F995C2F66
:10FD7000E49CA5CC17DB957351FA7FB298A3574B3F
:10FD80000F818641EC97E651B5FB536C9C42EC4DDC
:10FD9000EB61C8CFC09B85D4204E384E844F94521F
:10FDA000124D453003AEFC070A5509FD44DFBAB8D1
:10FDB000C48D48A2965F3DCB6FB98A5DB1D8D91585
:10FDC0008B371C0AF420D91D020D5CF42CE2C0D83C
:10FDD000415147512231F02BAE958D552ACA6BA95E
:10FDE000E9B68AED95EC9D2DD9F44DA102794EEE40
:10FDF000740CF700EA5D57916505B0A74F5C757EFE
:10FE00008C7CC3AB924DF764DC5BB515B8CE255145
:10FE10002A05CC09E1894CD178CE747B286EAC1DC3
:10FE20005BBB3793665505A2942D630248D77134A6
:10FE30006A5BB312010000B9EEEF18913E82583BA5
:10FE4000F32C11BFC19ACFCB0E158E41C3A06E45C6
:10FE5000F4A03D43886E024C5854FF68D25E5F03A5
:10FE60007342A876FC912DC35FB58385C0BE858A99
:10FE700016B70F44CB7C37A5BDBFDE14D0605D3014
:10FE80005D10F52F17A0F1FA8E709151377C82C367
:10FE9000AA3659F314D6E278301AAEC6AA4DA67F18
:10FEA0006B0553F91F13B724BACA6B7143E973F991
:10FEB000E699A117532D53AB50CD25C01D09896A72
:10FEC0001D2CFE73A74631F86315231690A2EBB0E4
:10FED000F2267877674FF0B0FF6D32DB22C0D22474
:10FEE0002842D47EB48C2025EDB5CD97948D918990
:10FEF00070D70EDA8025B391EA4CDA9B8BA1868EFF
:10FF00004A10F64B9E3BA503357062AE76311586DE
:10FF10007A3B834DB00E73F6A32FFB5FEF201B12CD
:10FF200065058601D3C838824ACAAA2087B455C25B
:10FF30000BF53699A6DA973D680B6831BB5B4472C6
:10FF4000692CFCED6A077F97D2120100009EA01574
:10FF5000D3D969F1AE71177540810A3121863BE230
:10FF600077B3DF50D41F9542023DF311545276B55A
:10FF7000A3D22AFB6769D170739B93208C770F05FE
:10FF800092F52F0BDB3A93102E32AAA8C27AB470E6
:10FF9000A7FAE33778CC60C581463FCA8569154F1B
:10FFA000BB7F3534AD84B40548B586A69F4207CAE9
:10FFB000B140B4BD499178D1E6C809AECF6393E6AC
:10FFC0008E52E05BA48F1E2C22D7EA65C04617151F
:10FFD000546652465F6C03BC26BF6D297B441629CC
:10FFE00060DFAD902208F5420F435DE448C846B596
:10FFF000FEF3CAC1FBE3B77D8F76CCFBF101995EBE
:020000021000EC
:100000009163412E375DDA10A44444CF0F23EC7086
:10001000ECBC2E6EA682FEEC432FA4F884534C1742
:10002000846A9C0A20E43005A1F34DD5EE76F9CA26
:1000300040D8421BBAFA0AD444F9B84A31144EA443
:1000400023F907C8C5FBF02CD6173EC98B5AAC8BD9
:100050009D670D44D24E4D89EA8AA9CC7FEA4F12A2
:10006000010000785C94D3DF574F164D83690E7CF6
:10007000420E2F24C3B71FF3BA20D4FF98675F7FC7
:1000800052A1A5AB96F562636F8B4C2A5EE273F5C5
:10009000ACDA63F8328D2FBCA9891BD0B20F519214
:1000A0003A30C2B06BC0A76A32717CDCB834365EBD
:1000B0000654D325CE1C6ED8150CADB63DAAC09300
:1000C00004002591EF80D1F98D278475A657E65855
:1000D000742C8303272058675E58F34CB18B8C9A9D
:1000E000C65CC0F69E38540F24DEA1F7529089EE0C
:1000F0002C1F7A823CAEB04646F022EC9F9306EF6E
:1001000018C60B3D1477CE0CD7A6261D87F704AE74
:100110008F68DEAD1FE989B09B545EC173BBD8ED1B
:10012000A59AC7CC411BF83FC0A0B270DFB00481D4
:1001300005B16F2CBD6B15B13818230E3DB38AB0D5
:100140002A26A235004BCB568D7448A4A9CC8FBD6E
:1001500014E48E1D0D8A2E7D490706E944FF2D31DA
:100160004A3D10F88D8BA1277113BC8C7BABCF3F20
:10017000FC58C94CCD120100005B1DE95F9A96DE68
:1001800071FD066996F5006F0FD8C596ECF1C72D85
:1001900059964182B5F03BF8737DCF3EFB8F646189
:1001A00020A1314387F7F76B3FA964043CFFAFE020
:1001B00055B7351D44AE599A1507E1362A7919B35A
:1001C00036ECED33FC27469118CD3D76A5A651922D
:1001D0008FC03980058D0E4AFB16B2AF17C2C1FE23
:1001E000A4793F200A7B32B82C6426E5E5FFD018BD
:1001F000F404E66CE1936D58AC50266C2B812F7D96
:10020000F23E53D17975CCEA6FFDA483BE22E96C2E
:100210009FC9D111F01BCE7DA41A8B774ABD5BE03C
:100220002710F8A606DDFEA666B990408F0D80E87F
:10023000292621F052BD9C6425617518AAEE92FE14
:10024000570319C5413F6F63C23EFA0BF1D5EA0F60
:1002500026FB0457E071AB189B99C84F982E12F8F3
:1002600053A40125E9E2E7EFB10F3D794B0AB94309
:10027000412255D1ABCABA0BB1B239377609D83F52
:100280005BD299F1E0258397C49737120100008E65
:100290000D9296A54DC2DCBA19C8E79504BBC18082
:1002A0006FD25D4E631C0226A62828AC3BB40359CE
:1002B000AE66E5AD5EAC92CB31692AE929EA7FE111
:1002C0009EB7D324AFA5051481A58AE5981474EDD3
:1002D000E1F40BC5531CD46029E2CFF718578EE127
:1002E0008007EEF7C1326FFE3F13A259E56D0D8115
:1002F000BF4664A1A1F78BDE35DD30A195058942AB
:1003000095F93A3F6D43970C913657D3D2457464B3
:100310006FF325383292EB46359BC4662D63C2C01D
:1003200042D72C1B9890A2ED863B18684E252FCB08
:100330009A3F6648F7554C34C4CF0A9DD7215D8556
:1003400079672FD856B49283E772EF07F35D3CB11B
:100350003B5DE56DB6AD5681DAB0E681447CABC756
:10036000EB592BFBD5211581C0649EC978CE134F64
:10037000401B4EAA68117BB10A48E9A7D06F37BD70
:100380008869F2D01846A93A16C22F921B480D264A
:100390007C42DDD3117115DFEFB3EBE523FBA38BBB
:1003A000C81201000052A47758F51F63171877B3DD
:1003B000862732E2B63FB56B708A34C6ABC7A9A1B7
:1003C00041736FCEFFC424C43295158760F07C73EF
:1003D0001E9FF3C9D30D42F81E651BBFEA14B32755
:1003E000497F024DE1EFABFA99DA7CD4E1607721E5
:1003F00019F56A311FBD2D3FCA94DE2141624C8D33
:10040000BC6CD27D70504B5B7CC0BF0400A68FEEED
:1004100047DB386B1E8A6B32FFA1A40E500A0D9188
:100420001C9CCBED00E9AA7B4E47A16794E92530DF
:10043000749AAAE3EC94FA206C1ABB4EB3200C71A8
:10044000178A9D3499678280311E8919A105308DE4
:10045000F59A90405D0493A37C6C12E3399BD541DF
:100460004202EF7F60CBB96A9FFD8677CDDB101922
:1004700099F5B733A66DA0BCB1AD6D47FE16DCFE95
:10048000711EAE35560CB059872E3C1E72298084E1
:100490007A23DC37E6BF21659CEB5DC6A5B60692E4
:1004A00087A6CA0A9B02E58F9AC0989E3880729BE5
:1004B000F5141AC4FA9E8112010000886A9D000397
:1004C000881563B73D5B68865F6C76173FFB78C223
:1004D000F1EC6E4A0AA03F9B1B48517D7FD4C5A515
:1004E0000F0A6733C8A237F07A4F1D5FAC622AE269
:1004F000EEC02F5A1A462E67AA4A3CD8FD875EAB3B
:10050000FEC8E83160C24CD0B7258593D5C1BB0485
:1005100035EBFF46BFA4B3BFD6CC7CAE07D42D7C51
:10052000C4FCCE9B8B3EDA7E7FF7898B08B63B17E7
:10053000D9F2BC687C57214FEADC137F47A129F32D
:1005400030DAA080E3E8DC05626FAC1852A4390110
:100550008F6F2A85D40DCA654ECBA3AB4FE6D8DA90
:100560000C979623A816884AA843101605C3299706
:100570005DD2E57671BC466FD9E838148029EDAAC2
:100580008C3A7D8E5CCD6520C67EA4A8286BCB25D9
:100590004564906C521DD9B356A3A92CC0D844828F
:1005A00057F612E753178AEDBF76B2355E094BDE78
:1005B000479D60F56D1738EFAC66E43F14242EF3C9
:1005C000E9A75BE274020C542866A2C73C12010042
:1005D000008A3851CB2F05A41A5DAC5AE793442DFD
:1005E00093EBACA653F2FFD4C68DFE14363093576E
:1005F0000CF67F65CE2F9C373FFD2FE19FA279B887
:1006000004DFF98393F24BCBE264127C1B2E7BCC8C
:10061000FFD1D75C3C2FBDB3B7F15D73F38A3EAE1B
:10062000E790D45F42F23D4736226E3CDEE8E6D4E6
:10063000312BAD89F256857663C1A299A6E269F4A1
:10064000D64504ACDC1315DA77A6695F76F0942002
:10065000418953C22251430B61CD0988FE6709AF1E
:10066000240750B913C63D42D9271EEA75D0C4CA23
:10067000F0451C7A327152347E66BC274FD267DC5B
:10068000CE9C16FA82C05FF391D5564BB9606BAE23
:10069000F746E67E48165D5B0C234D9CF641CCD9AF
:1006A000A4CB049AC5CE325A46B6C9E789B134B74D
:1006B0005A2E2CD9A9EC0C424E7EC67C1E515E5798
:1006C000DFFB335E5FCD6637FE940A30D76C3DAA00
:1006D0002C08F59D4E1607F2103EC9A164465C3801
:1006E0001B3CA0120100006BACC2D02C202B345359
:1006F00087EF452A16E7A9BFDB7042079B6130A34D
:10070000ABEAE3B0B7EE946EE8B886B16AB01DDD2F
:100710004005B62B21550E49807991B2397A0B7874
:100720004F5E58BD6095160C08009589F79C84852E
:1007300080D9644F7BE96762366D7877E687CAD7E0
:100740002AA6B5DF257227EBC8284E1D108419761E
:1007500074D790D8C8163FC52166546D5C878E8EBD
:10076000FFC7B689BA5D92A1833CAF7BE8F6211F33
:100770007E46744419BC1FD3654D00FB535D3FCFCB
:1007800092CE0D80D44F88359A0E245034B585C34F
:100790002D836BF5B18CF23FF166CFD7C6E6517F62
:1007A0001B66F592B1B26DFCC847AF3526F74ED047
:1007B000D945265E5EABE21224AF99EE14EA73DCF3
:1007C000393994B5BAFC656098E0A6AC89CEA6919B
:1007D000A568FEC85A84DE7419FF89578413DB8F1D
:1007E0003330A16F79FEF0710C6926F0934FB79505
:1007F0001D377B1C341EC0D06A12010000D4C5EE28
:1008000054349006CE3EBB5DD0E92802BDA9B81392
:10081000A0A7771EB9B4AC67219CF7C7ABE5C93A6E
:10082000443DC967824235D3C7FFBC3924417D5757
:1008300013181956F1C9632D53169035467B42396A
:1008400037FC5447B6C10F371DC1E2DDE56EA9D6AE
:1008500008F53DE1E109A058D0B94BAADB691CD0ED
:10086000D96067ADE9506F5BDEAC70FAAB9CE41306
:10087000440C952EF07AE2B1BC70DE95F49E86278A
:10088000A1E28F6AF1D740CD1D6BAF346E8642E096
:10089000562FD115A576D539715B948CDB521FF29A
:1008A000F1F2EBAE97A40947D130BD6F2325C7B154
:1008B000772A3D5EB0616D33D3A2C7D2211C1C954F
:1008C000776234FD6715BC971E856149AFF1F12A47
:1008D000BD105FCC6796766DBD8D6B682CADE66CF8
:1008E000B61AB86FBD594D6F2E3E722ABBF9B3C50B
:1008F000D4155745AC108C16DCB3990D85BEC322B8
:100900003ACA6A036100647E25F0A5F269310C12CF
:1009100001000011F55A0F272DD957BCDF53756719
:100920008128C999B9C41A193826DF90EB953ED0B1
:10093000E710CE0F00609AE5E56CF8E655EF3BD284
:10094000EF735FB21EBD9F98D848D6A8BABF62B6F3
:100950004AB991E80DF3F9EB23E1047E6F0AF7A49D
:100960004F8949600375FACD95175A81A81B676DA9
:100970003B6139A986CEED1C369258B731359528A2
:10098000DF980CE531D675DDAFAD0942E5483D860F
:100990009466DE41E13189325506D5C9095B0B29E0
:1009A0008E762D7B2F13831B3DB1B217911A1A9CA3
:1009B00066F405731C9F8A9C4F495D568ECD10FFCF
:1009C0007A588FD513E069498C5388AE1A5459165A
:1009D0006B0A70AF284441E3FECD33284D25DB2759
:1009E0002032B7DED5796BA6575C177C6119588920
:1009F000BFAD13E7C3DA29CB393B89DBA5F11C482E
:100A000011E0DD27C2926C2784DA1FAAFDDE78058B
:100A1000AC01B009AAC9E519995EAA523528CDE6FC
:100A200048BD1FC3E312010000E5556646FC192AC4
:100A3000B1A340CB24B74C636B414258726FD1D203
:100A4000AB0702A5F9AE87F14D7B1FF4A994920D77
:100A50002BC0EF56BBFDE88FD173B80473381F1954
:100A6000A509247688310580F8D52E9ECF7C1829DB
:100A7000B8ADE14033A9BCE79CAF5B32DD93AE611A
:100A8000C64F639B1721329C1DDE0B242A063EC5F0
:100A90001C4DA7C69F3AB5FCBCE70E9BA012E4CE46
:100AA000E8FF1C33ECF46E79FF272686C9EDB1A66A
:100AB000742A6E2EB3F0FCFE4409818459FEBC6B8F
:100AC000C3D016D9BA67559089DFA1073BC1D03D85
:100AD0009BDC7D9EEED0F0C094D18EBBC80382D04B
:100AE000A0B61432E4D223F6C3D460E39C297AF58D
:100AF00052752F80CAB61FCEE7C6A9741C74A1AF69
:100B0000084CE6ADAAA4A06F58C4713611591D1443
:100B1000A3F79C9D036D7086D43663ECACE4F97E3C
:100B20007BECE28C54287C87C79FC6AD40A08F46E3
:100B3000144BAAB8B578B40FAF424E12010000C7EB
:100B40004F8FBD6EAAAAD0017076E5BB54E13F433A
:100B5000BA9E3C8C8B47BDBC442008805B7F07E07D
:100B6000355FF399B5A73690CC9BDC96A7AAD9023E
:100B7000592480D4A67A3EE6F2B68DD9D353A32663
:100B8000E2BE31DC223F18A80B331B557D5AFD17FE
:100B9000ED86C63BBBFA877E26DB7EAA7E4779833D
:100BA000A03FB52159933B8104D98E5F9EC4068F27
:100BB00088077A65719ED7B77ABD7D72F3FFAE3430
:100BC0001D93D8DAEF44E342D1329268B6A4A62E40
:100BD0004AE371222F4AE5C9BF09F34EDE21DF90B7
:100BE000B496EBBD833C97174FAD971E6A12FB2A54
:100BF0009B36191F9AEF905617010A2C86384754D6
:100C00001083518ADF56B6AE788CDF03FE22422075
:100C1000768A378BE09F1028D773C459C92EC587B1
:100C2000171EDC44974C017CA2E84582AA950D5F13
:100C30001255F07EF8F4D0DB60527FF15DC318D816
:100C4000D9D13213357075AA0E8D0823893ED84448
:100C500016120100002407D34CED1200739DF19889
:100C60003FDC2DD3D9AB3DD480FE9E7D62C6C6AE9F
:100C7000FE6FEA04DAF889C31EC10B10181D03DCED
:100C80009AF2837DF0B0B77C3203AD80E1C119CE1A
:100C90007E3551D0ED25467B5B296378917087BB0B
:100CA000DE3F5FD30691AE1B7A749B7D030E3753F4
:100CB000F69E44BCF40341C4E959BEAEE3D3FEB38F
:100CC000FAC3987D73F6E02AFBE49C80C7BA29EF4B
:100CD000F3EC2A93B582F9BD38A0F1255526A96F0A
:100CE0001834E5D3FB3DBBC519CF5D7DC2CB070AE8
:100CF000FC1D3EF94F1DBC75C7010FEDB614AE7E4D
:100D000079A76F7D2130D25A7745098000608935F7
:100D1000C457EBB5BD681BD60161AB8E678BE395FD
:100D2000FF5436D30D1B5760F0424E7D16DD085B35
:100D30002E06C73961B9F41334EE409B752FE0BF1E
:100D40005FCF017D85CBD6F3BBF45180F49F15CDE9
:100D50003F718C43634C696163D3B7DB4987EC1BFC
:100D6000647563D3BDE5E8120100005E3ECE01F577
:100D70005B7D8512CA9322E693F1F3D3B0DC2CFAA3
:100D8000800D16C29348F5B79B7D7BD20631607FFC
:100D9000E3804A723ADF5FAEE180E2791569AE40E6
:100DA0002829FBBF321AD7FDFFD36394CA9F2F5265
:100DB000117D73EEEC4CA431099CB8FCA42D276680
:100DC0005BC57C471E54FEA9477D8412B04484DF76
:100DD000528043D6FBA3C0214079F08E168C32F3AB
:100DE000ACA6BAAB6619BF3AE1D383809ADA5863EE
:100DF000B07D919D320BD6F4CC903D59E8BA0ABC37
:100E0000113DA1C6DADEF6F0B17DA7E1A411476A73
:100E10002E801E1DD96A06670EF673ED4CFCFBD8BA
:100E2000A8F5D3C1D68F32D040D3B4ACE95DBAF9BE
:100E3000CF7D55706611A5D2B86FAD3A20CC396719
:100E4000B014CE0EF013FCB6F67D4BA1E84A8F0F1E
:100E50000D8096D3116C21A48A8721165CCF77462A
:100E6000CD4B68BA20FF466D0ED3ACC02C58760C23
:100E70006E436726D8FD9EFB5255D2669C12010038
:100E800000A92AA2F1BBB601DC665E8E2E0AF158DB
:100E900096E59577E428A9533DD585F428B4021C3E
:100EA00085416B51BB3AD64E9C2377CF13339A3290
:100EB0007F7B8B9CD32A1B5C49F00CA142A204F5DA
:100EC0006273AB007C62DD57D478A68A222E2DE0B7
:100ED000E6D585BC10105EDAA9EFC61573EAD2EC30
:100EE0007BAF9E09601A0BA956D84788B72D12BD53
:100EF000C2DEB7B9A7157D2AFBA15402558A18E1B5
:100F00002BE72DEFE0CA4747AD619A27A47C5FF13C
:100F10002827B2FAD6C7030D8BB137A0E67F85AA82
:100F20008409B55484B6BE7A6D986C9CD1F59C80CA
:100F3000C0DFE05C5480E929BA5E3BB78092C55AB5
:100F400001D138BF02B289FA22CA843CD65EE59C40
:100F500075D4192E0BB7CCC5E6A007368F9397C46E
:100F6000A7C6A21A472B0F9E706BA4FEFB583479BC
:100F70000FC4D271ECB1F6A6D3EAEE99EF9A26A48B
:100F80001C36119D5F5626EC201EF285A524369056
:100F900033D6C112010000D6A7619DE0223D6469ED
:100FA00008EF44FB07334B4EEDBD8FD040B3E73A1B
:100FB000BE86600A16F68B9BD68EF4A1C4F568CC6B
:100FC000AB0A00B49EAB8A925175C36E9FCAAE84C1
:100FD0007A719E33636F328B3F34658CEF1464916A
:100FE000CA3502A250DE96BA4AD6E4998022A88F6A
:100FF000E4BA602E84878C31061092D4064B9C6C28
:101000006A5B39EA6A198A6C0113C3DC72127808C8
:10101000176B422DFF551B5CC448D03BDF0164E3D6
:10102000ECCD488A8DCBE68576E010215BFC305D07
:10103000DC92607CD51CCF50B0B28E65EC4E5682EF
:10104000F725B07FAA968A404079C3DA68965FE4B4
:10105000608355F5E1F5F73CDA3AA222355764FA98
:1010600032F10F920BF728CF0792D6BD11CFEDFBCF
:10107000462D605E91ECF1FDA4C9911F74A96D4EDF
:101080001B288293EA5F8A2DDE66C38AF469A6551F
:1010900003E4805840E1E41A44AEB98BAD6A64B908
:1010A000C8A5A11519823DF297120100003146F43E
:1010B0000A8BEE1EEB3258746045CCA4316CFDCB2C
:1010C0002344C24A1E34DA76D46C44508A5C3A9E79
:1010D000C37E2E63D288FE173218D612B3854C9D7C
:1010E000DA139CEF640C8B9B0E1C0A72AD50F92432
:1010F00039835C8415DE95786074B822A540F35678
:1011000062DE2A9F9618F03386F83E5D8A3C0F8691
:10111000C3C80D6A1BA5AE2F4688459597CF5C6E58
:101120002BC309F464CD7ED936B23F24A4FD1B073E
:10113000E884DEDC8327B4C860ED523E252D4DD215
:10114000D1FBB400F6665E32E181C7428A1A93E3AE
:10115000C373A974F3D5E069233D77045EEA6BB7E6
:10116000817A5110642359AD899B6D0C2208693630
:10117000ADE8A0B927F0F5E2603204D00BD7D08DEE
:101180004386CA78DE78A68CCB46A3818A2B998ABF
:10119000C3D65E28CDEF01340DB5D0BC60B39E1C24
:1011A000FC11B9AE64D810E8F0C8A43A7DCC395D22
:1011B000A79F02E753A1D357609E189383285F121D
:1011C0000100005C972058818A25A06B9A40ABC330
:1011D00004CB8A85FA32C3B803FCA1EAA690CAEC14
:1011E0002BF93B50B5AE76875EED641E2DC60634F6
:1011F000E49658409E9B11F7C6967F1BCBF7601D67
:10120000C5B5B43C0846BAAF918E7BF8842E30A7A2
:1012100018F78ACF4384C3B5CCCFCE209A77B55781
:10122000FD394AFDA243122D039B64441F9E2154A5
:10123000075F3F2DB5BB3C4CBD69FA83BEA260067B
:101240002643AC1AD46250D1C45D36639B8012CF62
:10125000C5828AEA5174C330DB1E3F2984C28D7176
:101260007F8BD8089CC14CD9CCBF64517C9D2BBCD2
:101270005050FDD7A2ECC6B330636219E403609D01
:10128000C231902B5214F6D206503B6782B89A12A4
:1012900026728AB3018FC3F5A38407739B9A7DD30B
:1012A000A820EDCC83AD5BFADB0B64717120358E29
:1012B0008D5DA62C9C5F717F3F6A031FDC58609197
:1012C00082CAD5357CE61A40EC6A976909B6FAE419
:1012D000C22480207712010000CD40BE26683DDC8C
:1012E000721582360AE332F3B5AE1C1A3885A3C6EE
:1012F0003196A7DB09630B42423E833F3714E47407
:10130000C2594699B4836BC75AF726CD63517467A7
:1013100001104DBD793B820C6EFFDE9356C657B966
:10132000E4009E267FAD5535BD57C36D0171F2793E
:101330005EE87D099DB819811789DD96E2C0822893
:10134000161A58D704E7AC4B7707604C2416C251E5
:101350008CF3B2015F26E93A71453A8349DB323EAC
:101360005138E73BEB0CA052639CCE2F2F97D5074B
:1013700035259C739C3C0A56E381621E049BF977D9
:101380007C6D95F5F21F74151261C66803AE2A1DB7
:101390002E50B152C062B26CF24D0FD09B5F2485CB
:1013A0006F7A22841687B9A9838D3C8558204B2DEE
:1013B0002DD7CF302C403FE97E37D7677F31D78795
:1013C000A176B422E9618F7EE951AF8B95ECB464CC
:1013D000FCA47BE606F6E616B1B693A7AA5D9632A4
:1013E0006522C65EF19F791D92174012010000C070
:1013F00025C29E020BA3F9F01212B841EE7908B192
:10140000B7373E0B13A6257825EA6C0B57025B8C89
:10141000537AC58DE24069EF5362770E5F90307F5B
:1014200018976896853DC1D8374BC76AC462F66580
:1014300045F616ACBE7B50A1BCFA6D140FF646BC47
:10144000E02661F85FF59F612E796AABD9C12E0065
:10145000E64974786BBA3AB15CAF5A51E56FA1A313
:10146000663B7008F014DD9807DD051999E5A04F7B
:101470008A3305A50F0F765EA3D5A2E49287A24812
:10148000D2A0CB4E3A4B9ECAF645A6E3757A56FEDD
:101490009F1206AD603512A0B5F25663365595061B
:1014A000FC4B3A244C01636B08603883CA9E09E9FF
:1014B0003798A5C5409D4EEAE987373BDD1CEC6FA8
:1014C000D6236AEF7F4EEC1E4B4994ADF9BF3C74B6
:1014D000ADF25E43E72FCA1BDD5170B863F5E8E358
:1014E0007A90BCF04A57FFF8CAA990E724C2E00EF0
:1014F0008DAFFF0580D0BB200FCBDA98E3ECE3D2B1
:10150000D8120100003E065804507EA9E49CC2791E
:10151000ED49003A3AF7FE49F5D7A23E2EB34156BF
:101520009D56FFE126FF0404453564470DDFECDDE1
:1015300016FC425677576433244F5B77BEB298400F
:10154000A0D178AA7E89B0327F4A6F7A51A2C04575
:10155000B260466CFC073212BF697885FCFC2BC672
:101560009C6BE15A8745779BC16479FAAFE23260A0
:10157000F15B06E9129CB698035A1187403F3D2E55
:10158000E230C3C40881A4843E0E8D9E6F538F4900
:10159000A7043C16DC6127F2796C176869A3499EA1
:1015A0002C0D40A4674D65BB782EB34AB10766A9E0
:1015B000C7372C2FE98D090B950AB07319C09F808E
:1015C000F953C1124637E874610916EF6509F44F03
:1015D000B6CC624DD15192AF7388D2D43AADD49D7E
:1015E000B8690E2214B65FECCAA70C9FB84FD6C1DB
:1015F000053669B85B0C0563C55CCFCB064DE8B812
:10160000178B1795A27C20DC9A023CF1C1FF81A8C0
:1016100099F61AD8204433120100007EA645CD2940
:10162000532B631105226D00D19F40ECD88B6D7454
:10163000C7D3863521083798BEEE2E5ECF64745925
:1016400058919313135E834976FA3CD35AC25EE4F1
:10165000E176DDA9C41F5756595138D26EB0AAA001
:1016600066D1FF8C2CEAA2FCBB75C879B17AB3CFE6
:101670006D234421DB91DAD1AB345694902B0601D3
:101680001482F79CAF4B40608B413AFC74F6F545F1
:10169000FF0863B3CD1D5E6B1C6E54127F78A3618F
:1016A0003B5E0DDF3C79375B2E9F008E9449B24242
:1016B0001AD3DBB262F9A0307B7C3C8022395EEE2B
:1016C00021601AA22ADD810454FAFC598F33BFF439
:1016D0001076FFFC44D8650D64D69FE121D5B1D3C7
:1016E000B54DAFE24545DA373075A9ED591242E103
:1016F0008E23A43FBBC9E253382D3AAC82FDF5A935
:101700007709FD53C16026CC7D41DC3AC9987957F1
:1017100048080DA32659CE699D4F48A15D0C3DE0B8
:10172000599AB107A849A02C909F1BFC7C1201007C
:10173000002388F2D0A936D3FE43728DF9033FD639
:10174000FC5331D3BF57884D3065B4A98B59B6FAD5
:10175000D176EB0B73E0B476AFB8BFAEB0828E2D0E
:10176000881493C357D08309B832914FE2F1FB75C7
:10177000F75A9BAFA2A14F23B93406CE17A06D4FE5
:10178000DC3B137B796E01C0ED88F5C11EBAFE41CA
:10179000BCD92363A08CCA08B10CD753828F2025F3
:1017A0002CE699C4B69997A174DE61A8F91B5C9FD9
:1017B000E4DC124517D439D3AC187FEFBA5AA40E23
:1017C000D17EC2BD73DCE620B5A53008253889FA84
:1017D00094ECC864C83B4276B8CDF10A847A48DA02
:1017E000C95E4E751A219E895227401F17C7BA75C8
:1017F000C4D389B09665D123F8668A35AA22A95444
:10180000BCD21FD6A0DAD90C02D5839162475141D0
:10181000D479472BAC22BA087423875B2AD6052CCF
:1018200049949613FABD9B5814F0E11DBAC64E9F19
:1018300074FC4160241FAE6A587882CDE5A33A1F3C
:10184000D2C33A12010000850BE0F190A3F03C3DB9
:10185000B8D83D422051075083D5F3FD15D13DB492
:101860006125C14F6EA72D40EF7983F639383EE1EF
:101870006EC913DF8234343CC2FD5572BC825DDA1E
:101880009EF11BD8C67062CFA1927C39F2D67AA69F
:10189000525959E2486E79FDDDC8B5BE465EA90FC2
:1018A0004028AFCA239DB72D14666BA4D116D72B41
:1018B0002FEDB779E97C721A1F1FE348A1608954A4
:1018C000E7A5925C1D592BEA71F4E0CCD5E4808049
:1018D00086D678CE05D6DF0862D1EB922B4D8B16DB
:1018E000E176BD6E7CD420D7DC9ECD7BAEB7905721
:1018F00069FCD120B22DBB2B0B6A3317690986C452
:10190000229BDFCD606901B33B24022C4B5442790A
:101910004C9F83656E4FC5CCD7A1DC0773C0E63DF5
:101920006E333CBE93B1382C8786AABFBC18D0B4A6
:101930009338FBB1E6254335A13C4F5EE3A144E17A
:1019400092D908E1AE8D1C3F15B0D958CEBE13DA3E
:1019500007AB40A1230E11CFF2120100008ABF5342
:10196000D4E40F20BEAA2FB0528D4EDC540DD2DD30
:10197000A3A0A17F6152B0D3B23EF4DA9B9D715710
:1019800098CFF789DBE0511C75B3368A879ECC76F9
:10199000C101810541CF083181027C54CE860C0EF5
:1019A0009A45400C409A6963E0AF71489F52D69ABD
:1019B000B1616966D6C7F343A7C2DB2CC1773BD7B9
:1019C0005D42C358A4AF5BE3F7C56318677A58213B
:1019D00078EE50F892E5CA392675931F396978B6C2
:1019E000EDF480F0193693668AE6CB0B4842064741
:1019F000FED3E3B809025D65B6B7A2A78E63159161
:101A000014E137383764FAB90BAEFFA51446304DF0
:101A1000CAA9042411A7EC2443FD097005440A7FD8
:101A20008A575BD6062E1EE97C3153A3EEC8B0B4AC
:101A300040E0526D88B51D0799A9E09D680116E741
:101A400036D09016C58D27B1DB21E19B4023FFE8FE
:101A50006DA12CEBF9FD32F0EA3ACC591353F2B2F6
:101A60008B6E11F093EB6D296CE8806B9EC467124E
:101A700001000062A4E44A943495B51E4A1E57DE64
:101A8000F38030EBF10668387629951BD1EB849012
:101A900040EFC8C5A3E9B37C2F4350F8665C20DD56
:101AA000729CC497B4039693B0C5F7208CB06ADBE0
:101AB000A697869AE8DD90066AC20244D3045EE8DF
:101AC0008679A138F52570128AA65483781C2ADEFF
:101AD0000EB400FBFA76B2EDE0AC7663D606C990A0
:101AE000E79074CE17C6EAFECF3D1A295563A6DDEE
:101AF000E4140410209A93C1D89ADC51CB3E65DBE4
:101B00005DF695A00D6F3A0391F5B719B7E328E894
:101B10008A6AA9DA43214229419C4E672037D0DEE8
:101B20003B6F7F5DECB1D3746E14FD73316694909E
:101B300007F3AB472A474459AFC6D471BE97CEDDF1
:101B40004D87E8AAE1EABCE4C44BF11F0AB973DB94
:101B500002C76967514D0FA00767BB6977B41DE8DD
:101B60006655C2D0AC7EA7CF1B01DF3A8EE9EDDE11
:101B70005035DB1EAB61E7018C80ADCCEE943B2C85
:101B8000B71C23974B12010000DB28FBDF9D264E7C
:101B90004F278893E6033E0F91A7A7DCF947C5AA14
:101BA0004566AE2B4759BFF5C07D9DD854AA09574D
:101BB0005AD5A5DF1482167F451C1B698BE984A7C3
:101BC0002223ABC395F1F2ECE1F1AADF99CE9FA9F4
:101BD000F5F0C54C8FA0C753DEAD3F2D899E1E3F4B
:101BE0004B78E018D8BADAE10FF934E5EC815147C7
:101BF000B2EF57A32F8F84476FBE698C15B8D4936B
:101C000020D86ADA101B9FAA5DDBCB0F0787727A98
:101C100048A1800B445AA3FF70A7C4BA41F7DA4425
:101C2000796101CA69381E5A8B7D2902F4AFB9FA6D
:101C300017B1946AF87AD521CC1C39FCCEB5003C9A
:101C4000AE98F7F31CC708C4F5F1FB08A12D689EF8
:101C5000E25E501102223D38B0ADDACC974C6156AD
:101C6000FECAF9B2D2475EA48CF9544192D1564AC9
:101C7000CFA0646C8BD6912E36BE5ECF0D302D4C2E
:101C8000786B1B4ECCC6FA1288DBB9DEF3D9F4CFE1
:101C900039EA37FD484E28C30F86CD120100007384
:101CA00044A2ECF944C7EE1EACA4271EFBB0CFD56E
:101CB000DFB38E67C9B5201B06F4612C224565AFE2
:101CC0007D51A60F01C45FF80D14440300B26DDE10
:101CD0002365AF46EAF7572041A10F59E2948BE7FD
:101CE0007300F40C641AD844A07C3E825C7BF1271C
:101CF00064C791E267BBAE837F153AF11BF05F09C1
:101D000061099FABE6ABA6630E2A02A0464C0ADF30
:101D1000C835B40412D804292B02A1BA37B38CD128
:101D20003DEF925079130B51FFEE678FBABB31D460
:101D3000B6A523D71C1C78198AA0A91B83030CC63F
:101D4000D3547535D98AD26719E0485A3CEA16C48B
:101D50004773664F63A5D57349B70E38AD08CF36C4
:101D6000AEBF8E4AB303E071BD001A7A4E57A59FED
:101D700009896269DC0E5F1FB03631C798BE8F8A51
:101D80008C1A6964F7021B6929960F2262D2500DE2
:101D9000CC1D725AF1DF333A3199361ACFB672EE52
:101DA000BDAAA5E466B4FF79B1FD9A605E11714ADF
:011DB0001022
:00000001FF
