:10000000000158FA802A4E4F525F473100000A36ED
:1000100038363100000000010001460B9302020057
:10002000010000080000FF00030000200000400065
:10003000030000200000600003000020000080009A
:10004000030000200000A000030000200000C0000A
:100050000300002000010000030000200001200038
:1000600003000020000140000300001000016000B8
:10007000020000400000000000000000000000003E
:100080000000000000000000000000000000000070
:100090000000000000000000000000000000000060
:1000A0000000000000000000000000000000000050
:1000B0000000000000000000000000000000000040
:1000C0000000000000000000000000000000000030
:1000D0000000000000000000000000000000000020
:1000E0000000000000000000000000000000000010
:1000F0000000000000000000000000000000000000
:100100003AF34A4C4017BB2B08342315C63DBBD0ED
:1001100070922DE17F66FA8360B260601B4E3BD126
:10012000B683AC738365940A6906A335AE1484CD97
:100130007193ADC3E975B92E21CEE07CE72C3A93DB
:1001400016C1E9260615542DD0714CC98064116280
:100150004DA1132592D5B04002712935C971F063C4
:1001600061554A4442C7CF26477929D6DD7173606D
:1001700094557B85B1276CF8277C2A57D56072612E
:100180007A8A2C217D6CA32E72486845B4305AC5FA
:1001900032C8D506D2FA518BA148FD42452C2E40DB
:1001A0003BD93B059B2D39D3E854EB6596D6AB6A1A
:1001B0006B79CD86EB7C9926D1D989425B2F10963D
:1001C00071CDF6DC425F442A0A6C62D1C368F96AD9
:1001D00013B50FB6B27BB82B026DC944B70F496B8C
:1001E000F0508C6A4C4DF96F6DE983BEDF65DCCA57
:1001F0004BA1E0FAC09B3AF0CF89754BCA6C78C22C
:100200009762A2312F01A30FAB482C8C5036707A25
:10021000741209469094906E755B21FEC66F7884C7
:10022000F0E3E1528776A834B92435301327D1138F
:1002300035C1A51C39F70EB21833C813FDD5DDF84A
:100240007AD84A44BC4663DA6E1324FBC5F3D37DE7
:10025000C923AF18ACF05A3A340832AEA870B7E6EA
:100260003BC743B5FD3AF156930CEAEDA9A35038CC
:10027000B2A3CB477287F0C7250FE5D31DE63A0539
:100280003ED86817847FBCB32E56C455274EFA71EA
:10029000761A0DAEB66F29921E40401B2D397FDDB8
:1002A00067AD5E979B21535EE886F0E1074F04F847
:1002B000771D6DF90C9D528B3D856B52E3CF126B10
:1002C00038CECB9F391C76E3C59A95F716FAF9011B
:1002D000B5A75E1484366E324C3A80199F07924F50
:1002E000193A2613A7E9E9332FED17DB8F23DED365
:1002F0000FAAE171AFF9D032611B89C78174FBD0BD
:100300005825A77F5B21B55FB063BAC6A63ABF3058
:100310004833898C1C74E6C44A1CF6C7BF6701E8E1
:10032000DA874C7002867FE02902653D0A968C4D83
:100330002333268591EC45C12113643A3935938FD7
:10034000227C08C65424E9E6F3110CAAB541F581D4
:10035000335278850234E82F6CFEC5CC7A0511EA59
:10036000437FFDC6C7DA143E1366C586CB8554D7D6
:10037000B2A281036E05D4A8ED8316C84D0499E896
:10038000B2E76FA8DC9EE1296AC9CEE18CBE9EE788
:100390005298297855E0E0B2020AB236B2BAD24495
:1003A0005B89A83B5CF0692933493BAF8DAA1EEA03
:1003B00011F90FCA2D4110C9808B3214F9AD2246B4
:1003C0004C35668E19CC3A36120A6AC33278DFAEE3
:1003D000EDA953009221DE2702F86ECC551082BFA2
:1003E0001DCB7B2DDB9FC276130BE643D51CE9ADFD
:1003F0001557C5DF6DDDBB46035AC38E449F64E9C4
:100400001E71306BFE97081FA052DADFEABF5D5BFA
:100410002A9ECCC1D29194105CD24D5CA04725712C
:10042000DC07609B05779DE155C3C0DD36B79F8231
:100430008101B59B2E64E13E4531C4D251C4F375B0
:1004400006C725D41FB975A40AE5C74BB562B2F833
:10045000F822F6919529C24D026796763CE0FD0997
:10046000714F249F3162983CC1818E345D4489B6BE
:10047000E5A0B39C9555E6A9BF00A127C2A8F1331A
:10048000DE0EA894F097D7084EA8D803B6DD767E86
:1004900056BD8EFC55B99C1818CA6B7DC0B715BBEC
:1004A00047EB8C17C7EEBCB73B56EC98B3EFA07781
:1004B00057BC0E9D2C6CE96659C91204C13B9E04C1
:1004C00049FB7A33DE1E62BA816ACFDA92D16CBE02
:1004D0006929773D4D4AE35FF7F7C3D03EE8F55908
:1004E000E43BA63D77C41DFF7C294F59556C02CCD7
:1004F0002DA8ED94CC57678D0D37AB7239F9373D88
:10050000A4EC800DE1A4C69FB886C5674B2CD767C5
:100510006CDEB24DD00072BD7C0F5303E8EABE23FF
:10052000B5FE86C6BFB6D9A5CE8CC6862197FE2E4F
:1005300079D72B4170FA11A3BBB23D713B5F0E6CB2
:10054000241FF3F8C04412246E660800D06452647D
:10055000770F05C1C854132560D8E004D8745365DB
:10056000815708FAC145922609658822D165D2666D
:100570006A172149C9559327996749CAD975D3671D
:10058000A0B00ECC33B2A4DFD23E98B33A8EDF4F88
:100590004FEB138433429A276AE7FE05329F2649C0
:1005A0006BF908AB2C6245F612EF6A0603A91CE64C
:1005B0005D9162196B22BD976D2AD70F5B2B536D2E
:1005C00036CCCE9FC24C1A2CAD17355CD26C5A6C0F
:1005D0004ADA2B6FCA5C1B2D2A3EE9B3DA7C5B6DCD
:1005E000C35F0940C34D9A2E87EF2C00D36DDA6E9E
:1005F00073897500CB5D9B2FA55D494EDB7DDB6F5D
:100600007C022990E4A12EBBBC02E777361C74B4AF
:10061000741228B158F6701118F7E05FA645D2752C
:100620003D039052E36732338566E2A7FD27C0B2EF
:10063000CD823ABEF5179170BE273DB55DA3967584
:10064000EF5DD71FC4C43234BC53E713D4E47274D3
:100650004A54E733CCD433359CE6E919DCF473759E
:10066000388708EDC5C5B236FD429D96D5E5F276D0
:1006700092C42410CDD5B3372D374916DDF5F37765
:10068000470A18B8DC899B3E483B6CF383B899D382
:1006900076BFC816F661477BFD4BB7F244DEFB68B8
:1006A0007FFAB27F1300DBDB75AD09F5EFAFFCBE5F
:1006B0006FB0EDB62D033B7A78B102CD3B5F7B6A1C
:1006C000EE6AF543C6CC3A3CFE4B15DCD6EC7A7CA0
:1006D000AED9AE1ACEDC3B3D2E3EC11CDEFC7B7D8E
:1006E000AF6B0E99C7CDBA3E97FF6012D7EDFA7E79
:1006F0005FD8705ECFDDBB3F06040A90DFFDFB7F55
:100700007A006C621F5DC57D16AEC89BBC26F51FC6
:10071000EAE143FF92F497E04832E1460784D04192
:100720005F9665218A85B08811DE848CABE6F56220
:100730005B375191340736A53996C5866633D32782
:1007400000030A0FE04616A4C410E5C2F06656E4A2
:10075000BDB0AB0EE85617A51852EB4EF87657E52C
:10076000A3A12A0DE14796A661043BC9F167D6E62D
:100770002DB105AFE95797A77D91E31AF977D7E730
:100780008583DCDA327EFDA7C42A62C8D6AC55E880
:10079000249804E96A08E15281BE89D4653A5B2D48
:1007A0000486AE8AC32BC9A59B89CC348B9D144A81
:1007B0001399BDEB829B59A2D24C52A698F977A906
:1007C000E0DAADE9E24E1EAC386FCC8DF26E5EEC35
:1007D00030DBACCCEA5E1FAD02F86BC4FA7E5FED95
:1007E000394F2DEBE34F9EAEEB896233F36FDEEEB4
:1007F000B4FF5A72EB5F9FAF43896C8EFB7FDFEFD4
:10080000E560883D2BF497F14A948F3590567CFF34
:10081000127E036D4425B0F60EF4F76C846682FEFA
:10082000E061A236061368506B90F07D2525C492D6
:1008300094CCB36E0534CAB596C930C885E7FDFCC3
:1008400004E2CA99E4C636B41D190DF0F4E676F454
:100850005495F1F9ECD637B504D543D5FCF677F5C8
:100860009E418673E5C7B6B665E766D6F5E7F6F648
:100870008A93ABF9EDD7B7B77DF3E7D7FDF7F7F775
:100880007E61AE896698EC35B4ED420426F581446C
:10089000EE89E4E7880BB91D40A1B94D1CFCF8DED8
:1008A00081E98DB5580B782EE3F57FE59CD12DB805
:1008B00012BF2A3C6D98C2FB61B4E995609FFB3F73
:1008C00046CBA396E6CE3EBC76EA6EDCF6EE7EFC28
:1008D00017FD8E8CEEDE3FBD7EFA6FDDFEFE7FFDE6
:1008E0001FEF6791E7CFBEBE77EBEEDEF7EFFEFEC0
:1008F00017880C80EFDFBFBF7FFBEFDFFFFF01EA50
:10090000DBD87FDA8106144CD063F246975F31E082
:1009100079920A0A4245B22784B25A96F1563A6E43
:10092000DCAC862E55CF63245A7BC62EC9B752F84D
:100930003193D2B7C2633025D977B34598072E6576
:1009400012FEE96027BBF3F22EDDCFC2EA972462E4
:1009500030C8E3847C2BB0648BEFBCC8E6C8DE9360
:10096000FEA33FADA1FA412941454FEB9AF8739997
:1009700097A2078AF1AAE4273B7134CC9164D5EBA6
:100980007A8A03CC485CBB235973E94E5C6A5E24C7
:10099000729A5A4FB0E77A5ECCBA1A95FAE848666E
:1009A0003B8BDBDE07FDCE255E6BCE06C0C5D927AF
:1009B00051182A0D9CEE1DA6DB7EE44DC27C7C0EF8
:1009C00010F6E168ED23C3B0C055A108B66EF9F783
:1009D000707FA8686CB4BBB6FE1AB40CF0ACD9F743
:1009E000F8ABAE017A179E6E093DBCE19894DD2C00
:1009F000337E286A86A49354694768B01C1F30BCB4
:100A00005D94AD73BE34639FBC3A4300F465C36F1D
:100A1000716FA32BD62B499EDA52CDDA574AC8CB39
:100A2000AE24750C210135A1756812D928780F2FD5
:100A300051EF02762DE7D3A9455363C9E2DFA2EC5B
:100A4000FB22061254349DC5661F9BF5F4E17438F1
:100A5000F8B298708227BF38930FD68F90FF3BA6CD
:100A6000092B0309BBC353B56DC5512B77FA8C34E1
:100A7000753F0F1A5DF210ECA69AB8E8FD33809D21
:100A8000B96AAA82F88B5337FACA035716BD944D38
:100A9000BACA277B9C6DD27DDEFEBB5265478A6554
:100AA00068EBEB1E8F093DCD162BF30D40DF875A07
:100AB000CB49A19AB52DEA949E3BF20CA2F7FFDB3D
:100AC000BBA20E973531ED876F30991C89BB7CF046
:100AD000995A2C5215094453141DCAA2E040F6DB62
:100AE0007FF8D4B11835BA7F51DE6558E5693B7A95
:100AF000FC640AE012608C1F6194351EC43DB33D56
:100B00006B70A55FF2DE12EC7D64428CC8A45F7F3F
:100B1000656F03CD0864773B00B05E4DD8E2101DD1
:100B200095617B845037ED0D62A1973E89D878EFAF
:100B300019F39185D71093EFF975ABC5C11028EC67
:100B4000186522E8E4BB0AE4CB80EA39CEDADB425E
:100B50000893F48837E728D5871D2CCAB293F61A74
:100B600038744089E5F5E10E093FE2CB6CA7BAE0A5
:100B7000927426F8305776183A41A74CC7CB5A11D1
:100B80006F776FEAF1FE91197F812F1188AC0FDE2C
:100B900052985E47E19A98FE02CBEEC1633EBC5686
:100BA0005B2CEF9EDD097D294BA99F84CB087FAB91
:100BB00013E52186B9E676EF5BF23F897BDBFAAA83
:100BC000CB349B0172AC69040C6CAF4FBAEE3D7133
:100BD0001252EF727A21FC2D025EA4A9C0CE1642F9
:100BE0001EA1AA253C77E54680984233E5D335AA75
:100BF00055B92CEA8B0EB0A02599DFC25F1D2810D5
:100C0000DB6660D60002B1236EB7C7B52BA23C30BD
:100C10004C42189C0CE4572BF64F57AAC42E9570E3
:100C2000A7A3E0D0FFD0CC1D6F6147098D5949596A
:100C3000E916E660D390B3DFFD5FE55EE344717EC5
:100C40003EC3B749DE3D12B9C913C546DE9FF67BE8
:100C50002623864A13F23139DC800502824A9E2619
:100C60004CCB8290BB25B73347D3D5799537D9FB89
:100C7000D9B1580CCDA4C1DB03F4C3AA5164CAFD99
:100C800036E8609E3AF554B5492E4B93E410979C94
:100C9000D0785AA3942E6E1674BB9252C6269D78B5
:100CA0006C540D10B59C57FE577333D70C4D415102
:100CB000F030922B0B1B38283BF110C7654C79762E
:100CC00066CE2AAA80B63D1C28083C59716C3D9717
:100CD00010DCCE1E94267806444A99725C7A74C958
:100CE0003D1BC64D279DC7BA65F9059ACF10F8B2CE
:100CF000A7282392775B7E35DBDF6252F9437FA220
:100D00005BD17B1C04C44C26CB603F2A5A34F1666D
:100D1000C856CE0BF1441D2E47CF470A5225F09EF0
:100D2000C153606E116431A8CC39F742DECD7364D3
:100D30008F2FBCFFB145B22CC1432A904235A2632C
:100D400020985C09A090072B30B81C4904E6099054
:100D5000AF90488E58BC73688B8FB226E253F06117
:100D6000BE32F46AC7F91B4D2E99C2E7A942076942
:100D70000360F5A89063F721A2363EC11DF7D801A4
:100D8000B9578808A2019A6982D8B9E9CD205E28AE
:100D9000D5DD3699F27E5ADD4869A22D21DEF59423
:100DA000A4B4FF029F6FDB35C0DA4CC735AF8B357B
:100DB000D219F2F4F3E1DAD023C6CF61E3BF9EABE0
:100DC000E23A68468D38B92A40162B48EA93F66114
:100DD0009D1FC90CCEDE407900A837E2A25BA66257
:100DE0003D4E2BA10C8D3BA4316BC97EB3B4069252
:100DF00003C009F5B3DFC485FB89CC4B6F8DD3608D
:100E0000FB04A5DECE7C919F2CA8E27AF4707B7F58
:100E1000EB6FA151B46BB3FB7852E31BFC600E7E09
:100E20000D95496B9E07AB260FC36278F571FE7D69
:100E3000D29123E942773C9E27D30AB8FD61487CD2
:100E40000C4C4119FCE8B07E0E64E79CD5247EFF73
:100E50002C049EC0F42B403564821C751496F1CF8F
:100E6000537C49E5FFA745537D835B5AC507708CCA
:100E70009A5526CD92D0B577A60A1062E9177EF171
:100E80005AF78B591B13BAA2A2CA8343F678CD77BF
:100E9000D3801E19B1181ABA6049C55486385A7BD6
:100EA000DCC9D770406FBE96776D4D57F770D87517
:100EB000CF7956C04FF05179614D6E1B6253028459
:100EC00066CCA77F604E6148816CE322572C76F791
:100ED0002E0C9612B65E305B667A30D6129E8C1857
:100EE0002E3349E47C2F16C33F8B5150CD0F7884AD
:100EF0004965221FF72317329FBF2E5BE70279C592
:100F0000E0E6230D97EB48FB1533328188D923E0C7
:100F100084817B8B70F2137BE52A72C17680A0EE10
:100F20005FBF6D51A1756FE0EA63BBA8712318E440
:100F30002F9744A5F093B255F9D33A820D48766EB7
:100F4000ECC6834CD8B9BAA9309E4679CAE40D02E2
:100F5000507979C79071EAAA2B8C249C383005EA25
:100F600049213F8A819E0A5A67DF391B89E58DD066
:100F70004580048A898AD8AAEE80434C99AE01E85C
:100F800002F87B80623331AE08A817AAD2FA7DE757
:100F900075DE3219D29C5E125AFB1EC4DAEBA7E64C
:100FA000FCCEFF40EF89FFEA4BAFFD8BD3E61CE59B
:100FB000F21B8B8093ECA0AD11EB91C8DBE2E0E477
:100FC0001F88AF8A1D69BFAABAD6A5A892B7BEE38B
:100FD000C65827205E21BCABAD3D8DCCB61CDD577D
:100FE000AC0E88A2AC5443A14B98B0635BFB5C147D
:100FF000BC1C4D0E21733EAC335E4D75CB9D5269CA
:101000002C7F2BEB08EA32EB547259DD4F224BC98F
:10101000D31602DA6CAF14B76CD009D747323AEF67
:10102000266FA4298D0321331F26A7328F5C070D5D
:10103000BD63A7326996D658CE67440C2D35AA9B5E
:10104000041B45D61B423250E09118B84462F3F1BC
:10105000932DA55F94F1CABA26900F264C066BFA21
:1010600063095969851E6E6B17D3E544ADEB744C6B
:10107000E42358988D0AB4BA034E651D490745F814
:10108000F579A815DE0AE9F282C893B676BFEF07B4
:1010900016652BB3D61AB6E33EFA232474D11E0686
:1010A00075DF47FE9D0DE73355BE195C485003FCC4
:1010B0000A8ADBDA6F5C02BD5D51185DC7CD162868
:1010C0005C39589A4A4B1CB1FF889109669C4DBB0C
:1010D0005066A26BD6EF9E625EFEE2BE09FE7FFD09
:1010E000AD160F61A64DB538A06F6BD70DE7F85E52
:1010F00067DF068F8F1E31B216010C25FFDBDBBECA
:1011000060BEA58BF82373A120C2ECCBD830D29A55
:101110008DF2AD8AD2AEB2AA5AC0F34E1F8B117DAA
:10112000F7E32C89F9876EF311C342B519D5D86D51
:10113000EAF32D88D7911C9BADC1664CF9E8D46EBB
:10114000F6D680CE00079D2A399AA1BE2F9BEFCFFD
:1011500097B0749E081792215ECC4A0D8387D7E81A
:10116000FFC507E7F9AE112B31A53F49A9FD32E7CD
:10117000164170450B26ED4B39B070058BCB38030B
:1011800085EA8ADF42E4B46A72974EC3E02D109379
:10119000BEE8500645E1735217DACBBEC37CFC6F44
:1011A0003BF970052BF3BCF1A4CB64C1E6A9E7D2EF
:1011B0006BA75E8008F199A651C9174454887A6DCF
:1011C00040B888C6A07C19DC54A2B5B3127DC96CA6
:1011D00004AEAA614A1B3533A288B442849E09E852
:1011E00079362908030B952AAC964804D36DDA1397
:1011F000126E4D09B0AFC429618ABD54C97F302B2E
:10120000B070A71FCA67913BDE42E29AEF2030FB25
:10121000B8605B1E89167A1E9D329FD9E4363A1E4D
:10122000B1712E1D05A2113984C3C25FF571598FAA
:101230006D2EB4988F771DB847CE4236A537B6DEEF
:101240003A7CCBC783B68D327827E159D4E18D8BB8
:10125000C054A69E7A56387C70B2E397EEC4E3DAA7
:10126000E952A31C89A4B47A28234314681451E4D6
:10127000055C213D0D96524A634C6ED17D8791A04D
:10128000656A8493956ED9C74C47CB5E56EA548302
:101290004668DB16EE4CBF34669F0AD31A467FF9C8
:1012A000AA6B2AED47CAB1E5E0858BD4C751D5C1F9
:1012B000BB693F14F0E3348D673B175AC53FBE3618
:1012C0003C4CAFD4DCCD19AC4428361EA8EB7CDCFA
:1012D000765CA27366EBB907F25DF8C2DE9310721A
:1012E0006FAB1312A7047E7CFF2C6A1EBEEDFA7E44
:1012F00027BB1011695932B2252469159CCF9BEB8D
:1013000053E0A80BDF8233EB84D211CFFC20F5E64B
:10131000D1E2B38EF01376E21FD0E94A778A3668BD
:10132000EDE10655C1D661AF519CD0497E9F77E46F
:101330009DE3F98CD195DE5E20D14734C1B58A900A
:10134000AA28A5C528A0B5046204B969CAD6A04BCD
:101350006E98F87A889744A82F827464F87657E5D7
:10136000018265C4320667E7A22418CC55E39EF8D3
:1013700096AC05CDF93587A1AA80434A39312AA513
:1013800042B4EF039AEE18CDABDAF8C7E82FFFEEC0
:1013900075F88F7EE461BECC5A851F427A7831168B
:1013A00050E920019BEF8CAC87DBA6C57C86BFA9EA
:1013B000A9EB3F84F1893EAD47D9614060CAA6CB15
:1013C000DDBAF183AD4ABFA520AE4880F4A45EEC3F
:1013D000EA580B78A62EBEABD23FCEC0C27259A13E
:1013E000A30D4986632E79A82CAB848CF36F6BED2B
:1013F000F6448E02A7DC3CE346396E8D44FB97F140
:10140000443D631BACA698BD6E85C7B50B44F65A28
:10141000D370891AE41E563ECB2E06860632F09013
:1014200082610819DAF93B046FAD47D4CFC576382D
:10143000587109183A64313E4594863D424B9C48A8
:101440005C402D1B248097F68C002E078AE097774E
:10145000ABA159F9ECD6B59FA0908C06FA3C77F574
:10146000A5856392E30DB6B6797C645C06147AB404
:101470000FE3A485A6B50C3B434F6A71FDF7EB8AD9
:10148000CE68AE6FF45FD7DC4E289240B4547A78C1
:101490009A6A1A96A2D9EBB1643ACEDF015CFF5387
:1014A0003D7B32959F71BAD66D114FBFED2DBB9725
:1014B0004F2488102AE07FDBC8CF8E4CC1DD70E05E
:1014C0003CA8466F224B7DDCEB2A0C9EECEB5FBC0C
:1014D000D15EAA072E989EFFBEBC62D1B0FF407DB0
:1014E00019762CD41E6F1FEEDF1BED7CEBAADA55AC
:1014F0004FDF22FCE915BFDF47906ED226A284FFA2
:101500005BE2E1FFABF51FC068A264EBEE23B1061E
:1015100048E801FAC6217AEB19956F22C179CC2EE1
:10152000C14089B9DFD5E28929DF3DC86CD5D8042F
:101530000BEDDC4111F8A97853DB3E9E985A769E5C
:10154000ECD2240EB863718C28804ECF50EFC7B90F
:10155000E0688606B0735367B7124D27E2F6080EAF
:10156000C5B1A409B962F14C408340DC782A2F1A36
:1015700073D3D84F61C030429DA19D44A1F7902103
:101580005B2F8AF0FFF56AB39DCACA9F844E38D399
:10159000121C819FBF4672437A1CD146F6CFD5E418
:1015A000016BE95205F0DC68584B8BBAED2B39E939
:1015B000BF7BE851C9ECDA848BC8C6697FC3BA4BDC
:1015C0003ACA5104C0AEB6236AEDC8D6EA93A10068
:1015D00032DA50E59ED8607EDDFA04BADA3C4D0876
:1015E0003BCBD1A6775D9C42380B3DC46EF66FE8CD
:1015F000337E28090B1AA12923070AC5E34D2CD0F5
:10160000643E331D296AB2BADE425F166CAC8D3F70
:10161000CC6D9717D7914A2C47B91E3194F20BFC29
:10162000FEA601ED61013DA2CCBE9BB005E3EA3E02
:10163000FE5D00EC4D912BCEDD9A30F8FD68A07C6C
:10164000F0BF81127F26CF762C9FE0BEB4B561FF3C
:1016500072C5A12F7850B6EA64C1C2AAEC16F1DDBA
:101660008AE90315699CB42DA641439636075EFDB1
:10167000BDB3E2375D57B8CD7DF542A814051B78A0
:101680004C95E992D86E34BDDAA103D23E08FF6BC7
:1016900045FA6AE9869846A9406C4A228F5EFBC3E8
:1016A0007F772A5B784A7AAAD058A3C73F907AB04E
:1016B000847B549730AC18BAFB557FE0815F7BC1C7
:1016C0003EEC5DF6FE329631363DEBA1621CFA73BC
:1016D00097D8CAA24F583F0B177C4C16ED1ED7F671
:1016E0009877952E3835BA852FCDEC32B7BCA9F551
:1016F0008F3D8C1962A226633F2C2CD4C71F79D74B
:1017000078EEF958FED7010B6EF2786B54D967D892
:1017100077C23A8071C96E1E5CDFF89A40DE147C95
:1017200079F7F7556BAEAB007FFBAF080AC1C41F5A
:10173000F013FA03F287EA432CCAF958413F2CAC64
:101740002F0EA58217DE7526F7E00913CAD6A97BEE
:101750002713A42890AA175E4020494F9BB643390F
:101760002E0A27809960F58909E1855F1D080CBB69
:10177000F463787868D5692FFF8C452D44295A3A4F
:10178000F9570A832225CD137658B38AEB63F957AC
:1017900012E4A184152E15563FCB0E2B95D84D542F
:1017A000DC897A40B98B19430671A7A0B249EF12C0
:1017B000D49FFC3791A3005665EAFC6043D784367A
:1017C00058FAF15359ACB25185CAEF0C15EC0587A4
:1017D000AA5EC38B51BCB3505A7EEE12B08E6CE23F
:1017E0005433FD8E9BCD60FF4B5A6F118B4B5C4683
:1017F000A16B7A8093DD61251BAE46124F8F5CE0B2
:101800006E97A6D1F975B03DF35A7C2B3F44D8FFB3
:10181000E1F0DA1B9611C63A6277377ADC6F0F7AFD
:10182000BB612645F7445FD637275C4ED57E8AFDDF
:10183000A911813AA9104EA877908E793D55597813
:101840002FA087925F88B49E8B00514E3F04DA7FB1
:10185000E822659A45A8A2C9BCB57DD3E606B9FAC7
:10186000AB91059DFF433B2628B391D68405745E5A
:101870000D0B0E9A5298CCE732F746D14907D7F8AC
:101880005EF5ED122EF49BA80B5B2BC7FF4CFE42BE
:10189000D518090396AE021661991E4B804A1D7B2E
:1018A000A074EF7A9869411BEACFDBFDBA5F3AF585
:1018B000174B1E430FEDDF95E0AAEBEEDF66B8F4A1
:1018C000061FE793268853003BCCCD90CC6C39CDD6
:1018D00016587CD0C5818241BE1E48DBA152799149
:1018E0003FCECD1C58946F63A56F631F37A8D4BC3F
:1018F0005759E05344B16AFD714A8C37AADBFFFFA8
:10190000C0F9611B4A7A166C4D20B7029824F0008A
:10191000B7E67629C5EDB26056902781B031CA612D
:10192000257F671266E5D024BDA8C6852B25D36226
:10193000D611BE034952F56123B3DA24C1357003D1
:10194000C1AC0289C044122450604244D064526445
:1019500072B8B1CAC854132558704345D87453653A
:101960003E45A54DC14592265161C246D165D2661C
:1019700048A7A745C95593275971C347D975D36758
:10198000DB09E9B75AE89A806A0CCA72B92CD848C0
:1019900047E5CC723EEC2B268A4ACBB355C10612E2
:1019A000C3EDAFD1D5FDFE25E7D9CC45932859B17C
:1019B00042F58D863FEDFF24DBDB65C098D1D9E68B
:1019C0002E500E22C24C1A2C52684A4CD26C5A6CC1
:1019D000CABC2C0DCA5C1B2D5A784B4DDA7C5B6D52
:1019E00096CD0714C34D9A2E5369CA4ED36DDA6E45
:1019F0004B598B0FCB5D9B2F5B79CB4FDB7DDB6F27
:101A00007CA7C11F56049C3D6C879D5F4C58378B4B
:101A1000B860621EB42657F1E397C0579C4D8E31D3
:101A2000B171A51DF72DAC5775608D5F3148B32995
:101A3000B961A41C39F7D010D2283C5C455186B955
:101A400044C02214C4C4323454E06254D4E47274E6
:101A50004CD02315CCD433355CF06355DCF473756E
:101A600045C1A216C5C5B23655E1E256D5E5F276B6
:101A70004DD1A317CDD5B3375DF1E357DDF5F3773E
:101A8000B27898179E99BA19A2D7CB14493D7E1403
:101A900058DE5B55F6B8BB93733A727D3691FB8383
:101AA0008774DC5623EFF91A458DEEA10629DF3144
:101AB000D9DF875770FF3B012759EDDB8B4DA674AB
:101AC00046C82A1CC6CC3A3C56E86A5CD6EC7A7CFE
:101AD0004ED82B1DCEDC3B3D5EF86B5DDEFC7B7D86
:101AE00047C9AA1EC7CDBA3E57E9EA5ED7EDFA7ECE
:101AF0004FD9AB1FCFDDBB3F5FF9EB5FDFFDFB7F56
:101B00005F8623CB14F63EE2BDC0E84BCFA273AB99
:101B100048C3CE8C9231B6C4FEC214CEE6D47564EE
:101B2000C98B01410992D4AD6BC14638D1F394EF12
:101B3000D6968BE1ABF539288DC325CC46B58ACA3C
:101B400060420684E04616A4706246C4F06656E41D
:101B500068520785E85617A5787247C5F87657E5A5
:101B600061438686E14796A67163C6C6F167D6E6ED
:101B700069538787E95797A77973C7C7F977D7E775
:101B8000689702CE288A918B080DEFAD72682EA956
:101B9000701FAE8F06B739AF02C5E1C4673B6AE973
:101BA000A789978463F6AAE84BA9C76368FBA3EEED
:101BB000664DEEC324BA3C2C5BE6D33781C4DBA070
:101BC000624A0E8CE24E1EAC726A4ECCF26E5EEC35
:101BD0006A5A0F8DEA5E1FAD7A7A4FCDFA7E5FEDBD
:101BE000634B8E8EE34F9EAE736BCECEF36FDEEE05
:101BF0006B5B8F8FEB5F9FAF7B7BCFCFFB7FDFEF8D
:101C000060C41296646417A04C207FD4005672FF03
:101C10004592259192623BBE444E222A463E92EA6C
:101C20006831A2329B7639D00D43E05225D5C7CC1E
:101C30002DE127A9765ECAD1C55ECF885741E73C22
:101C400064C22694E4C636B474E266D4F4E676F44C
:101C50006CD22795ECD637B57CF267D5FCF677F5D4
:101C600065C3A696E5C7B6B675E3E6D6F5E7F6F61C
:101C70006DD3A797EDD7B7B77DF3E7D7FDF7F7F7A4
:101C800093682AD47B1E0BB836536C43EF799BE3E1
:101C90009A78AFA3769E1DB95E731AD43E19592265
:101CA000626900959D74B8F1352FD3E35B59EC352B
:101CB0005E799A218F9A12BBC49C4CDDF2429180CE
:101CC00066CA2E9CE6CE3EBC76EA6EDCF6EE7EFC64
:101CD0006EDA2F9DEEDE3FBD7EFA6FDDFEFE7FFDEC
:101CE00067CBAE9EE7CFBEBE77EBEEDEF7EFFEFE34
:101CF0006FDBAF9FEFDFBFBF7FFBEFDFFFFFFFFFBC
:101D0000000000008004102010204040902450600B
:101D10000810010188141121183041419834516193
:101D200001018002810590221121C0429125D062DB
:101D300009118103891591231931C1439935D16363
:101D400040400204C044122450604244D0645264B3
:101D500048500305C854132558704345D87453653B
:101D600041418206C14592265161C246D165D26683
:101D700049518307C95593275971C347D975D3670B
:101D800002080808820C182812284848922C586823
:101D90000A1809098A1C19291A3849499A3C5969AB
:101DA0000309880A830D982A1329C84A932DD86AF3
:101DB0000B19890B8B1D992B1B39C94B9B3DD96B7B
:101DC00042480A0CC24C1A2C52684A4CD26C5A6CCB
:101DD0004A580B0DCA5C1B2D5A784B4DDA7C5B6D53
:101DE00043498A0EC34D9A2E5369CA4ED36DDA6E9B
:101DF0004B598B0FCB5D9B2F5B79CB4FDB7DDB6F23
:101E0000048020108484303014A0605094A470703A
:101E10000C9021118C9431311CB061519CB47171C2
:101E20000581A0128585B03215A1E05295A5F0720A
:101E30000D91A1138D95B1331DB1E1539DB5F17392
:101E400044C02214C4C4323454E06254D4E47274E2
:101E50004CD02315CCD433355CF06355DCF473756A
:101E600045C1A216C5C5B23655E1E256D5E5F276B2
:101E70004DD1A317CDD5B3375DF1E357DDF5F3773A
:101E800006882818868C383816A8685896AC787852
:101E90000E9829198E9C39391EB869599EBC7979DA
:101EA0000789A81A878DB83A17A9E85A97ADF87A22
:101EB0000F99A91B8F9DB93B1FB9E95B9FBDF97BAA
:101EC00046C82A1CC6CC3A3C56E86A5CD6EC7A7CFA
:101ED0004ED82B1DCEDC3B3D5EF86B5DDEFC7B7D82
:101EE00047C9AA1EC7CDBA3E57E9EA5ED7EDFA7ECA
:101EF0004FD9AB1FCFDDBB3F5FF9EB5FDFFDFB7F52
:101F000020020480A00614A0302244C0B02654E071
:101F100028120581A81615A1383245C1B83655E1F9
:101F200021038482A10794A23123C4C2B127D4E241
:101F300029138583A91795A33933C5C3B937D5E3C9
:101F400060420684E04616A4706246C4F06656E419
:101F500068520785E85617A5787247C5F87657E5A1
:101F600061438686E14796A67163C6C6F167D6E6E9
:101F700069538787E95797A77973C7C7F977D7E771
:101F8000220A0C88A20E1CA8322A4CC8B22E5CE889
:101F90002A1A0D89AA1E1DA93A3A4DC9BA3E5DE911
:101FA000230B8C8AA30F9CAA332BCCCAB32FDCEA59
:101FB0002B1B8D8BAB1F9DAB3B3BCDCBBB3FDDEBE1
:101FC000624A0E8CE24E1EAC726A4ECCF26E5EEC31
:101FD0006A5A0F8DEA5E1FAD7A7A4FCDFA7E5FEDB9
:101FE000634B8E8EE34F9EAE736BCECEF36FDEEE01
:101FF0006B5B8F8FEB5F9FAF7B7BCFCFFB7FDFEF89
:1020000024822490A48634B034A264D0B4A674F0A0
:102010002C922591AC9635B13CB265D1BCB675F128
:102020002583A492A587B4B235A3E4D2B5A7F4F270
:102030002D93A593AD97B5B33DB3E5D3BDB7F5F3F8
:1020400064C22694E4C636B474E266D4F4E676F448
:102050006CD22795ECD637B57CF267D5FCF677F5D0
:1020600065C3A696E5C7B6B675E3E6D6F5E7F6F618
:102070006DD3A797EDD7B7B77DF3E7D7FDF7F7F7A0
:10208000268A2C98A68E3CB836AA6CD8B6AE7CF8B8
:102090002E9A2D99AE9E3DB93EBA6DD9BEBE7DF940
:1020A000278BAC9AA78FBCBA37ABECDAB7AFFCFA88
:1020B0002F9BAD9BAF9FBDBB3FBBEDDBBFBFFDFB10
:1020C00066CA2E9CE6CE3EBC76EA6EDCF6EE7EFC60
:1020D0006EDA2F9DEEDE3FBD7EFA6FDDFEFE7FFDE8
:1020E00067CBAE9EE7CFBEBE77EBEEDEF7EFFEFE30
:1020F0006FDBAF9FEFDFBFBF7FFBEFDFFFFFFFFFB8
:102100000000000080041020102040409024506007
:10211000081001018814112118304141983451618F
:1021200001018002810590221121C0429125D062D7
:1021300009118103891591231931C1439935D1635F
:1021400040400204C044122450604244D0645264AF
:1021500048500305C854132558704345D874536537
:1021600041418206C14592265161C246D165D2667F
:1021700049518307C95593275971C347D975D36707
:1021800002080808820C182812284848922C58681F
:102190000A1809098A1C19291A3849499A3C5969A7
:1021A0000309880A830D982A1329C84A932DD86AEF
:1021B0000B19890B8B1D992B1B39C94B9B3DD96B77
:1021C00042480A0CC24C1A2C52684A4CD26C5A6CC7
:1021D0004A580B0DCA5C1B2D5A784B4DDA7C5B6D4F
:1021E00043498A0EC34D9A2E5369CA4ED36DDA6E97
:1021F0004B598B0FCB5D9B2F5B79CB4FDB7DDB6F1F
:10220000048020108484303014A0605094A4707036
:102210000C9021118C9431311CB061519CB47171BE
:102220000581A0128585B03215A1E05295A5F07206
:102230000D91A1138D95B1331DB1E1539DB5F1738E
:1022400044C02214C4C4323454E06254D4E47274DE
:102250004CD02315CCD433355CF06355DCF4737566
:1022600045C1A216C5C5B23655E1E256D5E5F276AE
:102270004DD1A317CDD5B3375DF1E357DDF5F37736
:1022800006882818868C383816A8685896AC78784E
:102290000E9829198E9C39391EB869599EBC7979D6
:1022A0000789A81A878DB83A17A9E85A97ADF87A1E
:1022B0000F99A91B8F9DB93B1FB9E95B9FBDF97BA6
:1022C00046C82A1CC6CC3A3C56E86A5CD6EC7A7CF6
:1022D0004ED82B1DCEDC3B3D5EF86B5DDEFC7B7D7E
:1022E00047C9AA1EC7CDBA3E57E9EA5ED7EDFA7EC6
:1022F0004FD9AB1FCFDDBB3F5FF9EB5FDFFDFB7F4E
:1023000020020480A00614A0302244C0B02654E06D
:1023100028120581A81615A1383245C1B83655E1F5
:1023200021038482A10794A23123C4C2B127D4E23D
:1023300029138583A91795A33933C5C3B937D5E3C5
:1023400060420684E04616A4706246C4F06656E415
:1023500068520785E85617A5787247C5F87657E59D
:1023600061438686E14796A67163C6C6F167D6E6E5
:1023700069538787E95797A77973C7C7F977D7E76D
:10238000220A0C88A20E1CA8322A4CC8B22E5CE885
:102390002A1A0D89AA1E1DA93A3A4DC9BA3E5DE90D
:1023A000230B8C8AA30F9CAA332BCCCAB32FDCEA55
:1023B0002B1B8D8BAB1F9DAB3B3BCDCBBB3FDDEBDD
:1023C000624A0E8CE24E1EAC726A4ECCF26E5EEC2D
:1023D0006A5A0F8DEA5E1FAD7A7A4FCDFA7E5FEDB5
:1023E000634B8E8EE34F9EAE736BCECEF36FDEEEFD
:1023F0006B5B8F8FEB5F9FAF7B7BCFCFFB7FDFEF85
:1024000024822490A48634B034A264D0B4A674F09C
:102410002C922591AC9635B13CB265D1BCB675F124
:102420002583A492A587B4B235A3E4D2B5A7F4F26C
:102430002D93A593AD97B5B33DB3E5D3BDB7F5F3F4
:1024400064C22694E4C636B474E266D4F4E676F444
:102450006CD22795ECD637B57CF267D5FCF677F5CC
:1024600065C3A696E5C7B6B675E3E6D6F5E7F6F614
:102470006DD3A797EDD7B7B77DF3E7D7FDF7F7F79C
:10248000268A2C98A68E3CB836AA6CD8B6AE7CF8B4
:102490002E9A2D99AE9E3DB93EBA6DD9BEBE7DF93C
:1024A000278BAC9AA78FBCBA37ABECDAB7AFFCFA84
:1024B0002F9BAD9BAF9FBDBB3FBBEDDBBFBFFDFB0C
:1024C00066CA2E9CE6CE3EBC76EA6EDCF6EE7EFC5C
:1024D0006EDA2F9DEEDE3FBD7EFA6FDDFEFE7FFDE4
:1024E00067CBAE9EE7CFBEBE77EBEEDEF7EFFEFE2C
:1024F0006FDBAF9FEFDFBFBF7FFBEFDFFFFFFFFFB4
:102500000000000080041020102040409024506003
:10251000081001018814112118304141983451618B
:1025200001018002810590221121C0429125D062D3
:1025300009118103891591231931C1439935D1635B
:1025400040400204C044122450604244D0645264AB
:1025500048500305C854132558704345D874536533
:1025600041418206C14592265161C246D165D2667B
:1025700049518307C95593275971C347D975D36703
:1025800002080808820C182812284848922C58681B
:102590000A1809098A1C19291A3849499A3C5969A3
:1025A0000309880A830D982A1329C84A932DD86AEB
:1025B0000B19890B8B1D992B1B39C94B9B3DD96B73
:1025C00042480A0CC24C1A2C52684A4CD26C5A6CC3
:1025D0004A580B0DCA5C1B2D5A784B4DDA7C5B6D4B
:1025E00043498A0EC34D9A2E5369CA4ED36DDA6E93
:1025F0004B598B0FCB5D9B2F5B79CB4FDB7DDB6F1B
:10260000048020108484303014A0605094A4707032
:102610000C9021118C9431311CB061519CB47171BA
:102620000581A0128585B03215A1E05295A5F07202
:102630000D91A1138D95B1331DB1E1539DB5F1738A
:1026400044C02214C4C4323454E06254D4E47274DA
:102650004CD02315CCD433355CF06355DCF4737562
:1026600045C1A216C5C5B23655E1E256D5E5F276AA
:102670004DD1A317CDD5B3375DF1E357DDF5F37732
:1026800006882818868C383816A8685896AC78784A
:102690000E9829198E9C39391EB869599EBC7979D2
:1026A0000789A81A878DB83A17A9E85A97ADF87A1A
:1026B0000F99A91B8F9DB93B1FB9E95B9FBDF97BA2
:1026C00046C82A1CC6CC3A3C56E86A5CD6EC7A7CF2
:1026D0004ED82B1DCEDC3B3D5EF86B5DDEFC7B7D7A
:1026E00047C9AA1EC7CDBA3E57E9EA5ED7EDFA7EC2
:1026F0004FD9AB1FCFDDBB3F5FF9EB5FDFFDFB7F4A
:1027000020020480A00614A0302244C0B02654E069
:1027100028120581A81615A1383245C1B83655E1F1
:1027200021038482A10794A23123C4C2B127D4E239
:1027300029138583A91795A33933C5C3B937D5E3C1
:1027400060420684E04616A4706246C4F06656E411
:1027500068520785E85617A5787247C5F87657E599
:1027600061438686E14796A67163C6C6F167D6E6E1
:1027700069538787E95797A77973C7C7F977D7E769
:10278000220A0C88A20E1CA8322A4CC8B22E5CE881
:102790002A1A0D89AA1E1DA93A3A4DC9BA3E5DE909
:1027A000230B8C8AA30F9CAA332BCCCAB32FDCEA51
:1027B0002B1B8D8BAB1F9DAB3B3BCDCBBB3FDDEBD9
:1027C000624A0E8CE24E1EAC726A4ECCF26E5EEC29
:1027D0006A5A0F8DEA5E1FAD7A7A4FCDFA7E5FEDB1
:1027E000634B8E8EE34F9EAE736BCECEF36FDEEEF9
:1027F0006B5B8F8FEB5F9FAF7B7BCFCFFB7FDFEF81
:1028000024822490A48634B034A264D0B4A674F098
:102810002C922591AC9635B13CB265D1BCB675F120
:102820002583A492A587B4B235A3E4D2B5A7F4F268
:102830002D93A593AD97B5B33DB3E5D3BDB7F5F3F0
:1028400064C22694E4C636B474E266D4F4E676F440
:102850006CD22795ECD637B57CF267D5FCF677F5C8
:1028600065C3A696E5C7B6B675E3E6D6F5E7F6F610
:102870006DD3A797EDD7B7B77DF3E7D7FDF7F7F798
:10288000268A2C98A68E3CB836AA6CD8B6AE7CF8B0
:102890002E9A2D99AE9E3DB93EBA6DD9BEBE7DF938
:1028A000278BAC9AA78FBCBA37ABECDAB7AFFCFA80
:1028B0002F9BAD9BAF9FBDBB3FBBEDDBBFBFFDFB08
:1028C00066CA2E9CE6CE3EBC76EA6EDCF6EE7EFC58
:1028D0006EDA2F9DEEDE3FBD7EFA6FDDFEFE7FFDE0
:1028E00067CBAE9EE7CFBEBE77EBEEDEF7EFFEFE28
:1028F0006FDBAF9FEFDFBFBF7FFBEFDFFFFF4A8BD9
:10290000A3A0DC2361F4C12F20D3C4CBF264D2EAAC
:102910001AC0EA45D714622688B208DB08B62C78BC
:102920003FA5E80F35F5FF2D8E992B2619471290FC
:1029300033A1CEAC5614B52521CF6D4EA145492209
:102940003FA816443F3B93292EE4E3B87FE0FBF910
:102950004ABD035E1C0A3DF9380DD5481CBEE89AF5
:10296000473CE9A50126CE4AAE1331F97A22DCBAFA
:10297000E6A88B46A0BE6C2120566278B9A5D66A1F
:10298000A66AFF6DC845B9F782166ABDF2F40665FE
:102990009DE7E8DA1A9E643FB346DCC448182EC3AC
:1029A0003B2D7F07376FABCA47663536ECD5D8115C
:1029B000F03E28FAB3E2352666D3ED904446AAA04D
:1029C000EB369F515DD6BBB3E60AFD29A94BFBD37D
:1029D000337C38F8F1E0E8768986B27E92ADA2B118
:1029E00097DA2B31772FE6916B5435137FF22BB8A2
:1029F000F1AAF51F14B47B542403F9D0E023E88F27
:102A0000246A819923C4142B51D74E8F3821838D8A
:102A1000470D80BA5A76B31B260C96AC4C85D0F085
:102A2000250B84148DE332C8AA9168AD515ED4DFC2
:102A3000759541B22DF733C944A4C555654675FE59
:102A40009FB7243943831CE8B8642AB79EA0745901
:102A500070A32538DEF6CCE84003E1AC08AAE04AD2
:102A6000AE21AE54119B21095DF19D8215A2DCAA15
:102A7000909146559FA84431BED642DD22778EE123
:102A8000D277C117D56E1CE38936C987C4785C7EBE
:102A90006E401D14FEEA5919245AC5A4FE78A87484
:102AA000512D5F5B18702A21A3CBCCA55FF6598C02
:102AB000F0BE08E7F01558F8679D6BA27C997BF192
:102AC0007AC30B5C8C889B638917E8D6EE02D671BB
:102AD0009156DE11B1B24DA2E11AE9D7270D765D0C
:102AE0005B2EDDE773AF05CFDF9B493B40024FAD67
:102AF00077A62A12632D3B49D79BC81FB79F047145
:102B0000DF70725FC0DE205CAFDFD6C6EFCE6B70C9
:102B100010E8A98C38FEE96C8C50BE9AF2CB687A2A
:102B2000B181DF88D92069AD3FEB655D6827F03959
:102B30005634245CD7C7856EA6DE578263CE1598BF
:102B4000DAB107C5D2B75D84AD6271C15CC383875A
:102B50003757013EE417952FD4F60F26679FF77E6F
:102B6000BA3EF99F892569E42C62F5C65AAD6DBD60
:102B7000B82CA6C76535F72271FB453E6647771826
:102B8000966828E4DCDF38A5EB5777DE75C25CA9D0
:102B90004CEEE422D3216BEB3E1E76CE05DC796849
:102BA00043CF03875E7D2B95EEA1A7604C5D7F8FA1
:102BB0004BDF0A0235C14958850A6C3439C03C38AC
:102BC0007EA008819C48FF2F9308BDA949DE2333CE
:102BD00072CB70D2511CBE50815DEE32D21CDD141E
:102BE00088CF27BA3C701A714B9062C3482D7F136F
:102BF000ABA327CDC33D9982A2F9FCCF1E1D24E9CA
:102C000044FFB69FDFA2B93D2B52F4DF38C434FF36
:102C1000F5EF1E879605571E4495C69084A6D6B03C
:102C200091FC07D3C3365F110F21A79A2525B7BAA8
:102C3000F6EEDA85FF505C1003F38DDEAF4A0A7EB4
:102C4000A4A0FBD619B4A0EBC0804594CC18704763
:102C50009310864AD42831BE9F76CE97A46471D84B
:102C6000596C259B8DA549B8699A642FF9635F2833
:102C7000AD3B0BD51255CAC1D6B4E90BC396800C37
:102C8000B6CDCD6E366CBE10C9D912BB655081E38E
:102C90004EE7FB94966119D540BC84EAC599DC46A1
:102CA000D8F97A45EEED4BDFCCD8DA2B318B03F730
:102CB00054BC0C1ACF4FB0B6EC9F6F222F401C644F
:102CC0005E2B8F03DE3192B1B220D523D6EC7A078A
:102CD000EEA05A942E2FF7FF06DD92D26EE059092E
:102CE000D3A9D3959CE81F01173BF703D36BF127BA
:102CF0006D263BB6D7ADB9B21F8671D22B8D14AC01
:102D00003EAC8DA6B08657DA368826E42BC6FC9DED
:102D1000D794A807B04193EBD06BE0E74F0B3BB4DF
:102D20001A4184274166BE6044944D44E91ED1F7A0
:102D300057D4E3A846913845CF42A745CBB1A67DED
:102D400078D2C2023FC0BB4AE89F44191006412610
:102D5000C39053031C940723427160055899133E96
:102D60000A6D23808958942BDA89028BE909B9C549
:102D7000D6CB228006F9F0676551C54A768CDB25F3
:102D8000480CF46BDCC97A6ADA724E4502A87335D6
:102D9000FA6B6B0A2E98F02DC8DAE5E42D89ADAAFE
:102DA000B0AD8EB0BD8E1A90C4E990E7A46D28999D
:102DB000B58C8F26EBC451F6CDDB4B015BC14A2AA3
:102DC000C9C1A601BAB19328779739B569B7D89622
:102DD000017468D5905DB8D6131AFC2805D6DB7D42
:102DE000315BC808C2CFC57D0CE348E6029DD661C1
:102DF000337EE88B63D9A4976396CD62BBA0B162A2
:102E0000046D12BB5BB9DB749483555614C700760E
:102E10008C147A56B489CE5D47B09D32A4B0D8E008
:102E2000C931CB98DF5CC6705E3C41EDDBDE51738F
:102E3000332183FEED513E3EAE15E7FEFDC8CA7E4E
:102E400084A280AF9C3B34194F1A64A9A18A0D2338
:102E500048542A3D17204C2E08830C397F54AF5616
:102E600065397FED734191C93EFFC0A21508AB37AC
:102E70008DB235559244C037990F0A4C354676309D
:102E8000C50C815161F23E35262A3BAA3A295A7572
:102E9000149A9AB4F6BBC436223A0233A61E0279BB
:102EA00061204109D44DF0E7D7CAC61817EECF38D4
:102EB0005DE9290D892C50984D86C78EC4E2865B4A
:102EC0001E372C310624963A9217E71E7E4F05DCFA
:102ED000952C54067AA3987F9E9A45578AFAB37E1A
:102EE000F14D89E158474F316B2EE91C1710B1DACB
:102EF0001048D81FF7B1D057587BB40C7B00EB318A
:102F0000B8916A2DD821E9AF9D5172CF7081861496
:102F100016A26485E711B6C4E90025D7EB2C6BA097
:102F2000F373049D810A75A46FC1C06F6239AE56F8
:102F30004853C127D13036C647352CCC83B58A20BB
:102F400018BFFCC6202531DF65E63339A87729D3C1
:102F5000A7FFA47E97D230EE5890EB4898AB65EA75
:102F6000BC1A6780D9ABD22B11A7174D318A8F6B52
:102F700096D7B83F79D36E5901F180FA3914DAE166
:102F800070BEC42BDA7CF72B6057A7ACCAAC03BB6E
:102F900012E12C58BC7CE204048FEECFC219FEEF84
:102FA000F589CB70DDBE75090D9F6FAFCBADDBA48E
:102FB000EB79C010F9BA6A20F1506CC0747B7CE2E6
:102FC00002923A81D8A6926370EEE7E73DDFFFE711
:102FD0000A8233804E283EA41AAEF6C2C28159A599
:102FE0009CCFB13623259EB5B30C754333ED815D7F
:102FF00094DFB0372B3C09EDBB19FE7A2082D7ADA8
:103000002C9BEC13FC827C33E4268DF674E77DF672
:103010000C83C43EF4CCDCC802B0E76B9756359401
:103020007490CEA1BF97FD31557A9B902A29557B8C
:103030007C609FFDF375B13619CD46B685C79AFA07
:10304000A42A8A40E02BB6EF2EE7C55984C0949796
:10305000F358863CBB97B8B35C57E8D33CF623B92A
:1030600035DC8C904A3EBEF4C10199DA5D452919E0
:103070003D33E7F2A6FA1631331146718D315DB654
:103080001823E67B156C54DB8948EE1233DCFE62B4
:1030900057E91F107E6D1B19293ECC316104F412D3
:1030A000193FCD9ED92A4919F8C917D3264D50F595
:1030B0000F11AC5B7E9CBDFA64BBEB767FDCE797BF
:1030C0005EBB0495F64C6DED22682521F6EE7EFC84
:1030D000B383CE86682E6AB23D7824F2FEFE7FFD71
:1030E000613658DEDF5DEBB64F78CCD6F7EFFEFEEB
:1030F0004D2D9C975B2F7FB0470543D2FFFFFFFF0D
:10310000593FE5AF3DEDF126CF9668F04A2A566D5E
:103110005C925E092CE019DA786160032376F09CFA
:10312000510965AD4EB43339D14358BD91A179DD14
:1031300031A38D817F11AE9B21070940B157D76E16
:10314000CF40CA7DFABB14130972256400193907F0
:1031500018D43ADC150D157209706D2618164C63DB
:10316000096EA85378B87866C112E4EDB0E791CD46
:10317000773CE808C7D132138DA170E8979272614D
:1031800062592905E2D11925C53B6240F6EEF9974F
:1031900004C00F245D7E794685C5DB3C98CC5F6416
:1031A000F82E290CDB851AD0D356BC91FB4F2F2863
:1031B000F136A35EF51B78A84F17EBF09B7A1378D6
:1031C000C27AFE033DC8DFE2841A225F4DE25C61F1
:1031D000F1E925A2F26D96AB2A864D90E2FE26FB20
:1031E00055F9618D934D806CAC1AA4CD3DEF91E102
:1031F0009F48AD2ED8A26EA9781982441B1F14696E
:103200003C6FE8137FA39136EBD34233B4B4767DA1
:10321000CCECDC1776A9DAF262B602A8FD8B03A427
:103220004F928AB84F67B61FEE5172A3974AF67F46
:10323000C5CBC217B6295A90CE426DCE488EC7E68E
:103240008CE0D71BD23BB08E949EB216B434FC797E
:10325000844D4035AC851238497416A8E616DF88CF
:10326000F1BE0110DD41FAD36D7EE47B2A678FF356
:1032700035F542B836F212C8868C9C41A50861CC5F
:103280007EAFC95A2AF7E6976E8F9157C32838F355
:10329000731A2E85581E22E24019693A3AC2DA1C86
:1032A0003B68AE77D6F76E957774965757CE35D57F
:1032B00037670516B7631536CB1CAA44205FFF7627
:1032C000903B18C9069AFD7EE35CDEFF50147A3EFF
:1032D00030DECA9E81043D9D9E83041F39039AAB54
:1032E000163905CFFFFC453860591A3D8ECA77F371
:1032F000012A2712795FE0256766ED12BF801F70F3
:10330000708667D6EEF598AD34A639EC0BB53AEA7F
:10331000320224C1C8CB142A0F93B5C2E979A89D03
:1033200041DE858F5E837ECEEA5EBBD4B419BA17C8
:103330003D93838EADF51759F9DB697F99BFD3EEC5
:10334000FBBE417FE4B8EF22FC9E3B3FBE95F7E217
:1033500009217624E8AC951F4088EBC88AF41C2A22
:1033600099BBFB3DE1BC672010E18FDC6EF9D0CB4F
:1033700051BC66E4A1D3DF42069B3B0AC1F5AAE239
:1033800007F58E20AA6C5CA78D719D15B0E9962B70
:1033900012E18F2109BBF62A45489F56BF00371C12
:1033A0003B697FEF338B3D9E186C2D7C08BCB6E2E9
:1033B00062793AEECBCB6CA6059AA5C669702097C8
:1033C0009BCE2D73829323278B62ABB3320DBCEA65
:1033D0005D227C8DFCA1B3EF6CD2B0609A03FB60E0
:1033E000B836F19863AD98A3B39B5843B9E97F1100
:1033F000ABAF1B89ED6899A2ADCB7D10835822E05D
:10340000DB065BE364E5CF444A028571D022DD1C14
:1034100054B5D89E7D8C0F3C6E109293864C8EB323
:103420004547754FF6998A06615C0DD175C5A80DA3
:103430004D42509ED3335CF0820404D539DCC6A3E0
:10344000FB22664024D7A5B4B5669B054099D54FAD
:103450003DA1159E8C0F2ABAA1ABE52FF8721C5125
:10346000B5C1F236E5C7B63BE51E0494F51F560D0F
:10347000EDC2C91E2D194EB12C03EBD8A3B2FF8C9F
:10348000594DD12E0A1D4DB0F9EACFDE76BF6D2C15
:103490004FDA35147AA15F0C46D8E05F6A811F626B
:1034A0007D891F4327CE946FF8164D5AE7B0D62F6B
:1034B0004F46C7943267BDF93DFBE79920466F50F0
:1034C000649B409729665D3C4C02AE13F602DE47D2
:1034D0000CCAC67E7E32428642BF5C592E7A05D522
:1034E0008C8C478D9F4B0895B790B69CF3D0D02B12
:1034F0000DDBAE3F8E23C214C549E78F9F2BF1F23F
:1035000002E2244240F5D86268DDC044C72B26EDB4
:103510002D704BFA0A90E49FD44C65473447507A9B
:1035200039DF862FB969966F91DC4800EF983B6AC6
:10353000F095F2261997CEC086D8602FE9A338906F
:103540000B6CA38492C06D8ED1E43DEE78C2D7435C
:103550009509819F9853B240B0741C5A9606AC27C7
:1035600039BC7D44E7E41682B9C2C48D0EE7D49D10
:10357000D8337C4536D1EC8DFAD81F1406A4329886
:10358000C2F4E54ABAF31E75D608E953D3BA5B30E4
:10359000CA7BE04BD323FCB61AC0E9B2A221E62BCA
:1035A0003FD7AB6A08893933D34B6AF1534F292887
:1035B00037F488C68A6B62691FBDC06323BD2D18AE
:1035C0009F1188966AEE9D0B920AFC90129111E170
:1035D00097010D0005B653AE3393A03EFCDDDFC965
:1035E000D62B754C03B91D6CFFEC1F2C2CE9A5C420
:1035F00002DD2AD0F5EDB86F8204F0598B7AB02C39
:103600003C7A8C1D44EA6572D4C226566F201DAEEA
:103610003C7D8153366E21FCE3321C9427EE777C8F
:103620007A6DDD29BDED83C78A9641A3BADA29EE0A
:1036300035CEA73EF2114CAD250DBC5AA6467DEE07
:1036400024180219A6C0E7A9634C92674B60D323E4
:1036500007F4829F6F4AEFC35074CA3F183EC8896F
:103660003700FE106E9A4BCA8AE0E47E7EA2FCAA66
:103670004EA1F31EB34ED8A19D194FAAE2AA26EA85
:103680003DD6A57AA9F3E1A4C32CC95FEE8B81775F
:103690007049AA14AB63851AC1B96F71C682318AA9
:1036A000AC0C3B253CD7BE3748A99BA691ED1172C7
:1036B000F01DA0333E3DBF86133D4069ABB7DD7DB5
:1036C00040357E5E46928FE0DD8872477D1F770928
:1036D0005EBAC9B97CC3D792AB7C54E5DAF8015520
:1036E0009818288468A267EA751DE2A503C3DCC5A3
:1036F0000D5BF85EF92C5B7FCFE7C9ABFC59231C4F
:10370000E0619C8B1FDCC0A30ADDB3C6079EA183CA
:10371000C9EB451EE374A2C48C50393E7833EC3CAF
:1037200039FFF97906A6160A7BD2655DD7452F7D4C
:10373000E9FB297E91F86A7F828B4769915528EFD2
:10374000A0B3CE3FE6E35E87ADE8AD6E709B46AAC0
:103750006CD66C21EEF6DC06A77341ED50D4880AD6
:1037600061BB077DDFE6B5E646CF36F5814134859E
:10377000A931B2C51873B5E775F76EAD39778349CE
:10378000A96A4C731B506F51CEAEED0A8A10261DEC
:10379000B595AC76BF9A68540207B2447A585FE791
:1037A00082098F8CFC859A87F34996AF60602196D9
:1037B00094592CEEF25F3854E8B98E8D83C05EE6E2
:1037C000DA5E085164891C59B282E2312211DBEBC6
:1037D000CB1CA57649C8C34BE593DDB62A6171B60B
:1037E0000C6F8875E7081FA0F80BA6951BCCFA3A5A
:1037F0006FDFF025D1AC55041A68F16564864D740D
:10380000FFFF5BC67A7A494B547A50DD7B1BD5FBB0
:1038100004F0239C947899BC9020450CB73426A0E2
:103820009EC1056FC405FD28CE84452DFD8055F948
:1038300082170CE4506C64EE5FEFE64185C7A0F898
:103840005C12461D4C4CFE4720F94080340EDA00D5
:10385000FE56583FB2D933FB0AB4C197AAEC1520E3
:1038600077A3B26DC6D4B702A1EC849823F9904235
:10387000572CA16C8C776108A2FD62F02DC8D9B5D8
:103880004EE8D3968D0A99EA8D2ECDD1B489DD719B
:103890009A1E8CB2FB810B2D60A916D9F593DC79A9
:1038A0001F75AA8127F0C86EF7C91B9895CFD0FC69
:1038B000947901667A84CFEF64F992FBC75FB9FD12
:1038C00028487D9DB6CA7EB2A9EE6827CE7D821FAC
:1038D0000E020B90EEFAEBBEA12B93BEA4DA7FFD95
:1038E0005F792B0E8F49424539D4C89C445BF87EE2
:1038F0007FBCE764487E3818BF06A42AFFFFFFFF9D
:1039000060C97B0D8004102010204040902450603E
:103910005014AD0C88141121183041419834516174
:10392000190C2C0F810590221121C0429125D062E3
:103930001114873E891591231931C1439935D163FB
:1039400040400204C044122450604244D064526497
:1039500048500305C854132558704345D87453651F
:1039600041418206C14592265161C246D165D26667
:1039700049518307C95593275971C347D975D367EF
:10398000542C0808820C182812284848922C586891
:103990000A1809098A1C19291A3849499A3C59698F
:1039A0000309880A830D982A1329C84A932DD86AD7
:1039B0000B19890B8B1D992B1B39C94B9B3DD96B5F
:1039C00042480A0CC24C1A2C52684A4CD26C5A6CAF
:1039D0004A580B0DCA5C1B2D5A784B4DDA7C5B6D37
:1039E00043498A0EC34D9A2E5369CA4ED36DDA6E7F
:1039F0004B598B0FCB5D9B2F5B79CB4FDB7DDB6F07
:103A0000048020108484303014A0605094A470701E
:103A10000C9021118C9431311CB061519CB47171A6
:103A20000581A0128585B03215A1E05295A5F072EE
:103A30000D91A1138D95B1331DB1E1539DB5F17376
:103A400044C02214C4C4323454E06254D4E47274C6
:103A50004CD02315CCD433355CF06355DCF473754E
:103A600045C1A216C5C5B23655E1E256D5E5F27696
:103A70004DD1A317CDD5B3375DF1E357DDF5F3771E
:103A800006882818868C383816A8685896AC787836
:103A90000E9829198E9C39391EB869599EBC7979BE
:103AA0000789A81A878DB83A17A9E85A97ADF87A06
:103AB0000F99A91B8F9DB93B1FB9E95B9FBDF97B8E
:103AC00046C82A1CC6CC3A3C56E86A5CD6EC7A7CDE
:103AD0004ED82B1DCEDC3B3D5EF86B5DDEFC7B7D66
:103AE00047C9AA1EC7CDBA3E57E9EA5ED7EDFA7EAE
:103AF0004FD9AB1FCFDDBB3F5FF9EB5FDFFDFB7F36
:103B000020020480A00614A0302244C0B02654E055
:103B100028120581A81615A1383245C1B83655E1DD
:103B200021038482A10794A23123C4C2B127D4E225
:103B300029138583A91795A33933C5C3B937D5E3AD
:103B400060420684E04616A4706246C4F06656E4FD
:103B500068520785E85617A5787247C5F87657E585
:103B600061438686E14796A67163C6C6F167D6E6CD
:103B700069538787E95797A77973C7C7F977D7E755
:103B8000220A0C88A20E1CA8322A4CC8B22E5CE86D
:103B90002A1A0D89AA1E1DA93A3A4DC9BA3E5DE9F5
:103BA000230B8C8AA30F9CAA332BCCCAB32FDCEA3D
:103BB0002B1B8D8BAB1F9DAB3B3BCDCBBB3FDDEBC5
:103BC000624A0E8CE24E1EAC726A4ECCF26E5EEC15
:103BD0006A5A0F8DEA5E1FAD7A7A4FCDFA7E5FED9D
:103BE000634B8E8EE34F9EAE736BCECEF36FDEEEE5
:103BF0006B5B8F8FEB5F9FAF7B7BCFCFFB7FDFEF6D
:103C000024822490A48634B034A264D0B4A674F084
:103C10002C922591AC9635B13CB265D1BCB675F10C
:103C20002583A492A587B4B235A3E4D2B5A7F4F254
:103C30002D93A593AD97B5B33DB3E5D3BDB7F5F3DC
:103C400064C22694E4C636B474E266D4F4E676F42C
:103C50006CD22795ECD637B57CF267D5FCF677F5B4
:103C600065C3A696E5C7B6B675E3E6D6F5E7F6F6FC
:103C70006DD3A797EDD7B7B77DF3E7D7FDF7F7F784
:103C8000268A2C98A68E3CB836AA6CD8B6AE7CF89C
:103C90002E9A2D99AE9E3DB93EBA6DD9BEBE7DF924
:103CA000278BAC9AA78FBCBA37ABECDAB7AFFCFA6C
:103CB0002F9BAD9BAF9FBDBB3FBBEDDBBFBFFDFBF4
:103CC00066CA2E9CE6CE3EBC76EA6EDCF6EE7EFC44
:103CD0006EDA2F9DEEDE3FBD7EFA6FDDFEFE7FFDCC
:103CE00067CBAE9EE7CFBEBE77EBEEDEF7EFFEFE14
:103CF0006FDBAF9FEFDFBFBF7FFBEFDFFFFFFFFF9C
:103D000000000000800410201020404090245060EB
:103D10000810010188141121183041419834516173
:103D200001018002810590221121C0429125D062BB
:103D300009118103891591231931C1439935D16343
:103D400040400204C044122450604244D064526493
:103D500048500305C854132558704345D87453651B
:103D600041418206C14592265161C246D165D26663
:103D700049518307C95593275971C347D975D367EB
:103D800002080808820C182812284848922C586803
:103D90000A1809098A1C19291A3849499A3C59698B
:103DA0000309880A830D982A1329C84A932DD86AD3
:103DB0000B19890B8B1D992B1B39C94B9B3DD96B5B
:103DC00042480A0CC24C1A2C52684A4CD26C5A6CAB
:103DD0004A580B0DCA5C1B2D5A784B4DDA7C5B6D33
:103DE00043498A0EC34D9A2E5369CA4ED36DDA6E7B
:103DF0004B598B0FCB5D9B2F5B79CB4FDB7DDB6F03
:103E0000048020108484303014A0605094A470701A
:103E10000C9021118C9431311CB061519CB47171A2
:103E20000581A0128585B03215A1E05295A5F072EA
:103E30000D91A1138D95B1331DB1E1539DB5F17372
:103E400044C02214C4C4323454E06254D4E47274C2
:103E50004CD02315CCD433355CF06355DCF473754A
:103E600045C1A216C5C5B23655E1E256D5E5F27692
:103E70004DD1A317CDD5B3375DF1E357DDF5F3771A
:103E800006882818868C383816A8685896AC787832
:103E90000E9829198E9C39391EB869599EBC7979BA
:103EA0000789A81A878DB83A17A9E85A97ADF87A02
:103EB0000F99A91B8F9DB93B1FB9E95B9FBDF97B8A
:103EC00046C82A1CC6CC3A3C56E86A5CD6EC7A7CDA
:103ED0004ED82B1DCEDC3B3D5EF86B5DDEFC7B7D62
:103EE00047C9AA1EC7CDBA3E57E9EA5ED7EDFA7EAA
:103EF0004FD9AB1FCFDDBB3F5FF9EB5FDFFDFB7F32
:103F000020020480A00614A0302244C0B02654E051
:103F100028120581A81615A1383245C1B83655E1D9
:103F200021038482A10794A23123C4C2B127D4E221
:103F300029138583A91795A33933C5C3B937D5E3A9
:103F400060420684E04616A4706246C4F06656E4F9
:103F500068520785E85617A5787247C5F87657E581
:103F600061438686E14796A67163C6C6F167D6E6C9
:103F700069538787E95797A77973C7C7F977D7E751
:103F8000220A0C88A20E1CA8322A4CC8B22E5CE869
:103F90002A1A0D89AA1E1DA93A3A4DC9BA3E5DE9F1
:103FA000230B8C8AA30F9CAA332BCCCAB32FDCEA39
:103FB0002B1B8D8BAB1F9DAB3B3BCDCBBB3FDDEBC1
:103FC000624A0E8CE24E1EAC726A4ECCF26E5EEC11
:103FD0006A5A0F8DEA5E1FAD7A7A4FCDFA7E5FED99
:103FE000634B8E8EE34F9EAE736BCECEF36FDEEEE1
:103FF0006B5B8F8FEB5F9FAF7B7BCFCFFB7FDFEF69
:1040000024822490A48634B034A264D0B4A674F080
:104010002C922591AC9635B13CB265D1BCB675F108
:104020002583A492A587B4B235A3E4D2B5A7F4F250
:104030002D93A593AD97B5B33DB3E5D3BDB7F5F3D8
:1040400064C22694E4C636B474E266D4F4E676F428
:104050006CD22795ECD637B57CF267D5FCF677F5B0
:1040600065C3A696E5C7B6B675E3E6D6F5E7F6F6F8
:104070006DD3A797EDD7B7B77DF3E7D7FDF7F7F780
:10408000268A2C98A68E3CB836AA6CD8B6AE7CF898
:104090002E9A2D99AE9E3DB93EBA6DD9BEBE7DF920
:1040A000278BAC9AA78FBCBA37ABECDAB7AFFCFA68
:1040B0002F9BAD9BAF9FBDBB3FBBEDDBBFBFFDFBF0
:1040C00066CA2E9CE6CE3EBC76EA6EDCF6EE7EFC40
:1040D0006EDA2F9DEEDE3FBD7EFA6FDDFEFE7FFDC8
:1040E00067CBAE9EE7CFBEBE77EBEEDEF7EFFEFE10
:1040F0006FDBAF9FEFDFBFBF7FFBEFDFFFFFFFFF98
:1041000000000000800410201020404090245060E7
:10411000081001018814112118304141983451616F
:1041200001018002810590221121C0429125D062B7
:1041300009118103891591231931C1439935D1633F
:1041400040400204C044122450604244D06452648F
:1041500048500305C854132558704345D874536517
:1041600041418206C14592265161C246D165D2665F
:1041700049518307C95593275971C347D975D367E7
:1041800002080808820C182812284848922C5868FF
:104190000A1809098A1C19291A3849499A3C596987
:1041A0000309880A830D982A1329C84A932DD86ACF
:1041B0000B19890B8B1D992B1B39C94B9B3DD96B57
:1041C00042480A0CC24C1A2C52684A4CD26C5A6CA7
:1041D0004A580B0DCA5C1B2D5A784B4DDA7C5B6D2F
:1041E00043498A0EC34D9A2E5369CA4ED36DDA6E77
:1041F0004B598B0FCB5D9B2F5B79CB4FDB7DDB6FFF
:10420000048020108484303014A0605094A4707016
:104210000C9021118C9431311CB061519CB471719E
:104220000581A0128585B03215A1E05295A5F072E6
:104230000D91A1138D95B1331DB1E1539DB5F1736E
:1042400044C02214C4C4323454E06254D4E47274BE
:104250004CD02315CCD433355CF06355DCF4737546
:1042600045C1A216C5C5B23655E1E256D5E5F2768E
:104270004DD1A317CDD5B3375DF1E357DDF5F37716
:1042800006882818868C383816A8685896AC78782E
:104290000E9829198E9C39391EB869599EBC7979B6
:1042A0000789A81A878DB83A17A9E85A97ADF87AFE
:1042B0000F99A91B8F9DB93B1FB9E95B9FBDF97B86
:1042C00046C82A1CC6CC3A3C56E86A5CD6EC7A7CD6
:1042D0004ED82B1DCEDC3B3D5EF86B5DDEFC7B7D5E
:1042E00047C9AA1EC7CDBA3E57E9EA5ED7EDFA7EA6
:1042F0004FD9AB1FCFDDBB3F5FF9EB5FDFFDFB7F2E
:1043000020020480A00614A0302244C0B02654E04D
:1043100028120581A81615A1383245C1B83655E1D5
:1043200021038482A10794A23123C4C2B127D4E21D
:1043300029138583A91795A33933C5C3B937D5E3A5
:1043400060420684E04616A4706246C4F06656E4F5
:1043500068520785E85617A5787247C5F87657E57D
:1043600061438686E14796A67163C6C6F167D6E6C5
:1043700069538787E95797A77973C7C7F977D7E74D
:10438000220A0C88A20E1CA8322A4CC8B22E5CE865
:104390002A1A0D89AA1E1DA93A3A4DC9BA3E5DE9ED
:1043A000230B8C8AA30F9CAA332BCCCAB32FDCEA35
:1043B0002B1B8D8BAB1F9DAB3B3BCDCBBB3FDDEBBD
:1043C000624A0E8CE24E1EAC726A4ECCF26E5EEC0D
:1043D0006A5A0F8DEA5E1FAD7A7A4FCDFA7E5FED95
:1043E000634B8E8EE34F9EAE736BCECEF36FDEEEDD
:1043F0006B5B8F8FEB5F9FAF7B7BCFCFFB7FDFEF65
:1044000024822490A48634B034A264D0B4A674F07C
:104410002C922591AC9635B13CB265D1BCB675F104
:104420002583A492A587B4B235A3E4D2B5A7F4F24C
:104430002D93A593AD97B5B33DB3E5D3BDB7F5F3D4
:1044400064C22694E4C636B474E266D4F4E676F424
:104450006CD22795ECD637B57CF267D5FCF677F5AC
:1044600065C3A696E5C7B6B675E3E6D6F5E7F6F6F4
:104470006DD3A797EDD7B7B77DF3E7D7FDF7F7F77C
:10448000268A2C98A68E3CB836AA6CD8B6AE7CF894
:104490002E9A2D99AE9E3DB93EBA6DD9BEBE7DF91C
:1044A000278BAC9AA78FBCBA37ABECDAB7AFFCFA64
:1044B0002F9BAD9BAF9FBDBB3FBBEDDBBFBFFDFBEC
:1044C00066CA2E9CE6CE3EBC76EA6EDCF6EE7EFC3C
:1044D0006EDA2F9DEEDE3FBD7EFA6FDDFEFE7FFDC4
:1044E00067CBAE9EE7CFBEBE77EBEEDEF7EFFEFE0C
:1044F0006FDBAF9FEFDFBFBF7FFBEFDFFFFFFFFF94
:1045000000000000800410201020404090245060E3
:10451000081001018814112118304141983451616B
:1045200001018002810590221121C0429125D062B3
:1045300009118103891591231931C1439935D1633B
:1045400040400204C044122450604244D06452648B
:1045500048500305C854132558704345D874536513
:1045600041418206C14592265161C246D165D2665B
:1045700049518307C95593275971C347D975D367E3
:1045800002080808820C182812284848922C5868FB
:104590000A1809098A1C19291A3849499A3C596983
:1045A0000309880A830D982A1329C84A932DD86ACB
:1045B0000B19890B8B1D992B1B39C94B9B3DD96B53
:1045C00042480A0CC24C1A2C52684A4CD26C5A6CA3
:1045D0004A580B0DCA5C1B2D5A784B4DDA7C5B6D2B
:1045E00043498A0EC34D9A2E5369CA4ED36DDA6E73
:1045F0004B598B0FCB5D9B2F5B79CB4FDB7DDB6FFB
:10460000048020108484303014A0605094A4707012
:104610000C9021118C9431311CB061519CB471719A
:104620000581A0128585B03215A1E05295A5F072E2
:104630000D91A1138D95B1331DB1E1539DB5F1736A
:1046400044C02214C4C4323454E06254D4E47274BA
:104650004CD02315CCD433355CF06355DCF4737542
:1046600045C1A216C5C5B23655E1E256D5E5F2768A
:104670004DD1A317CDD5B3375DF1E357DDF5F37712
:1046800006882818868C383816A8685896AC78782A
:104690000E9829198E9C39391EB869599EBC7979B2
:1046A0000789A81A878DB83A17A9E85A97ADF87AFA
:1046B0000F99A91B8F9DB93B1FB9E95B9FBDF97B82
:1046C00046C82A1CC6CC3A3C56E86A5CD6EC7A7CD2
:1046D0004ED82B1DCEDC3B3D5EF86B5DDEFC7B7D5A
:1046E00047C9AA1EC7CDBA3E57E9EA5ED7EDFA7EA2
:1046F0004FD9AB1FCFDDBB3F5FF9EB5FDFFDFB7F2A
:1047000020020480A00614A0302244C0B02654E049
:1047100028120581A81615A1383245C1B83655E1D1
:1047200021038482A10794A23123C4C2B127D4E219
:1047300029138583A91795A33933C5C3B937D5E3A1
:1047400060420684E04616A4706246C4F06656E4F1
:1047500068520785E85617A5787247C5F87657E579
:1047600061438686E14796A67163C6C6F167D6E6C1
:1047700069538787E95797A77973C7C7F977D7E749
:10478000220A0C88A20E1CA8322A4CC8B22E5CE861
:104790002A1A0D89AA1E1DA93A3A4DC9BA3E5DE9E9
:1047A000230B8C8AA30F9CAA332BCCCAB32FDCEA31
:1047B0002B1B8D8BAB1F9DAB3B3BCDCBBB3FDDEBB9
:1047C000624A0E8CE24E1EAC726A4ECCF26E5EEC09
:1047D0006A5A0F8DEA5E1FAD7A7A4FCDFA7E5FED91
:1047E000634B8E8EE34F9EAE736BCECEF36FDEEED9
:1047F0006B5B8F8FEB5F9FAF7B7BCFCFFB7FDFEF61
:1048000024822490A48634B034A264D0B4A674F078
:104810002C922591AC9635B13CB265D1BCB675F100
:104820002583A492A587B4B235A3E4D2B5A7F4F248
:104830002D93A593AD97B5B33DB3E5D3BDB7F5F3D0
:1048400064C22694E4C636B474E266D4F4E676F420
:104850006CD22795ECD637B57CF267D5FCF677F5A8
:1048600065C3A696E5C7B6B675E3E6D6F5E7F6F6F0
:104870006DD3A797EDD7B7B77DF3E7D7FDF7F7F778
:10488000268A2C98A68E3CB836AA6CD8B6AE7CF890
:104890002E9A2D99AE9E3DB93EBA6DD9BEBE7DF918
:1048A000278BAC9AA78FBCBA37ABECDAB7AFFCFA60
:1048B0002F9BAD9BAF9FBDBB3FBBEDDBBFBFFDFBE8
:1048C00066CA2E9CE6CE3EBC76EA6EDCF6EE7EFC38
:1048D0006EDA2F9DEEDE3FBD7EFA6FDDFEFE7FFDC0
:1048E00067CBAE9EE7CFBEBE77EBEEDEF7EFFEFE08
:1048F0006FDBAF9FEFDFBFBF7FFBEFDFFFFF154633
:104900003E556050007776625942369FC2E1BB0443
:1049100082E38DAC3C767982A70221285856EE0DB1
:104920007F0761A1030C31FD81D0638201DA525807
:10493000A920C8ACF7A464806737284C26BAB267B0
:1049400060CA26F16460FBCC2864A2C59B0672692C
:10495000C847F666F2E5568A20C03EEAB174D1DF58
:104960004CBD8244D7147962309246EB5126DE2446
:104970002F3378986D71F0C6FD5528239A17B247EA
:10498000A27A626CD0FF7A6940F9A32CEB52396CA1
:10499000F5E409BC0A2E713A8A2B6F0D855EA6E2FA
:1049A0007D0EAC57BDB1F3252BC76447F2095A50B1
:1049B00096E18949746E3A883D9845E6CF0CABC4C0
:1049C000D23A88F5D4F4F1686A86E6418A68D30C55
:1049D0002A259A026E7870A7407A8949215BFA925B
:1049E000E9AB2601F9FD8181BFFBDA13B3B58D6315
:1049F000FFBB09F6CB4EB585CB0F34C2C1798E66AD
:104A0000D773AC1D9614DB7402C29FFD3B94788C67
:104A100032D0491C28F6C2541278C00E0C5ECC80ED
:104A2000FEA60153BF35BF9D9B041754C7A5078F32
:104A3000F2E2DF70B5B10C92A9D39DFC62DB87ACCA
:104A4000BFBF4A19BAC2D3B75113E6F9EC1A8FADFA
:104A500074E1829477A4B32A021267D003D4047558
:104A6000BABF86B70DE13DC02D51A9178DE17B1668
:104A70008F22279A5D8B17DA4FDF08131DDB298AF7
:104A8000FD0A6102BEBD99B9B6C64C25AB1583655A
:104A900071A5C25DDC5DD25D0C0A821D284C24D854
:104AA0003F730417F17E3CB701CB8057C457FCDA43
:104AB0003425427FB19BD1982509E21ACC4E7DF670
:104AC000141CC1780292347D680A08368E1D58BEC7
:104AD00058BA4B0FF6271FC26613C750E679751FE9
:104AE0007FEDC21338AF495BC78B593BD46FBDA76D
:104AF00031DF4A9CAF14BD32A6DE4A209560DB72DE
:104B0000A015ED4876F830AD66D3E780105436DA5C
:104B100026AEEE691C74E2C4F06824C52207334E49
:104B2000B6F0952FDA20351DB137DCC4CF20F069FF
:104B3000175BED8E91266A5C4051A4C71945B7E812
:104B40000166847D55E2A287D79DAD1BB4A1AB62FF
:104B500050AD857C9650F626269D1784F0EAAA6310
:104B6000CB2171E371B759570F982D59F01914E6FD
:104B7000403174E225A41BE6CAC33B64D90915E79A
:104B8000DD7941EB19BFEB77530EBD13CC29FDA99D
:104B900012E0A18491AFEE3633442761849B97AA3B
:104BA000D889C5909CBE6715331A896584292F86DC
:104BB000BCE809163B70F5A6456E24D3444D1FEBA7
:104BC0005AB12A2D4E3D7C0A296A488CBAFADCC6B5
:104BD000CA286DA78CEF3BD02C5E24C2FE9E5BC121
:104BE0005B7B482131B077CDC875AC3A950D216714
:104BF000FBA46EECFD3DFF60F9042F4E7FFD9C6C25
:104C00001C712DF5347943B06E28587FE66F9F9460
:104C1000F792DDE8D312315542B541CA18C5575A4B
:104C20001D70A1D39D7D18BF95D1862B25B8702608
:104C30007693A3D316C506392FD58DDEC5B3F133D0
:104C4000AE31AA999B81CB024DC61DDC6E64399AA8
:104C50005272C714712E37F5FC8C0467EC621FF496
:104C6000F53205D6753BB6038E1BE696CD18D5E713
:104C7000A920233A6DC016486B5E0C9328D31EAE54
:104C800080F54495DEC40D672498879CB351DD6799
:104C90004ECB3694A7BA5EA5181EE97D01258C700F
:104CA000D8F5824518DDFF4A0D1BBD9B03CD079645
:104CB000B8642F33386C39366BBC86D49F55087274
:104CC0001E7A6DDD52ACE3734C5A7573AE72FC36CE
:104CD0004E308E148E1FF5B068578499AE9C35FB0C
:104CE000070F7B17E6B059FFD3CF8DBC6C8D739C3B
:104CF0004F518B34916F3D95454BF470350E5E608E
:104D0000B462FB6ED0861B8697A4C9690F268FCD2F
:104D10006F9252A8248B1061CB778341A64DDEC7DA
:104D200061D9E50FB9FA7921078929A1C5353B2158
:104D3000318B82E0BDF76D005135482302F595CEE9
:104D40008AD1A145F878F90780E43F68AD8ED16932
:104D5000B377A2D179F58F66030D38537FCC8716D0
:104D60002110910B2DCB93A68A1CBD502EE1BFB80C
:104D70009FA2B18A4C570AAAECC8F447FED9035443
:104D800062DC3C0542F5CC2E2FAA03D70DBF7B6019
:104D90005A7A5B0F4ECC6728CB4B739AB2EEA52D97
:104DA000C78CCBF949713948D36AE1EBDD5EFE2847
:104DB00040C52894B32970B2B7ABC9416043586667
:104DC0003CE8E30FBCF4F15F929C1097F2FCD7E152
:104DD000CA3BEC80B4FDAF6ED2944BC0BCCDAC0EE0
:104DE000EFDAFB06BDE1711DCC945935B5D925E349
:104DF00035E50995723D937D24FDEC04BD1F07FC4C
:104E0000A812241A822598ADA924ED986BD75632A2
:104E10007231A33BA4EADA5514B4E83167CAF07CD6
:104E200085A2479F32FC4D70ACD160443D000C36EA
:104E30006BF34A70B56B1D3EB133A65122F750DEBD
:104E40007374D2B79361C59965447250E35C19FEDF
:104E5000E0702559F2613539351F9C391C8826D8F8
:104E600085BDF75494F85972D1656FEED5F688DC9C
:104E7000F5CE89BAC52AB57B3FB1E2170E15F97197
:104E8000665C7A15E658647A2E3B0EF5C228FD1B47
:104E9000702CABD3B0E5F3E0DEFE0653A6538C1ABC
:104EA00079380417AB6EBB6A412BAFAA57EE1ADBF9
:104EB000CEFB42F8C78DF1820B3BAEA2667F5884D1
:104EC000128FE89C47BF48CD89558B031C31DB838B
:104ED0004CAAC05E1D2F0590E33FB557199E90AEBA
:104EE0000FCCC13DB975534D094D1521CFE178E483
:104EF00071788A0F1E64506C8F09702E784472FE90
:104F00009460FFECB2F8EB0DB06148AC0F64F54D66
:104F100028D2573C6E656027DD5CC76B7875B7FAA1
:104F200043437504BE404AA851F23FCFE5A3556CF8
:104F30003303D48AAD579F0E42B744963970FB3F76
:104F4000A720ED37E6E2F7DB4A8DFBA853CBBDB7D0
:104F50003FAA07FEA01611A9B830E6C8A694536070
:104F6000A100C4335C005C1517DAC5A48FCE3F35B1
:104F7000BDA28824D1351AF16BB82C83864D7446B6
:104F8000E0716D983F3EEB577AA6CE026670CFD7A0
:104F9000721EA546E20AF4A23A00277CD25CA2E780
:104FA000286B8E779D72115CAC4933114E6129B626
:104FB0004BDA4786C91E9E2BE9BFC92F83C1DBE0B0
:104FC000A2ABBBCEEAFF18A048DA3363A391AF4F80
:104FD000C7B464073A9E6FD0FF78A28FAB91AE4EF4
:104FE0004FDB1373DB2D1108D7098EC12591274F95
:104FF0006B48F525FDE399E3D7DB38322D912F9CE3
:1050000090E0CF8384E032BC0C5D13D0DCC483B26B
:10501000D7B584EE33E9339D81E963919CB23DD2EB
:105020004557B69F187438471ECD356EED58BE9162
:1050300084ED309510F542D69B740C10BB175DD3F0
:10504000C847CDB7DA6F441B0AE48757CA8B1EF9ED
:10505000AC91650ECC78DE968702F4A443C7455A1E
:1050600063672619B0D69CC6EA106ADB0A95D82970
:10507000F22A35E2F5E74B2403F50654AC899D147A
:10508000EC1E8D379E0C7727D1D40DDCD66FB6552C
:10509000FF186A922FED401F1E306C99D8DC829564
:1050A00072AC0D3567CC17B04ED88653E34D7ED029
:1050B00017702F51F75FFD1B13BE0C74810F23FD7A
:1050C00031262EDE5563C6EFE919E2D1885B36FF43
:1050D000B150C62ED6E115C1EB09EB50FEFE7FFDA7
:1050E0003D45D967D46643B2E4158D80DB6BDAFEAB
:1050F0009237AF2A50905EE02D8604BBFFFFFFFF82
:10510000A7ADD893D830F959EF533E23DDD7DC9DB6
:10511000E1948423DAEBE6DCB84A37EECBC7D5EC72
:10512000B6B986FE93FA6FAFEA5ABCEDE9D599C3DA
:10513000C90012039F557A2BBD532A2BCBFC3A078B
:10514000CC7F07D15A267A2903732C870297D6E998
:10515000D84F21A8E858910F58305BE8E08A30C258
:105160004DC549AA3EC7998F6FD54DC08385390279
:1051700019F12277D037FB2A8BF42884CFC138234A
:105180000208080E39BD6687A64AA3C02DCEDA52A2
:1051900063180909B45C79D696074C9CB6F7A466E7
:1051A0009C938EAA54891932A69533DF084F27287D
:1051B0000B0AF4D8746EE7A817BD02E7C1F4B1F882
:1051C0001CE95BA73DCE11C554D0CA43E8DC79C3C6
:1051D0009E5A5B4FCAA5176F64DDF41680CB33AEC1
:1051E000937B4297FBE86DB50889B187770FAEB125
:1051F0006336774B4BD6728C5B46ED9AA57B3AECC7
:105200002CE0C9C3A84FC53F7724284E54E7EE7D54
:105210005B9213BC941D060B7C64655CCB47F5FC6C
:1052200013ECA65E45C2E43F15A1E0526A55B0D327
:105230001601C8CA503449A0630829EACFF41A17E6
:105240003A71C9D77AD5D39B131C41AF069714186E
:1052500098106F5719EA05205C8298171CB79F19A0
:105260007B752FB09436889BA70CE70DB340F18473
:10527000653BEBD49EDD3357851502F8BB4DF21527
:105280005E4CC181465A5A3EC5DB1E36294E7E54BD
:105290005C67DEB4575506C1A9046F35988D03D6F7
:1052A00015775797CAF119C571D5EB50FACF07F1A9
:1052B00092769E1BB825BFF501A797AF3FCF9B53B2
:1052C000662ED27F068B6322849B0C3016AF9683AA
:1052D000E254D36E7D748BAE9EBB87DC2583F4AB2A
:1052E000878F5A5C3A36530D314CE93CE9559A3E6A
:1052F0007C75575CCEDFB77DA90A6FD297ECFD7342
:105300001EBE8B265F828D0D369E4CC1CE20B563AE
:1053100037F22587685031D4F232E4BEC0C67840F7
:1053200079C3FF2FA7BB9C8CF165E0C4FCD4581F48
:1053300027DB241CFE935A10F9E4BFC5EAC4516E62
:105340001EE3DAC777B52C0924E62592A895DAE999
:1053500038D6826D44257D5346D7F89E9ED656F5A5
:10536000472EA82BB3FB7DB5AA83B90F6294B888EA
:1053700017FF2B8A97FA7E247948B585DFC2F54A54
:105380009668F727C2C769557F53B1C7E0E7B78C66
:10539000521EE45A15FC9F933CF04DC9E4DC196C95
:1053A00083110021DB8B156CF36DC6880CCD35990C
:1053B000EB0F95C9307D6AE93B3B4F32A963365804
:1053C0001CE7E78F01BD2801ED2939C720FEB57F15
:1053D0003B7DAE22D0AD2902250EF3AEC08D3D42FD
:1053E000A30DC92132EF730EAC1FBDC5F5DB5E19ED
:1053F0003E29640C3E2CADACA27BC904AD8CB140FF
:105400005B7A24D2F6843BB63CD119DBCAA189FF72
:10541000FF61240CAEB194B802F205F18449809288
:10542000A5945933E8FE15B9F72765CA25590953DC
:10543000FE60DB3EA0133863C2C18F2046CC895C7E
:10544000D763204D489FA5CB26028DB08DF7185409
:105450000A7FD838E4D24846AEF082B92A31B5F591
:10546000EE844FA51A8074BE4DF3457627E5615B47
:105470003C4091D5D724951C4760D978F5E20F14AC
:105480002EA7D3C5FC8F9FFAF6E185DE16D40A5706
:10549000261EAC61F433552A69B855740ADC96713E
:1054A0007136AAD68B1941B5FDAA4D7513CD179249
:1054B00011DBC596D1995C38A22B84D00A03066E05
:1054C000CEACD31CB53162012098A48F36A88EF8DB
:1054D0006C1A23363C19E1B787894DDEA87AF2AF02
:1054E000197E2318E53CD813095B527DF5E19C8AAF
:1054F000B9CB4E303A2F591E47E36DF5C84E0F7C9D
:10550000B7A4F42340468A2DFCA4C91AE8353A64AE
:1055100058632308F6B94D5C6680CEC7A2C73365D1
:10552000817DD5F6FFA93C2FD1639C4F79294CC1D1
:105530008CE0AB9B97B0B031197195C81DC4B343D3
:105540008002EE0E6CC615982EC0AB47AE62B3E774
:10555000FC232D0AE06310E5CCF4CAE8D270F0D841
:105560004632A409F9DA6764FDF2FF4CDF965E6B00
:1055700029951EAAA9910E8A618B6F4AC1E8B86865
:105580005CACE8ACA4A89C8CF4192AE7172F8735EB
:10559000CA5AB4FCA23FB8B6643F2A69C4DE5DECC7
:1055A00018AC089AD70A2568B35BAAB38BBD31093A
:1055B000ABEAA3FF3F7FF15863BD409366137AB017
:1055C00012AA850A96AE98662DEA4D90525E3AAAC6
:1055D0001C2B694FF29BD9D2A703764688015D2127
:1055E0008B162BA8E82F6D4B6B876643AD6B336131
:1055F000E3A98A5F702D1BA9DB03FE44783D8FE48D
:105600001C91C1BFDB8036701FD34212425752DD5E
:105610005A94C06E20C0D862A8D28A62D4C9F3EB73
:105620005383ACB93EF68E70BDF40B41C5E23AEB44
:105630006D506B1E9797233B2311E71FD1D7D05195
:105640007D8026381B34DBAD3424B759AC540F367B
:10565000742F2519B350147E94AA653986050BDA88
:105660003C43A56A3829B2BBAEC643507DFBF3A6C6
:1056700054A34814F757E01D17CC12847D8791DF9F
:10568000F9E7A5EE84920ECCDC5B0E3DCC5C107B82
:10569000E21CA043D8DBA733E74903A6904FF5747B
:1056A0004FE4AE16529CD2972F5A86D7E9AB19F920
:1056B000CFDBF5169E19380D61095626732FF1734D
:1056C0007868A7BABEBF5D9DFA98EADAA8EBDBF46A
:1056D00062AB8A821A25377F969ECA82C6D810721C
:1056E000DA09865CFF3253957729B858D30FA25355
:1056F000FBBB501967AF5A80EB9B14E2DD821BFEA7
:10570000F01139E3DEABE503F06018CD2FDBE15596
:10571000F5FE3281177649747ACDAC42E0C971E763
:10572000FA7EFB9470F4A2524F932DA1611DFEA04E
:1057300013E883C87828AB3895ACC613716DB6E70B
:105740005EF2A5E1C0065AA2F69124602C5FBDA0CE
:1057500038F3EEFC90729A787ED2C70B5C1416C5B3
:105760005FF22522AAACF55921D24646CBD79F49F4
:105770007FE66C64F35555A34EC237448104A66599
:10578000FAF67173A2F718EA68A1244BCA09BDE7BB
:105790002A68F6CB0DB3E96AA5C9C1420ECEA2E6CE
:1057A0009AE6FFD1237148F94D2D2D4907DFA3E576
:1057B000F3FF64881CAAEEAB3FD9D1EF81CCBB4488
:1057C00058FB6823AA4BFFA8C5CFBA8F8915D37A97
:1057D000C67A0FCDD2DC4C92C5E843107A05BF6C77
:1057E000B15AACABE1CD9912B3975DA2BB4FB5E115
:1057F00047B1896B937BE807197BCCAC1A8C5B4271
:105800005A3222BC9C7898BDD8314AD8B9D51A51A1
:10581000146DCC121705036E14D0C4D87CF4124456
:10582000AE07256209148A4DB5806A908D581D31E6
:10583000C10CA643F375B11EBD903D7E204FF58887
:10584000AC9887CBDB81FC2D939C07D02415F259B3
:10585000F1322308442B96EA1DB277D3D0A38C9063
:10586000D1A1192BAD224FF40C9987D28D57F9B4E1
:10587000F433EB3859B5B1DBB73284F7C5095BFABD
:105880007C00441BF0BC5CE5644A68FD665F737B8A
:105890002A78651AFCE3D6DD40179274DE7AA4F408
:1058A000E7C90111D98955B595D90789774E499628
:1058B0000FE9AB97147D11466949CCABD91A14B8DE
:1058C000B6D90CFF6CA05FB80EE82651880EAA0569
:1058D0004E0CD3BEA51F9E3D1E3ECAD06EFE7FFD60
:1058E00047DBE69D868FE1B8173FE5D1D0932E4781
:1058F000AF999E12972FDC0E84DC4E20FFFFFFFF36
:105900003AF322AFF800E5A50464CD5B6FE3ADE6A2
:1059100030701507B6F6732A67B8A4E7902DACE788
:1059200055839B6993017B6622570A61115B126262
:1059300044E520ACF71230BC49CBC74F624B136330
:10594000885CA3F2FEB173201F25E12176408A17FF
:10595000AB904C03E8DE10AF8A3789DCC3E4B86D46
:105960002185DA0BB836F0AF2992A4EB7C1A4FCB25
:10597000055A220CF738F3D85175EA63E71891C835
:10598000522FA9A7366EE36A346F9215DA3DB96ECD
:1059900032E72AC90A72682292BCC012B84ADB43B5
:1059A000578BD338AB1EE1217069CC6BDF267B713E
:1059B0006BD0BE061BED72FA41B96AC043DF565088
:1059C000C02A4A033D3E78D36C05B1D7DE53642E1E
:1059D0000653AA8D312F31DC96DC20C7896F78DE23
:1059E000796E2908030B9B4D5384A8E57CA312977D
:1059F00033DB8004B55B722CDB46E19AFD04ADCB52
:105A000084A1695280576C10D853EC5DAF3B8FFD79
:105A10007478E5D829F6713EF98D8A15E3F38CC7C1
:105A2000296D019853A1321807B117D9F7A5074F6F
:105A30001595895BED51E13E2701EEFC62CB337396
:105A40001CD0CB3F14B4B22232458937EA04B88D5A
:105A500069B2611A40D635988C378A36CAB0983107
:105A60005DD8203CCDD4308C6F72C4F9D71A9156D2
:105A70009240A56C19E4D49A3B400AD4E745FAD881
:105A8000C6CE9E5A790E334CB2D6CBD56DAE74F5D8
:105A90006839D8BF0EDD02B461C6E4EF1BDE82E2D6
:105AA0002BDC5374BF4A6630EC4178976C527A30E5
:105AB0005F59AD3AF719450357C982549FFA04CD8F
:105AC00049CA76E7167D51504CEAD9F17293D93E16
:105AD00017CACE0686C8B98756ECA31EC6E8928EB2
:105AE000064D95A6DDCF783A87996A48002213AD16
:105AF000F9ED545DC5BFFB300DEAC5FCC1BDD8DC76
:105B0000781FF989DE00F523AB1FAF84155167D4E8
:105B1000E732A408D0E7B6E19C5025415AF651C9B6
:105B2000A122CD846DF4185F0B93CB6D53AE39F089
:105B30002D7381A21225F56FC2C3153221DF392ED4
:105B400058BD84AE2004175B20E61D836BDBEB4F52
:105B500060FA85CFB851B63A40E1696873855289D9
:105B600044210B70C7E612029DE1C13A8973366782
:105B7000E83178E55D35EB08A9F7424CC70B1D5EAF
:105B80002C788E72DC08F5A74C2CAD4BCFC69C2927
:105B9000E26CAC5690FCB12942CA363882C4D25F5E
:105BA00033E9738CF17277CEFFD84017CCADD70EA6
:105BB000945C5B83D31D917B453D2C48B3AE381478
:105BC000A6CF4D7E363468037A7FA78FF0913DECE7
:105BD000408A538E8CAAF606020969CEC0CE564280
:105BE0007329DC73338877CD0B4C27ADE52B35AAB1
:105BF00053CA66D6F15D2C02C55F42425F007C83CA
:105C0000AC06A534FD90D14FB4DC84510F3C7550E7
:105C10004A3226D1569EC87E4402187E135EE13C6D
:105C2000C9108ECFA4F1A44E0F50607F6EA7294FEC
:105C300039D796C6F48450A199D116B6C6BF1002C2
:105C4000EC3E1580DA7230F8D8606168CE157B5B67
:105C50009395A5DF58A55DBA2E76E630FE0980F152
:105C6000DF3DB65B3AB4D4B94D708C7BFF9480FDB8
:105C700029B17991D3BADCB835EA0E54FBC8F6B530
:105C80009C1906E75CFCC3670E516A9449D00E2745
:105C9000D7DDD4EFB68BBF93215A69845C4188EB82
:105CA00066FD6699C74E24B7C62F6D9C1BD0CFCE1C
:105CB0001415ACDB77FD307D245BEC705D4170FD2D
:105CC000AE4A8F4A66FCCAB30ECD877F5A9F7832A0
:105CD000F9FEFB9E556F1D12404ECCB1721E3BBFAC
:105CE0002FCEA8B5F16E559D0F69E9A2CCF0F35304
:105CF000C87A4E99BFCED997414A25C457915E5074
:105D00008CF00CA1D08083BB6976B58CBC71DF961A
:105D10005A51EA6524864D29F0A1724BC2086D7E66
:105D200089F2048F87A5792110773D8EAABBD1A275
:105D300037542241E4677A20A3CFD18EA3D3D74F23
:105D40006D87EB1CE8041408EF82444874F6526C2B
:105D50005252C101F31F9345D64001076F7277631A
:105D600023416BEEE705DA1A51033DEB55E7D29973
:105D7000416001FECA577EB271613E489509726E5C
:105D8000AA66E160BCAC9533EDEF8A48C5D7DAA2CC
:105D9000886B73A04A5A706B3A780494A2C3D4D427
:105DA0007B7AFA03A29B9BB9A85948CC124F2F0FBC
:105DB00007F9EB86A35CCC22CFAA68BF7C470F63B0
:105DC0006F2A62149A36978A922F4E415CEE51D810
:105DD00072E94602DA2B156FE59A6F9941FE50F988
:105DE0003BCBF7125C0DD4B3ACED4B4E8A67DC02B3
:105DF0002B24594DE3FB9D2355668E74E3951BA020
:105E000084B125BF5600BDBA444A9B566CA9D89AA6
:105E10007297C879EFD479C488321CC716AE3CC5D6
:105E2000A5F3C23A69FA6AEF8A3BE67E05BBB986FA
:105E3000751524DCDD11C755DDA00D4894BAE81DA9
:105E400044805C294EBB673FEDA7A8ED7586FF82B5
:105E50008C9223186CD64998E27565595D968C1919
:105E6000273EA14547363E995D7457579DE9703CE2
:105E70001333E3924784FA3C9B756E2D1955526794
:105E800038CD8B59802CB8AF5EDE9F48A8F8BA7821
:105E90005EFA5102220F0C332ADA1556FCBE78D86E
:105EA000675D9C1717FF0747AD566AA3A9FC997E4B
:105EB00002EFAF57111934487FC44956FFC03476FA
:105EC000BBE689C7403FB69796ABBE54EC6E7128CF
:105ED000CD5C2FF995DC40FD7EFD7D594E01733F71
:105EE0004731AAA567323A3D51A65F22AF69D18FEB
:105EF000F0F450C20FD977AAE3BE566976F41A803F
:105F00005E47EF0837F6FF01CE3CA36F71DE545BAE
:105F1000D7EC8501FAD3FEC51DB6C07714DEA52CDB
:105F20001FBBA702F1F4102F4FD027D935A3D006FD
:105F30009E52F28391EC76AA69D93EC55EC8C72EFF
:105F4000C8918789E8C29F008F8FB99190A78AFF77
:105F5000A8140B8BC7541B37E3B2498738B21FA76D
:105F600052167E9EE9564F3B6E0D496050E35B3FF3
:105F700051D1FA11C9301A1A51E6C1AB95233EBE70
:105F8000E2DC927C24313EEAADA04AE451D05AC40E
:105F9000A89E88466A5874EBFA2BA1D2597E1962E2
:105FA000AF788181F6281CB8A7A9B1DCE4E80277B4
:105FB00013E88000835E1F219ABF487D28126E6619
:105FC000A20997CD875EE191BFEEC718EA7BDCC6D8
:105FD000CF0F9670155AFE525778439D82FC548914
:105FE000441A1A46992F92197B7A5793520DB64745
:105FF000463000097B45D61B5B0C7B16C3805DC514
:10600000F006A5B864C43D4FE740405DA2F2D7F664
:106010004E962403D7B1940EFCF4F493B254F708CF
:106020008911B74FC553A4BF4B030DD12AF1555168
:106030007453149F01E86F6E15F2B0DADC33705DB3
:10604000B538CF7CEAFD73F6761DDF5B74A86E79F8
:106050006EB04F98C32E37F7FC80989423F773697E
:106060007753A09A654C6FCB6DE658290A632716C3
:1060700092A189486DC04AACDEA23B1F7BF7F7F7BF
:106080001EFCDB88C5CE76A3F25A82799ECC8C505A
:10609000901FDA64EFE8EF666CC786BD3A7CDCFFE0
:1060A0009D7459DF16F966456758685780FBFAB644
:1060B000EB642E966FD883F9075BA52E2035FBD7AE
:1060C00059F7D1016290B3DE2B151523F6EE7EFC55
:1060D000314A29DD90D8EBD9181A6CBFFEFE7FFD3E
:1060E000B435DD9E4C4A2D8144961FB0F7EFFEFE7D
:1060F0000A5F22DF034D4012BFB9499DFFFFFFFF3A
:1061000060C1690D80041020EBA4CDE190245060A3
:10611000C20DDC0E8814112119D8898C9834516174
:10612000FE2621048105902229DA35499125D06285
:10613000BD6E220589159123B26D14479935D1633F
:1061400040400204C044122450604244D06452646F
:1061500048500305C854132558704345D8745365F7
:1061600041418206C14592265161C246D165D2663F
:1061700049518307C95593275971C347D975D367C7
:106180004E7DA9F7820C1828D2560B47922C5868DE
:106190007147AA6C8A1C192965474F059A3C5969B1
:1061A000B76B0AA0830D982A0B302995932DD86AD6
:1061B000B4FBABC98B1D992B32CA45C69B3DD96B2D
:1061C00042480A0CC24C1A2C52684A4CD26C5A6C87
:1061D0004A580B0DCA5C1B2D5A784B4DDA7C5B6D0F
:1061E00043498A0EC34D9A2E5369CA4ED36DDA6E57
:1061F0004B598B0FCB5D9B2F5B79CB4FDB7DDB6FDF
:10620000C76204168484303014A0605094A4707067
:10621000343127368C9431311CB061519CB471718A
:10622000495901118585B03215A1E05295A5F0724A
:10623000B513E6E18D95B1331DB1E1539DB5F17311
:1062400044C02214C4C4323454E06254D4E472749E
:106250004CD02315CCD433355CF06355DCF4737526
:1062600045C1A216C5C5B23655E1E256D5E5F2766E
:106270004DD1A317CDD5B3375DF1E357DDF5F377F6
:106280003E770998868C383816A8685896AC787886
:1062900057018C9E8E9C39391EB869599EBC7979FC
:1062A000AB1AC115878DB83A17A9E85A97ADF87A95
:1062B0008F8D2BD18F9DB93B1FB9E95B9FBDF97BBA
:1062C00046C82A1CC6CC3A3C56E86A5CD6EC7A7CB6
:1062D0004ED82B1DCEDC3B3D5EF86B5DDEFC7B7D3E
:1062E00047C9AA1EC7CDBA3E57E9EA5ED7EDFA7E86
:1062F0004FD9AB1FCFDDBB3F5FF9EB5FDFFDFB7F0E
:106300003445861AA00614A04805E782B02654E05A
:1063100048CA528CA81615A1F8752D7CB83655E1DF
:10632000EE614602A10794A21DCF31CDB127D4E280
:106330004B1386C1A91795A34117C5C3B937D5E338
:1063400060420684E04616A4706246C4F06656E4D5
:1063500068520785E85617A5787247C5F87657E55D
:1063600061438686E14796A67163C6C6F167D6E6A5
:1063700069538787E95797A77973C7C7F977D7E72D
:1063800042DE5005A20E1CA8322A4CC8B22E5CE890
:1063900052984616AA1E1DA93A3A4DC9BA3E5DE961
:1063A0005B2CEF08A30F9CAA332BCCCAB32FDCEADB
:1063B00011F92100AB1F9DAB3B3BCDCBBB3FDDEBD0
:1063C000624A0E8CE24E1EAC726A4ECCF26E5EECED
:1063D0006A5A0F8DEA5E1FAD7A7A4FCDFA7E5FED75
:1063E000634B8E8EE34F9EAE736BCECEF36FDEEEBD
:1063F0006B5B8F8FEB5F9FAF7B7BCFCFFB7FDFEF45
:10640000E3726C9FA48634B034A264D0B4A674F056
:10641000C0002599AC9635B13CB265D1BCB675F1DA
:1064200045426E9FA587B4B235A3E4D2B5A7F4F276
:10643000AF176AFEAD97B5B33DB3E5D3BDB7F5F37E
:1064400064C22694E4C636B474E266D4F4E676F404
:106450006CD22795ECD637B57CF267D5FCF677F58C
:1064600065C3A696E5C7B6B675E3E6D6F5E7F6F6D4
:106470006DD3A797EDD7B7B77DF3E7D7FDF7F7F75C
:10648000A61044DAA68E3CB836AA6CD8B6AE7CF814
:10649000E4068ED8AE9E3DB93EBA6DD9BEBE7DF93A
:1064A000C9404D9CA78FBCBA37ABECDAB7AFFCFA4A
:1064B000EFD89A96AF9FBDBB3FBBEDDBBFBFFDFBE7
:1064C00066CA2E9CE6CE3EBC76EA6EDCF6EE7EFC1C
:1064D0006EDA2F9DEEDE3FBD7EFA6FDDFEFE7FFDA4
:1064E00067CBAE9EE7CFBEBE77EBEEDEF7EFFEFEEC
:1064F0006FDBAF9FEFDFBFBF7FFBEFDFFFFFFFFF74
:1065000000000000800410201020404090245060C3
:10651000081001018814112118304141983451614B
:1065200001018002810590221121C0429125D06293
:1065300009118103891591231931C1439935D1631B
:1065400040400204C044122450604244D06452646B
:1065500048500305C854132558704345D8745365F3
:1065600041418206C14592265161C246D165D2663B
:1065700049518307C95593275971C347D975D367C3
:1065800002080808820C182812284848922C5868DB
:106590000A1809098A1C19291A3849499A3C596963
:1065A0000309880A830D982A1329C84A932DD86AAB
:1065B0000B19890B8B1D992B1B39C94B9B3DD96B33
:1065C00042480A0CC24C1A2C52684A4CD26C5A6C83
:1065D0004A580B0DCA5C1B2D5A784B4DDA7C5B6D0B
:1065E00043498A0EC34D9A2E5369CA4ED36DDA6E53
:1065F0004B598B0FCB5D9B2F5B79CB4FDB7DDB6FDB
:10660000048020108484303014A0605094A47070F2
:106610000C9021118C9431311CB061519CB471717A
:106620000581A0128585B03215A1E05295A5F072C2
:106630000D91A1138D95B1331DB1E1539DB5F1734A
:1066400044C02214C4C4323454E06254D4E472749A
:106650004CD02315CCD433355CF06355DCF4737522
:1066600045C1A216C5C5B23655E1E256D5E5F2766A
:106670004DD1A317CDD5B3375DF1E357DDF5F377F2
:1066800006882818868C383816A8685896AC78780A
:106690000E9829198E9C39391EB869599EBC797992
:1066A0000789A81A878DB83A17A9E85A97ADF87ADA
:1066B0000F99A91B8F9DB93B1FB9E95B9FBDF97B62
:1066C00046C82A1CC6CC3A3C56E86A5CD6EC7A7CB2
:1066D0004ED82B1DCEDC3B3D5EF86B5DDEFC7B7D3A
:1066E00047C9AA1EC7CDBA3E57E9EA5ED7EDFA7E82
:1066F0004FD9AB1FCFDDBB3F5FF9EB5FDFFDFB7F0A
:1067000020020480A00614A0302244C0B02654E029
:1067100028120581A81615A1383245C1B83655E1B1
:1067200021038482A10794A23123C4C2B127D4E2F9
:1067300029138583A91795A33933C5C3B937D5E381
:1067400060420684E04616A4706246C4F06656E4D1
:1067500068520785E85617A5787247C5F87657E559
:1067600061438686E14796A67163C6C6F167D6E6A1
:1067700069538787E95797A77973C7C7F977D7E729
:10678000220A0C88A20E1CA8322A4CC8B22E5CE841
:106790002A1A0D89AA1E1DA93A3A4DC9BA3E5DE9C9
:1067A000230B8C8AA30F9CAA332BCCCAB32FDCEA11
:1067B0002B1B8D8BAB1F9DAB3B3BCDCBBB3FDDEB99
:1067C000624A0E8CE24E1EAC726A4ECCF26E5EECE9
:1067D0006A5A0F8DEA5E1FAD7A7A4FCDFA7E5FED71
:1067E000634B8E8EE34F9EAE736BCECEF36FDEEEB9
:1067F0006B5B8F8FEB5F9FAF7B7BCFCFFB7FDFEF41
:1068000024822490A48634B034A264D0B4A674F058
:106810002C922591AC9635B13CB265D1BCB675F1E0
:106820002583A492A587B4B235A3E4D2B5A7F4F228
:106830002D93A593AD97B5B33DB3E5D3BDB7F5F3B0
:1068400064C22694E4C636B474E266D4F4E676F400
:106850006CD22795ECD637B57CF267D5FCF677F588
:1068600065C3A696E5C7B6B675E3E6D6F5E7F6F6D0
:106870006DD3A797EDD7B7B77DF3E7D7FDF7F7F758
:10688000268A2C98A68E3CB836AA6CD8B6AE7CF870
:106890002E9A2D99AE9E3DB93EBA6DD9BEBE7DF9F8
:1068A000278BAC9AA78FBCBA37ABECDAB7AFFCFA40
:1068B0002F9BAD9BAF9FBDBB3FBBEDDBBFBFFDFBC8
:1068C00066CA2E9CE6CE3EBC76EA6EDCF6EE7EFC18
:1068D0006EDA2F9DEEDE3FBD7EFA6FDDFEFE7FFDA0
:1068E00067CBAE9EE7CFBEBE77EBEEDEF7EFFEFEE8
:1068F0006FDBAF9FEFDFBFBF7FFBEFDFFFFF0E233D
:10690000FB7F680DB8FBE543AAD1E3802446D2FAA9
:106910006841120CB0EEBD2CB843E2C22C56AA203E
:10692000FE7FAEDD7A87D9382311D8ED8FDA71FD7D
:10693000723620BCF6287A6757C24D02355A0FDCF2
:1069400078BE93F940033C3A6AE824B803E0F73E86
:10695000CD6DE84102891568FB129D4318122790FE
:106960006849A68DBAB68320C1A6406CACE1731EFF
:1069700073E1D8A8C957974B156A6206D089D35AD4
:1069800095FB8C95B9B0F34C4B27ADE32BB2AB65BF
:10699000F33FA876776AEE3986CBCDE429DE7DEA2F
:1069A000D0FA0407BBE334276B3D28CBCDCFDCEF17
:1069B000560B64AA312C38D4638982E404C73012A0
:1069C000E636A94D1686E9836A92E641ADE8FB06F4
:1069D00099AB8790F2B2B7203C3D6F21E66623C2A7
:1069E000D4BA0E53CECFD3A7FFFA8BD3B3B5842C32
:1069F000337E72003653928061EA8EF05303A9C051
:106A00003CB0E6BF848034D46DD3ECD90483D1AFDD
:106A1000729705AE737CCDFCD4C2C08E21EF02719B
:106A2000A5F3C238BD7B1C3F352BC45421C70FCE04
:106A30005691A753749D544CA9D31E555DB16B8ECE
:106A4000E8E4DD19FA88BFC2EF4CD515298A042B7A
:106A5000A0AFF9C8415096E9F11E826AE10F75783E
:106A60003EE603A98DFD539933507FAB62AC85762A
:106A70002EF5CBF485F5B5BA24D561DD1177B48D4B
:106A8000A0B3395A160E6BDE5C1C9D5784AD5C2496
:106A90003667DC7AF09BD07DC04B5A5F3398FBB3EE
:106AA000879E55BBBD6F147BA3D64B8E2CE36587A9
:106AB000F4BD08C4186E3DB6D7DF48840EDFF71961
:106AC000387DDFBF6F4E7DC60B8A95F1168FAACD3C
:106AD0001EFC8EE2F0DD3D10F28EA1D5A0B9F9F7D3
:106AE000953ACCBEFFADFE7CDAAE341FA9BD0FEDEA
:106AF00094D92995F5CCF63920710EF9C49F3AF551
:106B000018FD1E6D1B22964A9406E59FEEC4506543
:106B10005614F4528E7BB6242E50254463368C9C3A
:106B2000F5FD7D738D65FCAF85417B3F21C96D1DF2
:106B30005714245CBB176A0E47352440966D607F5E
:106B4000F03C8BE668AE1EE64AF10F5BFC8E5EA958
:106B5000843DD9D865396B0AE58D550838144AA7A4
:106B60009A3C8879598B90ABDD4723600E9BD6DB2E
:106B70008A77052FE339E1081B731A86414BE41429
:106B8000966881FEDABECCE939D9C0C5722A901563
:106B9000916A8D9FF51BBC769A30C1A7DAE60AE4AC
:106BA0009A7B0C955E4169F64A0C6D65828BCCAB85
:106BB000BB68AF2A1F7D6230DE55ACCF40187C1415
:106BC0007C2872F36EBF57558D08B9A94A9129ECFC
:106BD000B9B42B80940BF4F57B5EEE125C4546AFA6
:106BE000031AEF83BD1B0C234B2133D2CE94D8AEB6
:106BF000907C2E70B2E33A50CF19F3B0C3BA621E44
:106C000090C5856FF281DFD480C0E6FA70762AB134
:106C1000CB1076A82CA4CAB788CDC69007073C5ED7
:106C2000455B919F9DA3DFBDD15C11DDA3F31F3AAE
:106C3000150D813EA35E1442054D49BFB393835C9D
:106C400039A00299AE33974BF8C6E45E7346D7A6D7
:106C50006DA44C9AA4C67FCD36E798D4030A77403A
:106C60009EE40769DB923B406E8127B4953799FB20
:106C7000EDE1836AF19EFFEF45FB651D600FF7B5FF
:106C800076BB8D39590C75A20E55EE4212CC8F9DF4
:106C90008EE84FB390E682E275CBCC0FA6DC8A9CDF
:106CA0001FBB4E359F3E1F65ADC932DC8F8B7E52B8
:106CB000BF619EEFAFBB1C64AF45107A8740D9041B
:106CC00070A84E59FA76BC36B9884D9CCE2B837D80
:106CD00065FEC6E4A4CB1FB07A783C2FAC839455F4
:106CE00019CD4F1DFCAD7FDC53A01354961CBB2364
:106CF00036C9CB606FDC51A4BF9810DBDF66CC0ACD
:106D0000BAFE10CD10EB2720DA67A1B6C921850C99
:106D10001A9AFADC3F44E549A70144EEE5CBD3FBE0
:106D2000C163CFFFB651608AEE53169D557BDE7C62
:106D3000C9721FFC49E5078E914FAB6B844B7206FD
:106D400041C4AB2EEA944E8FB60261C4D13871545F
:106D500093D25031A88CD52800E0C16F8896FF618E
:106D60001B61212AB94972D9E503A347B1BDEFEDF3
:106D70008933720D25CA7A283F13E097130AF0076A
:106D8000B1EA85B58FFDBB686C69CA822DCEDAF297
:106D9000E9EB408480EF58F4AD713E495081F860D2
:106DA000E4FACD97B1333B8BDC4BE938F94F236CD8
:106DB000754C6253DD587243DB5BC6099D46B26475
:106DC00002CA5928D84EA9A702C0564F691C5E6551
:106DD0004BDCA227F05E5BA0BC9AE7C6519C476BD8
:106DE000832BDD04E3C79B8C836148D45112BB6ABB
:106DF00011192823AB855D201B9B49D59010B865E0
:106E0000C4E3C1B0DB91361DA0C29B1277E46C765F
:106E1000346FC8F9B4A9CE37FD94E3CBE493907EE8
:106E20008B03E3095407E3BB29E8E6D9DE3293621A
:106E3000A10EA272C6F010E0DAD35E08B149D37396
:106E400024184D56BCE0D3326C7FE0CE1E59D37D62
:106E5000774E2017B42B44751E722C1986F0D0344F
:106E6000793D2FE08EA81153C983345C5367A1EF9D
:106E70002D09DE550DFB69CA650F4F5A1D9641FE5F
:106E8000665859157DF30B5816932DCDDF2E2BDC4C
:106E90003609C0604A5682C6123C0A0F79C6AF73E3
:106EA0002D59F41B2CCAB6E61996ED8F57CBC6C7E1
:106EB00019FBC214EF45D0E621F18254DD3FAAC090
:106EC0007E14290C9EC893C3A96A3945C6B0591EC1
:106ED000CE3AAB5C4E80184DC09ABD55C6E8F9E776
:106EE00087AAA19507AE08B76F7668C4B7398473CF
:106EF0002F01905DAF0586B45A7BB8B9420DDB70A7
:106F000079BFA17FC0D24BAD08F6C94D3014D6DA97
:106F100020168D661BF431A7C34D2D4954A9A43703
:106F20001F4F0974FFE59027D6DC2514C2A37D39D5
:106F300013E098C1E2C8938E47633060F1A657D939
:106F4000BBC6AFAE5424E9C196E6E3B788413544E9
:106F5000B3D0542E47B4BB58783203387C0836F58A
:106F60003B4125AAD9C5C57C136B334089432BED22
:106F7000A931768D9125153D63F392CCA17A557D8B
:106F80009A540F7BCD2EBDE8BED94168434CAB8DE2
:106F9000E0C7AC80E189BECCA5C7DFCFA75CEA8C97
:106FA000E379198C9F4E7DACBA28EC118BD05E70C2
:106FB000A99F64ABD39DCE02354B6C5483D003B6EE
:106FC000E5C85D3545ACE177244A088F6F9EDDE367
:106FD000ECDEA6A7553E5BAB815DEE326A013EEF6B
:106FE000A329D984E7CB2A1813A2E5C3479F86E1DA
:106FF00069B90F5CA040FC8F97F99C46709F87E9A8
:10700000A4B0DBFCDCA1C9BFB49090DF74C04A8D92
:107010004A70D26C57B1944E87036C7EBD32DCDB74
:107020001F1C5B1FC55F8DBF23E70F9A52C922F853
:10703000EDF04433F697CE533131B621E73756DFC2
:10704000DC6FDF62A4249A3F2EE3C5B1943E077F34
:107050000C0A0CD7F6C662BC0DB5E54FE6B622FEAB
:107060005E5DA594E125924B4F01E0FB7105D20BCB
:10707000550FA487ECA894D71C9139D13D75B00465
:10708000AB89506D668AF0BE0E5BCF986D2C2F1CBD
:1070900051622DDB511C6E50B4492804FE3C2E0277
:1070A0002E0F0900ECE71D4B05954F7B77CD0DF0BA
:1070B000175EAB9697234A4669EA06737FDDAAF10D
:1070C000A6A925175DBE36B73D7DCF0ACE8E3AFA0A
:1070D000AEB92416B4FE9CD89C982FD2867C2C6422
:1070E00065292E5EE24DEDC73FDA6C44BC829DFD02
:1070F0006E392D05CF9342361F2330D2A5EF5CBEEB
:1071000060D4320DF8864B7489C030462722A7CD53
:1071100068C4730C5D521727544CE2CCAF32A223E3
:107120005905887CF943D66EDB8D6144C5A1714950
:1071300051700329C287D12C79E5F34C65B05C9E70
:107140003FC4AD19FE1514292E30EE49E8E6A76BB1
:1071500003D4A2B6F0D6F22A262445484B508F26F7
:10716000FE318A0F9705DE642F306E4B651A712849
:1071700071AF2F0A7DB714F682F5662E89759B6173
:10718000996A8AC2E2D4DA2572FC3A47F05CADEE25
:107190004664AA12C1C1B8AF4378EE2C844EA62B28
:1071A000D2EB690C9B24152C73FDD947936DDC42FF
:1071B000037F0BC19B9FCAF123D1C004A340DF46CC
:1071C000229DEC4E9B621C61401AA1089FD2DA0CF2
:1071D00074F90D00F2B2B7209A1BB621A4D9F7605A
:1071E000FB0D8BFEAAC93B956D8BA8B7B3A45F635B
:1071F0009C3B7C6A27C62EB9BC8ACED2A5CD7762CD
:107200002484AD73BE77123658AEC13C90DD511068
:10721000F412662973E7135DD4BCC0AE23C4317A7F
:107220006C7B931AC91611B0F261F45455C3BC8239
:10723000CDF7A1176AD5B51BB134C35E3637AA03A3
:107240007C7D83CBBB4CD7B7EC626195608689D2DD
:107250007469828AF7369F8862B1025194F18F3641
:10726000F1A35D543A41138D6BA52056079F38D585
:10727000F9B32EE1B513C72C3FF3E2054DB20AD1A5
:1072800086CF06069908998B91DAEA72AE53D475C7
:107290006E4C6014057C3D1189BA21D4809BD88640
:1072A0007C61A155BF731437B64BEE71084DFC528B
:1072B000BB1D0C1C92EE9BBB7F6D9B542BDF84701F
:1072C0007D56290CF5489F22BA9B6FFA8496B01F11
:1072D00036FFD612F63297307E1282754E7E28A681
:1072E00087ABD0C3BC491B38DD9AA3D7DFE885F74D
:1072F0007178AD1223460EA945FB7957E7CC5A8029
:1073000029E037A8989414AA50F601CDF9D852ADC7
:1073100064E8A47E90F657A774C898CE80D753CC63
:10732000992427846085D331CE0465C43754FEA0E8
:107330009D710749E291D5AC8D4C666EF0C9D3EED4
:107340005885DC59E87FFF8C93914FD68ED7FAE9A8
:10735000275FA61AA06711E8C0172785AAE531485C
:107360000283F080FB4554A2B10140848FD3594B76
:10737000DD317CE20C24921107752EC82DE4BDEF9F
:10738000A855AFEDC2D31FA5AB4A00CE2DAAF5F28A
:1073900024788F430BFCFCAF24D8CFE3E53FDDA975
:1073A0009CE90E40E90E1E107F256D6B5FB1DD6A12
:1073B000229F2474E08D3EEA9F5932CDE43F206144
:1073C0005AB4A281D93E9EB3208A48E1B71D386ADB
:1073D000145D092D8B9E19B641E4B8DFFA3E03EB2C
:1073E0009CCF2F77DD0EFFAACC2C1031E91CB4689E
:1073F000DD28A5CD5A29FF50BB194F8DB01A7E70DC
:107400000493F1FCDA27B69AD820372A34E71DEB2B
:1074100051102E0EF8D1EBB9776EC457F3AFD420CC
:10742000E1DDAA8CC3E54B1F0D31E6D4A7C103F4FF
:10743000EDF14C952DD68C1E3DF3A1D542905422F2
:10744000B3B085F1ECF3C33DF266C70F943E0DF97E
:10745000F4C305B4FC5292C394CE61D8C48674B50B
:107460001DD28CB7C55536BC4F014AD9211979B404
:10747000E1F72246524C46F51D7742D1D98A756D07
:10748000EC378D91F20A9D4B7D38CDD1C92AD3E5D9
:10749000E4224EB9257E39910608655BA53C268914
:1074A000A61B0F9C9F7110B7B129AB4908DFF4F3FD
:1074B00057998F36B11B1C420539BE9D874051F646
:1074C00006030191DE7F3DDE3E76935AEC8CB43F9D
:1074D0000E13489011212D701CF86E5FC67ADA7178
:1074E0003FCF87AABEF55B3F77958FDA086DAD97E2
:1074F000119E0392BD2048FD93842517530F7F5999
:10750000D0FFE18654F73262A1BBBD4BC057720C6D
:1075100077940D3CD7FC939B5F566001A69C57BCAB
:1075200001FF619DBDF3E3CB91029159F784D370C4
:10753000AEBD5530A8777A9B2D6943D95DC492635F
:107540000A40E9AEF360901EABE4F244D43873A471
:10755000FA260528F417F8463821584880E4D1AFB8
:10756000813FAE1DB4272D648A1CBD106E15D6BE9A
:107570002BD526DFF3E978644B7538418717240251
:1075800025A0D8EB37ADAC2B8A4A6B08B484132AFC
:10759000227A84A4DE2DB8964C5A68095A5F9B2B38
:1075A000B84B29F74333838727714AB028083179CC
:1075B000598AEFF4B5BDB7B42F614BF12361594639
:1075C00062932EB3022F93D35CA0EBCF3EE8FB6314
:1075D000149D69F867B2942BE048BC32FB8C3B6287
:1075E0001849B54DF9F107D35393F949DB6558D4E0
:1075F0009D67ED4D80803AA91A0FA9B0FB60320C4F
:10760000A729CB03E224873657248BBFCD9295DB85
:10761000A017DE9C8310C50B6434DC059C4F987E5C
:107620007B3422DDCA8F119D757870AFEDA110F308
:10763000766A5666EDC490A87D6871AECFAF020E33
:107640004A0851ED58A6C551801E0142EC1ADE1AB7
:1076500046544043E38E86A9C374CA885F70D072D3
:107660001A4BA43BFD3A6B4BC21266DD1587D77EE1
:107670008DB275A80DD129752273AA4DBD2D69FA59
:10768000D7A6122D18750B7A6E086868C84E7CFD57
:10769000CE8947116F1E763556BD0ACBA643FA74C4
:1076A00056A3C674BBDDBCB12FEE2AC86A835B74D7
:1076B000881B4E77B76E933D673BB2136439DA840B
:1076C000752AA8B4FA0BB8066E06C651AECB19607F
:1076D0002E893810CE1BD25E046E17F29577DA76BB
:1076E0000AABD2E1B2AF45E5AA6D4FDCAFEFD2787D
:1076F0001C275E1328AE9DE9FF09961D5FDA5A74B8
:107700001EA702CDC0573DAD2A406540D0FB7FED9E
:107710004070F2C3B074677E02B01ED584128C1C18
:107720000BC1257DB6F8160A73C16C5A4C47EEA002
:107730002BE359D0F3FFED0C41CE851C96CD3C7A5E
:107740003C2C22F1E0C4457E899305E46599BFA7EE
:107750003E6865706835EF3028728FBC3CF40CF1E0
:10776000B76DE033D9D586AEB149C66D2020D81BA0
:10777000BF6DE1C5396CB9A12D342EE481F584E8E3
:1077800081A3D49B02FE713BF2049635ECCC586D7C
:10779000BDE5ECEAF3BCF80FBA3869CFC286B68D06
:1077A00000BE65C994096FC62B3ACA37A4DC584796
:1077B000D06951D8FFF08F6670746CC293385CAF9B
:1077C000F9162A77A93BBF732BC88861CA91DC568A
:1077D000DBC1F2866AD5CBEE7309656CF27AA2E260
:1077E00043B78ECC572D61EC23E308C4D20D51185A
:1077F000EB3887894CFA1D35438426CC6BFD8C14FD
:107800001E05DB1D6A3995BB0CE5A630EA12A45BA8
:10781000523ACE72D223FD281DD044D890D49ED2A5
:10782000822F4FA12476D2267DD7666863A776186B
:107830009A3F8166FC95E9F1608C080C8744D75E1D
:107840005CBDA799ECD6E2F7489C9D79F162D71808
:1078500057568EE30BB8E1BD4252052ADCEAF56FBC
:107860005AF33429426239CB21D3192956161D3DCA
:107870009294949069531ED98677461D1C9597085B
:10788000F6AE53D89AAAD77B33DD5F98E6E9B6DB2C
:1078900049E50EE9F2FC5520FA70D678043A889B47
:1078A000FC8BAACF003A3E409CECE206FF37CF3F6C
:1078B000F08B5AD9D1375C140748C706E6891850AF
:1078C000DC55918E26AD8C35CB6ECB5E8E6C2DCA81
:1078D00048B76C9351AE1F65005B8E7E7E18E3BC8B
:1078E000DD580DC1A7939F6C498686FDCF5F01F1DE
:1078F00057242C92F75742362F08CDDB6FDBFFFF62
:107900003AF376AFD280B501C3D336E0D2552D69B4
:1079100068C8240C649616AC268D83415852B5E095
:10792000D685254F8900960F1923542CD162E3E6A2
:1079300011F860AC49732725278D03439D6AB36313
:107940009B420451C854E7D2369143842B4054499A
:10795000445E819F664A788A0992674381982E1E09
:10796000263EA346B961942B31B9EBEB2B9DBFDDCD
:107970005533852A132711ED9311624CB89D2FAA18
:107980000A7B0964C8B8BB4D1A24CAD2524E58604B
:107990006AC02004F4F49B63AE4B3746E74D206089
:1079A00065718BF33EEF0CC18F5ABE45465EA9E868
:1079B00074268849337F6A4E7B68A809D94EA46231
:1079C000D8B9740FDAAE3EF8D2094C4AACBC4AA121
:1079D000D7DCE0FE984771D9A7944B2365802696A3
:1079E0001D09E8BB1352B4BA1CF56B71ADBCDCB712
:1079F0002B81A2026B4317223BBD6642BA9527A298
:107A00003C7FD51C0000995E6A008B7386A5ADF3A0
:107A100033A180EE343AB31B577FC0525CD6117944
:107A20003DFE211FE54115704B05A854952151CD10
:107A30003634569869771D4E1DB5617319B1B35C24
:107A40003A7DADB964D714503424C71651A393D2EC
:107A50009CA0A30A5B2BFB96A78AA155BA50983627
:107A600093528CBB71E21E3B69F26FA00116DCFBE6
:107A70007365C2136DC6D1533D306D58318699D1AF
:107A800054B5C35CFE8253973C783467CFAB9DA757
:107A9000AAFADA7C39E53F82659FC8E6906CD8E6A1
:107AA0005D3ADEB55DA940C3776D095796DB077C6B
:107AB00037622A16B07535E6B32AC3C62BDF85D4E4
:107AC000278832B872EB9BE3E2B6C930029F5CF5BF
:107AD0009ACB110E9CDB9758657680F6C4FEE9754B
:107AE000956D62FDE17C3E9A68660195F70713FD8E
:107AF00049702B637BBFCF806195097F5DEE993C18
:107B00007F79DD7D98FD990D0C723F43F0A2F1BBAA
:107B10001723A47EF88C138CD9B0168847B2F45E74
:107B20000E59711EF59C2B0F6A90C249A3D80961AA
:107B300012B672859F15DD7F633266827955B5EB8B
:107B40001EEA6DC71F61B75595E041898B6EB35B27
:107B500052A13D284C34E0C018B6AEC8AAF27CB899
:107B600041B2A8A61E5C123249EDC7452CC3BD8C9C
:107B70003C144DFED16B6CE59C8C458DC7C7F50A56
:107B80002C7AADD70E8BC9CA52EE9DC575453551BD
:107B90008A747B26129AB42A449BA4CAF84F20E028
:107BA0009769F025CAE41EE04D8B60C7ABBA3593E8
:107BB0008F797AEE6B79B5A36B4C8546FBBB78B0B9
:107BC0002A76E7BF3D5FC26F4808D8137729BF4ABE
:107BD000BDEE64853A59B3C8CE05EC199CCEB46E9F
:107BE000A328EB25C5EA1A0A13BBA8C1A59CB46358
:107BF0003960B2CDD3A057CCA588FCF2C5DBFD021D
:107C0000DB40854F5E8EC97F520267FB14DC025F4A
:107C10009300254C92EB1461C3C147477C4AC37C57
:107C2000E57A33FC9BFE95F099D0CE6411570BFD9D
:107C30004F5FA4A30113107690CC7891DDCA67FC46
:107C400088B10832243B7EC875607D50D2575821D8
:107C50004C38CED6B7D640B57F8152BBD189EE78AD
:107C600031B0841F5A880B092F6A45D225D8D8B75E
:107C700077D1359F2DD37BF51FF2E67783530A9B8F
:107C80001C15D313B471E13B0A99EC78024C58FEF1
:107C90002EE5456AA64AD400FA70D6DFD19EDCB93B
:107CA00055155B9E580B1DBA9CECE206FC70FAD78A
:107CB00051265838B70A54C2F7C9EBF6B3B182FB64
:107CC00023B9003ADA09D77F4C687558912E7D5157
:107CD000087AD8F32EDAF340817874594683949960
:107CE000333447DD9830C9BE0F034413270FA2BCBD
:107CF000D048C8427A204AEC470560293F9D5BF78F
:107D0000D7F12620B77C90C0DA1D460D701B2F607E
:107D10005172BE5AF7663FBE87416248A094F02276
:107D200021AD02B8BF68F8BB99E1DAEF01A7D732FD
:107D3000096EE90E54B5FA499B42B4EAC93581652A
:107D400050401602C04412248B404411D064526447
:107D50008C807D01C8541325980B5807D87453653F
:107D60000A0E2364C1459226361EE386D165D2668B
:107D70004BD3D07BC95593272396E741D975D36759
:107D8000103AE34C528833750DC850E5D94BF9973A
:107D9000AE7ABA6CDAFEB58420DAE5469AFC57680A
:107DA00039B9D9A5E3D5F58743AD69B9534B10EC83
:107DB00033EA0D1FDFFF1BE11D9949479B1D5BF156
:107DC0007AB3790CC24C1A2C1EB0EB4FD26C5A6CA1
:107DD000F5CA57D0CA5C1B2D031A6ABDDA7C5B6DED
:107DE000834D1062C34D9A2E6BF848F4D36DDA6E52
:107DF00029598A6FCB5D9B2F3BB80142DB7DDB6F3E
:107E000083E1D5ED0491BF324853EC5DA83ACF250C
:107E100008B45E11E48AF7C5A8D29634A74971AABE
:107E20001AE1ACE932843D3E6E8641EDED5D85C9D7
:107E30009D6CA1C86BE75A95254E5C11BE31D28C62
:107E400008BC4134C4C432346DE0465DD4E472747D
:107E5000765228CCCCD433351AED7F45DCF47375DB
:107E60003D45F164C5C5B236DB518EC4D5E5F27629
:107E700035F5DC37CDD5B337DFE0EF17DDF5F37738
:107E8000460C9CAEB9BD99972E49833C56CF5CA752
:107E900032560B14F0AB529CDEDA1754B6DE7F5428
:107EA000B869EC58E5FF53FFD7B804072CEF5987A2
:107EB00083EB42188E6E5977E49E48A47C8D08C4EB
:107EC0009DC82C49C6CC3A3CD6E96A5CD6EC7A7C93
:107ED0002E190896CEDC3B3D5EF86B5DDEFC7B7DAB
:107EE00020B68B0EC7CDBA3E57E9EA5ED7EDFA7ED3
:107EF0004B3B2B8FCFDDBB3F5FF9EB5FDFFDFB7FA4
:107F0000842FBBDDF364F680A050FB9F0C4434B09B
:107F1000906F038C90944648C75CC83778509D3763
:107F2000770433C0E485D30A51E20ECF4E55FA3DB3
:107F30005DD3C798697137A7718E7081B1B7E6516B
:107F4000BF422279E04616A49CF04ECCF06656E47F
:107F50009776854FE85617A5B880EF84F87657E5F1
:107F600001B50BE0E14796A6F3E77FCEF167D6E6D1
:107F70003A3165A7E95797A719AB1CCAF977D7E734
:107F8000306CFBB5A45091CA0A97ED170ACE40EEAB
:107F90004AC2BACBD2609F336E5470C0DAEA236211
:107FA0008F958D9A088A0F95874999C379879CE5A3
:107FB000133D8EEB35FDB9A82855CBC66BDDF9A96D
:107FC00021CEA743E24E1EAC221C12CFF26E5EEC15
:107FD00015DEA6B5EA5E1FADFE5A690DFA7E5FEDAD
:107FE000039FC783E34F9EAE3673ECDDF36FDEEE87
:107FF000AB260689EB5F9FAFBB88078DFB7FDFEF6A
:108000004443EE9DC588E4C48926C5238A441629C5
:10801000CB524F64441C176744BF71D5C4B2958ED0
:10802000DAF086FE827628A08E41482FCED485597C
:108030007D17DE47D2BDCB76CB31EE750C5576FE83
:10804000041AFE99E4C636B474E266D4F4E676F413
:108050000C0AF398ECD637B57CF267D5FCF677F5C9
:1080600005028599E5C7B6B675E3E6D6F5E7F6F6F7
:108070000D126398EDD7B7B77DF3E7D7FDF7F7F7A4
:10808000E6E9BB9BD486D81F8B48489A496CDD270C
:10809000EEF85394AFA8C5BAC9D81A0042B8FF3356
:1080A0001F0A459996CF582F49146E30374F03B8A1
:1080B000D4BC0C9D2F8F3EB5E0C1CE5BA7DDDC4B61
:1080C000F6487D62E6CE3EBC76EA6EDCF6EE7EFCDD
:1080D000AA0A719CEEDE3FBD7EFA6FDDFEFE7FFDDB
:1080E0005F34A0FCE7CFBEBE77EBEEDEF7EFFEFE1F
:1080F00057D7D09FEFDFBFBF7FFBEFDFFFFFFFFF53
:1081000000000000800410201020404090245060A7
:10811000081001018814112118304141983451612F
:1081200001018002810590221121C0429125D06277
:1081300009118103891591231931C1439935D163FF
:1081400040400204C044122450604244D06452644F
:1081500048500305C854132558704345D8745365D7
:1081600041418206C14592265161C246D165D2661F
:1081700049518307C95593275971C347D975D367A7
:1081800002080808820C182812284848922C5868BF
:108190000A1809098A1C19291A3849499A3C596947
:1081A0000309880A830D982A1329C84A932DD86A8F
:1081B0000B19890B8B1D992B1B39C94B9B3DD96B17
:1081C00042480A0CC24C1A2C52684A4CD26C5A6C67
:1081D0004A580B0DCA5C1B2D5A784B4DDA7C5B6DEF
:1081E00043498A0EC34D9A2E5369CA4ED36DDA6E37
:1081F0004B598B0FCB5D9B2F5B79CB4FDB7DDB6FBF
:10820000048020108484303014A0605094A47070D6
:108210000C9021118C9431311CB061519CB471715E
:108220000581A0128585B03215A1E05295A5F072A6
:108230000D91A1138D95B1331DB1E1539DB5F1732E
:1082400044C02214C4C4323454E06254D4E472747E
:108250004CD02315CCD433355CF06355DCF4737506
:1082600045C1A216C5C5B23655E1E256D5E5F2764E
:108270004DD1A317CDD5B3375DF1E357DDF5F377D6
:1082800006882818868C383816A8685896AC7878EE
:108290000E9829198E9C39391EB869599EBC797976
:1082A0000789A81A878DB83A17A9E85A97ADF87ABE
:1082B0000F99A91B8F9DB93B1FB9E95B9FBDF97B46
:1082C00046C82A1CC6CC3A3C56E86A5CD6EC7A7C96
:1082D0004ED82B1DCEDC3B3D5EF86B5DDEFC7B7D1E
:1082E00047C9AA1EC7CDBA3E57E9EA5ED7EDFA7E66
:1082F0004FD9AB1FCFDDBB3F5FF9EB5FDFFDFB7FEE
:1083000020020480A00614A0302244C0B02654E00D
:1083100028120581A81615A1383245C1B83655E195
:1083200021038482A10794A23123C4C2B127D4E2DD
:1083300029138583A91795A33933C5C3B937D5E365
:1083400060420684E04616A4706246C4F06656E4B5
:1083500068520785E85617A5787247C5F87657E53D
:1083600061438686E14796A67163C6C6F167D6E685
:1083700069538787E95797A77973C7C7F977D7E70D
:10838000220A0C88A20E1CA8322A4CC8B22E5CE825
:108390002A1A0D89AA1E1DA93A3A4DC9BA3E5DE9AD
:1083A000230B8C8AA30F9CAA332BCCCAB32FDCEAF5
:1083B0002B1B8D8BAB1F9DAB3B3BCDCBBB3FDDEB7D
:1083C000624A0E8CE24E1EAC726A4ECCF26E5EECCD
:1083D0006A5A0F8DEA5E1FAD7A7A4FCDFA7E5FED55
:1083E000634B8E8EE34F9EAE736BCECEF36FDEEE9D
:1083F0006B5B8F8FEB5F9FAF7B7BCFCFFB7FDFEF25
:1084000024822490A48634B034A264D0B4A674F03C
:108410002C922591AC9635B13CB265D1BCB675F1C4
:108420002583A492A587B4B235A3E4D2B5A7F4F20C
:108430002D93A593AD97B5B33DB3E5D3BDB7F5F394
:1084400064C22694E4C636B474E266D4F4E676F4E4
:108450006CD22795ECD637B57CF267D5FCF677F56C
:1084600065C3A696E5C7B6B675E3E6D6F5E7F6F6B4
:108470006DD3A797EDD7B7B77DF3E7D7FDF7F7F73C
:10848000268A2C98A68E3CB836AA6CD8B6AE7CF854
:108490002E9A2D99AE9E3DB93EBA6DD9BEBE7DF9DC
:1084A000278BAC9AA78FBCBA37ABECDAB7AFFCFA24
:1084B0002F9BAD9BAF9FBDBB3FBBEDDBBFBFFDFBAC
:1084C00066CA2E9CE6CE3EBC76EA6EDCF6EE7EFCFC
:1084D0006EDA2F9DEEDE3FBD7EFA6FDDFEFE7FFD84
:1084E00067CBAE9EE7CFBEBE77EBEEDEF7EFFEFECC
:1084F0006FDBAF9FEFDFBFBF7FFBEFDFFFFFFFFF54
:1085000000000000800410201020404090245060A3
:10851000081001018814112118304141983451612B
:1085200001018002810590221121C0429125D06273
:1085300009118103891591231931C1439935D163FB
:1085400040400204C044122450604244D06452644B
:1085500048500305C854132558704345D8745365D3
:1085600041418206C14592265161C246D165D2661B
:1085700049518307C95593275971C347D975D367A3
:1085800002080808820C182812284848922C5868BB
:108590000A1809098A1C19291A3849499A3C596943
:1085A0000309880A830D982A1329C84A932DD86A8B
:1085B0000B19890B8B1D992B1B39C94B9B3DD96B13
:1085C00042480A0CC24C1A2C52684A4CD26C5A6C63
:1085D0004A580B0DCA5C1B2D5A784B4DDA7C5B6DEB
:1085E00043498A0EC34D9A2E5369CA4ED36DDA6E33
:1085F0004B598B0FCB5D9B2F5B79CB4FDB7DDB6FBB
:10860000048020108484303014A0605094A47070D2
:108610000C9021118C9431311CB061519CB471715A
:108620000581A0128585B03215A1E05295A5F072A2
:108630000D91A1138D95B1331DB1E1539DB5F1732A
:1086400044C02214C4C4323454E06254D4E472747A
:108650004CD02315CCD433355CF06355DCF4737502
:1086600045C1A216C5C5B23655E1E256D5E5F2764A
:108670004DD1A317CDD5B3375DF1E357DDF5F377D2
:1086800006882818868C383816A8685896AC7878EA
:108690000E9829198E9C39391EB869599EBC797972
:1086A0000789A81A878DB83A17A9E85A97ADF87ABA
:1086B0000F99A91B8F9DB93B1FB9E95B9FBDF97B42
:1086C00046C82A1CC6CC3A3C56E86A5CD6EC7A7C92
:1086D0004ED82B1DCEDC3B3D5EF86B5DDEFC7B7D1A
:1086E00047C9AA1EC7CDBA3E57E9EA5ED7EDFA7E62
:1086F0004FD9AB1FCFDDBB3F5FF9EB5FDFFDFB7FEA
:1087000020020480A00614A0302244C0B02654E009
:1087100028120581A81615A1383245C1B83655E191
:1087200021038482A10794A23123C4C2B127D4E2D9
:1087300029138583A91795A33933C5C3B937D5E361
:1087400060420684E04616A4706246C4F06656E4B1
:1087500068520785E85617A5787247C5F87657E539
:1087600061438686E14796A67163C6C6F167D6E681
:1087700069538787E95797A77973C7C7F977D7E709
:10878000220A0C88A20E1CA8322A4CC8B22E5CE821
:108790002A1A0D89AA1E1DA93A3A4DC9BA3E5DE9A9
:1087A000230B8C8AA30F9CAA332BCCCAB32FDCEAF1
:1087B0002B1B8D8BAB1F9DAB3B3BCDCBBB3FDDEB79
:1087C000624A0E8CE24E1EAC726A4ECCF26E5EECC9
:1087D0006A5A0F8DEA5E1FAD7A7A4FCDFA7E5FED51
:1087E000634B8E8EE34F9EAE736BCECEF36FDEEE99
:1087F0006B5B8F8FEB5F9FAF7B7BCFCFFB7FDFEF21
:1088000024822490A48634B034A264D0B4A674F038
:108810002C922591AC9635B13CB265D1BCB675F1C0
:108820002583A492A587B4B235A3E4D2B5A7F4F208
:108830002D93A593AD97B5B33DB3E5D3BDB7F5F390
:1088400064C22694E4C636B474E266D4F4E676F4E0
:108850006CD22795ECD637B57CF267D5FCF677F568
:1088600065C3A696E5C7B6B675E3E6D6F5E7F6F6B0
:108870006DD3A797EDD7B7B77DF3E7D7FDF7F7F738
:10888000268A2C98A68E3CB836AA6CD8B6AE7CF850
:108890002E9A2D99AE9E3DB93EBA6DD9BEBE7DF9D8
:1088A000278BAC9AA78FBCBA37ABECDAB7AFFCFA20
:1088B0002F9BAD9BAF9FBDBB3FBBEDDBBFBFFDFBA8
:1088C00066CA2E9CE6CE3EBC76EA6EDCF6EE7EFCF8
:1088D0006EDA2F9DEEDE3FBD7EFA6FDDFEFE7FFD80
:1088E00067CBAE9EE7CFBEBE77EBEEDEF7EFFEFEC8
:1088F0006FDBAF9FEFDFBFBF7FFBEFDFFFFF94D3E7
:108900005B000640BEB0668FE9A2095AF0F03C6DEC
:10891000F762D76D9E76EE8CE714CE5A0A569361B5
:10892000BA4661F42521790A29DF6C4FF33452A845
:10893000F29386FF81B06625B8A7D38E09C57AC2A7
:108940000FB38E458CD7B3DB689FC06E2F86F36F55
:108950003656E2868772B2DABF8365434CF6546AB4
:108960001BDDEA4501A8CB203703352A5142736D40
:1089700082A20F467D37119D93E062E6E1452C21EE
:108980003A97FD0E8CD1B9D9082AFB09C4DFDCE582
:10899000737A680DB2A0EEF4E54B4C2A0AD4A5A474
:1089A000CB57E90E7C8FD1F02D6CA047C1F4330E6C
:1089B0006A3D0BB11BDA648DE0BB8062E5EDC9A6B0
:1089C0007AB6A601A713B949829B6C4A90EE19CFDB
:1089D000F1CB6D4CEA4DFA2BEE1AB0218DF864D52F
:1089E000BC8E40ED7CAF1DEC9B376BD1896C7995CB
:1089F0005D3BEB9984C6382E61E230C2BBB47D6228
:108A00003CA4AD16197593706DDA0154AE3756DF7C
:108A1000D6E34A1733113FBBB03226700C362EFA1C
:108A2000CDDA01B4B7BB13737485EEED456219114D
:108A3000C5CBC0175A6A3C35252A8257A584508C6D
:108A4000B03D236FE040B08E1CFD97DD89F29F6F33
:108A500033F4C81E8E36B3D59330C2D999831271C0
:108A6000112DAA9B22A793B65101ED50F46173C258
:108A7000EEAC7BCEF757E89117ECC35ABCB5D37177
:108A80007FEA491C4CA999CE6F2A2F59F671577568
:108A900018FAD684949EAB788E3AC741FE68157456
:108AA00066AD17A7E7599C372FD9684C4353DC14A0
:108AB000DB67CA0DEF44B82027474556FD9D7BB1C3
:108AC00065B1CB5DBEEB993A5B6A31EA99DFDBFDBC
:108AD0004FAE0F940A5978CE3CFD6A35253B923E45
:108AE0001ECE4FC1080D1BC16FF9493057121B1D17
:108AF0006F33C81B9FBFAF393F2071523883FD339E
:108B00006B60F7E5F4753629081FBFC6CEF7708C89
:108B1000D335A4C0889C310043B01633DA3771ECEA
:108B200019F8288F81ED612B3F436511D1F3B0EF28
:108B3000BEEC30509127950C01DCF2C34210741C3E
:108B40001E44E7072266616F1398C979BA91F5A8A8
:108B50005BB0EC8AB7E428366270D5CDCA94FBE8E6
:108B60006FB00AC73EAFE58CB1215A5B3315545C38
:108B70005B6A782A305791AC66F19CE199AE3FEA86
:108B8000D9713637027C7E72A2A84B54D2F37B3562
:108B9000533DACB6A4C6BC76457D87D2311AD064AD
:108BA00018A37F87DD08B8AC0BD160C7CB0821E5DF
:108BB0009F793AEE1F7DB90605CEACCFDD9A368897
:108BC0001AF2F9CD1DB249574A91B37DAA66DC5617
:108BD00050E6F87008B349F644DEC07BDA6FBEEBAE
:108BE000DC7B0271F4B795150C19E051160D9EE16E
:108BF000324EAB54EBDBBC5040FF4AB5B4F07C8145
:108C0000B371A01BD0F0CBBD6DB740D626C4B6283B
:108C1000BCE10B30946999A188D09ABD47D4869461
:108C2000BA3F4FF6326590D7FDFD450D2525AF1AA9
:108C300015A3633C95C852A35D773CDE854CD19665
:108C400005E6AB192A7D97BF2CE6CAD939A626F2CC
:108C5000FC2A5A2E39A939D78C9026C584742C0346
:108C6000823C4740E781B0FA2DC264ECBAD595D674
:108C70000CB110F22907E9B4050E9595A76754F1D8
:108C800086F84EB2197818BED18E85EB8E9E7CF791
:108C90005EED45941AFCC2346F1F9A74ECBFDEB8C7
:108CA000598C88A1686B1D6521C91377D77B98F70C
:108CB000D21240F8D46499D7E986069FC1B91C78CE
:108CC0005E250AD2DECABB3EABB31123B9DDDFFAA3
:108CD0000E0E1F92FC219CBB31C9CE22B164DE0274
:108CE000B70DAF13871628B3B706B7D8BB7C5DF8AE
:108CF000FF59F43AA0541E3CBF16B6D9E76F7DD594
:108D00006662F7FD09F7768FCB203F608646AFFDA0
:108D1000479AA06DDDE77B85C730BCC8E698FD6C3F
:108D20009A619C0457F6A28D3131B7425167836F27
:108D30006B14824396A578A01D6DE230E7985EC55E
:108D400080033E090040DEF0BCFFB392801770083C
:108D5000E4C33DD8750BC67817FFE0E86FD42465EF
:108D6000BA6623F98B5AD9DA592C2340B7C0D19F60
:108D70002FFD824762B9EE5C8F4062B8EED1A067EA
:108D800026A3E90E6E9F6D2072ECED45445F3EE137
:108D9000453AA8F615237B6B22BD4F45803ECB613B
:108DA0004C832B0C032E269FBFAC3F2FB3C731390A
:108DB0006BC05F06D46640D6A247CF47192EEFA8F6
:108DC0006E8B88B6A38EBB936CDC6493126896B8E6
:108DD000F5042A9D51236CD49A3A9390A4DDB24EA7
:108DE000752B618DAB2F696CFF16F98A8272E0E3F7
:108DF0008B1FCB0214D7F0AC417B594577EEFD6554
:108E0000487DC28B9CFDD9731A6C661CD9D69B23F6
:108E10005F7C215373EBBC97DCCC9C575CF7A97C3F
:108E20004A784469FFE582BF08256964EB08BAD136
:108E3000556EA71FDB55ABB85223405A6249F11D4E
:108E4000F370246A717586B71BD3C3ABB43D71361A
:108E500060FDCA460CA8CE988E12CFF8F412D2AAA2
:108E600001B28454727046F595A3DFFBFD504D347A
:108E700035F64A641D513A1F8B13E52969970CAAF0
:108E8000220A61423EB13E149638CB19F001912B73
:108E90007170D5D4D6915A16522BC8A618A24F8DF0
:108EA0003F730417FCEFD1792D5AC65C57EBE7727C
:108EB000F6914C641819301D211C64AD4AAE9338EC
:108EC0003E4CAF9CD07DD19F12F94478027FDBC32A
:108ED000221FC2FE9C58B2CEF3B69E0167408C4062
:108EE000797909327C7CD891B9CD77A3AC8286811F
:108EF00016C3AD13D96850DC6194A9F088064AEC1A
:108F0000DB45DA8A8F5CE13CBDE27482968B3A4D98
:108F100029D201A5CEF614E1102A4433ED4563426F
:108F2000E17D0904947A2DCC99474B806416EE4D6F
:108F3000DB91DE069DA093EF59EA5F4EE8C4E7D3CC
:108F40001EF2843E7FB77CB2B025AF2738E2D7ABA4
:108F5000A8103EC73EDCDFC65F01214C8731A66CFE
:108F60005721C489BFF3EB0D2869C0CAC99D7AEBAC
:108F7000C1D38607B924B5AE59F9C4A7D9E557EDD1
:108F80001A7A0481E81090194A0D0CC7B5955CC88F
:108F90006529AC8FF9ED91A4D9580DC6E81D094497
:108FA000A3086A8CDD0975CE13BA4E70B00CB84AAE
:108FB000648C2E50D5BBFC5BFB7945CDEDDFD9C76A
:108FC000C1FED26FB33D702D62FE188E7529BF5A57
:108FD000F729698238A474273A3A0F193A3CE070AD
:108FE0005DFB888263B47F0D5B02C8828C1D0C71AF
:108FF000DF28E180EB4CB905A964A1C9835826E0BC
:10900000E472B21D9C9697B43CA6ED7E8A1757BDBC
:109010004C4B8D9C13E75FBAE88005CA1DC51378D9
:10902000455A729D219A349F6B41A47F8B12F2FEA8
:10903000D211FEE56D67101243B50CDC9D3DF43393
:1090400043B1401D5F77501BA49117568F642DFECE
:109050007C46428EC6A4DCA622106350A8E74D5879
:109060004549A544375694B20B460FAF35F61A560C
:10907000CBA55087937E350DE8080ED8A817F35777
:109080001E4DF290F00AB527645E87BC901A4A5CC8
:109090002E960FDA82855E99419DCC06A81A7BD563
:1090A000EDF90FD8992B1FF80F5140D761029FB7E8
:1090B0002ABB9F5BD78ED7068BD9EB97C4DD16B83A
:1090C000DC22BA5DAE4A76A2A7109FD0A78DE85CDD
:1090D000955EAEA4B06A4216C95F18DD52DA7FFD14
:1090E00098B5BC5DE7CFBEBE4F906FD3A78C76BF5F
:1090F0005721039239555E1048969CDFFFFFFFFF12
:109100003EF18D6285864B082AB36AFFA8CAFC6DC2
:10911000CCE32B006BF6939BB44F9BDC21AEA20DEE
:109120007FA169C9B9659C4E2BB2E2DD6C620ADD94
:10913000D915892D8577B263D972ED49A6AA242164
:1091400022E0030500072EA951E2A04F64063A373A
:109150008DD2AD0F1865B284DFB7C122230B3B76E9
:10916000FED3960CB962318B69F3C04C2E16E8B56C
:1091700071AB2F0AF165778815130147A7DD26C467
:1091800052A00C286AAC382B546FCAF2BA925BB862
:109190008EB80FC913FC092862BA12A1E21BE4665B
:1091A0006F7ABD01032C2E871A4B0269F3F49537B1
:1091B0006BC080804B0C9F2723AAEB44FBE4D0E0DC
:1091C00049280060623E789632CF4941049F34CCF2
:1091D000CFDAE9F4DED89E7560FAA9F4DA7D0B697E
:1091E00078DB8E04BD4A9C223168CB7E816482D9B3
:1091F00073B9C309B5EC70EC23FB29D66B6CF5464B
:10920000047960524CDE918FAB3B0354F471FF7DC7
:109210001CD00C1702CF92541D323A69CCB4777728
:109220002D81A17231E732886CDD72588DA1708278
:1092300042D0007FB27733892533BA7B5708507A02
:1092400006B308782857113ECB92C3ABD4A460D99B
:10925000F397E14533AE1DEA55AFC030E2455DAA54
:1092600027CDA1A68CBEDA3BE183603107D45389B8
:1092700005C4C0E8AD84A03AE213615C3177A8B1BF
:109280005F2BEE178A7CFE376E084EF8952E3B6BEF
:109290005E384E5BC9DC773FEF3A327136017D3282
:1092A0005F8D2F19A7D5BE160701EC7BCD155B3856
:1092B00027FE561D47C718C42746DA7C473FF6D419
:1092C0003EEF493C3FEB9BCDD68A9539EE738F7AC2
:1092D000E24A2F15B0DB9A92F11AC7A01C3C0D117F
:1092E0003F213AD3B9CB0FED6F6B4406987EFC72E9
:1092F000CA5B49149AFA1A90277B09E6BF243D728B
:10930000C2E0028CD446108150FB4D4B31C4D65A7A
:109310009B905E4990E8B9AC34506660D8E2E0ECCE
:10932000554380A2C285CF4AF2C14678BD45F7A019
:1093300011EC8BE156506C552D19C3CFA32776E560
:10934000123A468B9EF3FDB708E0E8DCE51530A63F
:10935000E9925B783C2539CB18D51639E274C5ED16
:109360005FE20B009FF75E1F499C6ACBD9693F45BE
:109370000BF386D78F2B948C01543AC865B03EF41A
:1093800068B7B3E65D74CA778ED5CE82FD6A3FA812
:1093900053606C8D94EF1B855AE308C4676779644A
:1093A0001C84EF8E4F70566118491A15CBD21CA839
:1093B0004ADBDD503F5FD3AD97BE36A7DB8DA8E417
:1093C00002F87F81D533E2CF12CD5BC1906EB70F2B
:1093D000EAB88D0A5505CE708E2692C2F2AADD57E4
:1093E000114A820523B667128C4C6FC8E96D1CEADE
:1093F00070396DCFC074E292CF046CC91C1D5069E6
:10940000ECD8854610E4B60A8E5CE92D8C5556B230
:109410009309DA4C1374B70B14F766737C7CCDEAAE
:10942000E5C04DFE2BD817D7D6416B90DC5C28D118
:109430004E6DA3BFA167E3BC91C12F189CC117D388
:109440005C50D19E3501FC774C6025C792529F57E6
:109450000C605E9895A50D3C04D60454D4AA7415EE
:10946000E1A1E699DB76D7B26DF385B6953E3CB4C3
:1094700077D284B4CD5DB67705D70678C3465492CB
:1094800061CA7C95862EB13549D8A673B52CD29287
:1094900061CF8C3AC86F3B9591D8B744F6BBDC7965
:1094A000312A0F9CC17B43374CEC6E908FE83E25F0
:1094B0007F998DF7911DBA27FFF9E3D1C7CCD795D6
:1094C00006785391C0675418A668353AC85ADD51DA
:1094D0000E7D2090D621CEFFD2656E9DF6E2FD472F
:1094E0007DCA8F9F367B471F4F14079DA5283CCE12
:1094F000C349BF95C7071E605B62069C199D3DBFAF
:10950000481422C2D0803026D062680207D7D4CD5A
:10951000C85642FEF2EB93DBD652BE03A0CAFD6CE6
:109520008585FE7C4EE031A33E1042F8C7993B068C
:109530003EB501C35177F303C468BEBC6626B727A6
:109540003EF0F3A2C6E49B7FD00302DFE895F1244E
:1095500076E0C9CEFF2C6025885E69B0E696396654
:1095600015B2AC681A14EDB00E98D133E354F899E3
:1095700077A0E20309BD3FD30A4FFD05228DD31C1E
:10958000C24E4BF7797EEB97D2C5110AB49DD4C376
:1095900046092F21A2A9A6450CBA12B31835F836F0
:1095A0005C148E34E3D0FB683BB5CEF6EB29212862
:1095B000773D0BF14B0CF72123C6CF302F5F6607A9
:1095C0003B3B248593527498DCD4965F009D552FC5
:1095D000A279292C7D2AEC3D79C9AAB695DAB22E5A
:1095E00063C38B4E1157F035F0DC128D8DBDDE2C30
:1095F00008DBD4AE71B20EF2A48534F08B0A8D2D47
:109600007B7F269B80A0D19FC2E0385675575E7342
:109610000E506FAAD4655B3ACA5FCD13FA049AF272
:10962000ADFE2D94D17696E95A79E65E2BA87DFFA2
:109630008DE35E51D321236835906123A726DFDCBB
:109640001DB2A0DECCC09B0B8202CEF9B2559BF7B7
:1096500097815C83B32C334E83385C360E84F3637E
:1096600055230E19A51DEC3B040395EDCFE741DB17
:10967000901114A89F24BC740334D9E2D5E13BB403
:109680005CCED5741965AAA37671491A42DF1AD93E
:109690006E450E92DE18AECF3624E42F4A0D53D617
:1096A0006599AB4A18742ACF3F1C5718475EDED71E
:1096B0008B7B0590B83D45F8E0C77F84CBA4799FAC
:1096C000862C0D87981C3EC986D2401E84FF14DF6D
:1096D00084E88AB2817AD27E94D9CAFBE66F11D02F
:1096E000D830381893F3987C0B8767587B6FFDC28E
:1096F00005FE0AB09FAAF57D0D8AC5D68D797A0739
:10970000B4868DF520C130CC3FE560C60FA9AB3DD6
:10971000F0E2018E680704E38DD25DC7384DB56075
:10972000790F067831F8A7B2FE12C2EE50D9BFED1C
:109730009DE3968C744EB1EFF6D785CCD8C4514ECC
:10974000A00161824934ADBB0B4D7491DCC89C070C
:10975000BED05C8F284674A32EB541658105716C1F
:109760002E93808A56EF6245A748A0D3CFD3B7E2A5
:10977000A911F7F8237362A8AF33DB4AD9FDD65796
:10978000720A708EB68C1BD486DA3CC7CA9E2147FB
:10979000AA32E4D055FCF4AA8EBECC2A82D1D014D1
:1097A000EC662D0D9BFCBE21F3699A35174D6B8F2E
:1097B000591AA106078CECA3C6FCCB6B5ECCBF3656
:1097C0008ECE466F5631BDED2CC2B167D4CA384833
:1097D000FA1D2B26D0AD2D0004CBA6CEC08D39426C
:1097E0006B4AAAE040EF428DA594250D27DA5E4E24
:1097F000BE2EE41CBA185536BB3D9D622DB8360C02
:109800001D6022BC1737328E0B299F4D8A0672BC11
:10981000ECD04B973106CA0C66362D34844D849DAE
:10982000F901FF08C0F54F1F54596628F6C5079780
:109830006243A39F0108B6B8FDF0CAB679490C91FE
:109840002A2F15CFC868FC175466E7DABCF39F7758
:10985000F256526895A5113C04D58E568472FE06C8
:10986000FB3E954DDB77D7B23DF60FB58DC01F554A
:1098700053BEC768CD5DB6770580C176EB561CD464
:109880003565A3DA99BE3447F6E802A749E995BBE6
:10989000F1652BE2B8FCC26476AE8480F6BAFAD8E1
:1098A000213EADEB9D2A4B479B2FA43950DCD62C93
:1098B0002019F6117B6154785DBAEEFA13C437B8FB
:1098C000186ECF1FC06A5C184E1587FF4D5F5C5342
:1098D000107AC69E21BCC4B42D091D002BDA7FFD71
:1098E00098388413337E3C74A315137FA7FECCD322
:1098F000C348DE973A5DEC4D295604ACFFFFFFFFED
:10990000A8A48513FFC3C62840A21B88B80530EF62
:1099100070567D07B0D3D30143303A2163462BDE26
:109920003B83D333C087CB8A29DEB7426E5BB2421A
:10993000C3EC206FC12DF203D9350DF1A38D226543
:1099400048440BC090E050662E340A972FE6096E0B
:10995000702F8208A880A628DA32E2B86759ACB81E
:109960008102C60AEE7891D6458EC46A1127BC19C9
:1099700089134109D37530AA7113C54B088B2A543A
:1099800060F70B68FAE4B2E5D22CBD26DDEC5E642C
:10999000E4740F17B220BA2DFD46284D9C8958C992
:1099A0003B192B48788FC32273FDE04745C25728E7
:1099B0000B9D5C788266F224DB7B4A43A1BF826305
:1099C0007AB78901A2954F2330AAEBB3AD1668F39D
:1099D0002A8055008505786D00F64D23DC4BD9D7DC
:1099E000B8CDE958774FEE283B0B3D0EB3B4C92EE6
:1099F0005D186027B3797A299359F95F92F95A4E25
:109A00004C84283E946C9AFD5424E9354B5B760BCC
:109A1000F36BA3DBBE6BB38BC0B22557A44B770AA5
:109A20006558E51FFA7413721DACE61E9A27AB1A2F
:109A30001DF3167685F7425DD79982739237AAFB9C
:109A40004AA024380EAA93BD9438E01E020BFD36BE
:109A50009F2ED6194424733A640F96561CB6258A55
:109A60007CFC5D8BD527308CFE831533D350F36699
:109A700075AE221A12D2B54CE3E1E51B6971BB92B7
:109A80003E67A7AE61FEF2376E2CE13DAE537E031A
:109A9000149ABB11B663B4A40FDA4899DC4F07F4EB
:109AA0005D8B1B478F81419B1FBD6A90988911E395
:109AB00089398FD9687F399B7F61D1D0E1FD1253FD
:109AC000789D4211C9E81A2FCE16E81616B62C76E4
:109AD000B5A357A29E78733C6603E4ABE6ECD8705E
:109AE000B8BAEF7D42EDC62E7C8B193B906FA1E694
:109AF000746558440FD99220E47D6A88BDFCFA9EB3
:109B000040DB018DA6347400B02074C6C8A40FE8F1
:109B10002F905A19A083971B5A364660B01BD72B3B
:109B20008D9188885A781B74FB0B65AE89E016F21C
:109B300011A18D43A775F483633766C70055B4C37D
:109B40005AF3072BAF1AB5C1605F0EC70F8E16A66A
:109B5000E4A10A0817D44C1D180F7CC8FE41D55F3C
:109B60006930BB2799AF3C6BA167EFECF72F7AA464
:109B70003F176CCFD16A34AAD5F6E5CAB0F39FF986
:109B8000324A00CABA067FE822A81700CA5CDE5231
:109B9000E02FAC0F8A33FCAF126C4E6B322EFE12EC
:109BA0004DC4038CDB8B15300BD44188BBCD5E508C
:109BB0002F9F044FE44E3EAFFB78DCC1DABBE2538B
:109BC000029E51810EDC16A4F3E811DDF26E5EEC0C
:109BD000646BAE723ACB1911D2DE6B6082FADE3F53
:109BE0009E2B9323A03D3DAD4B4B2FAEC9ED8596EB
:109BF000550BA1897C9F99A9E29B90CE0458D9E38B
:109C0000CC2AA4D29E046FB8304046D8CAE29F98AE
:109C1000C0FDFB1A9451F7E1046292DEC3A504FE75
:109C20009AC4AA6DDD05EFBAB321FF95D57FAAFFCF
:109C30000D799085A5873222AD9395788FA4567BB8
:109C40006400876B3FBB49A27CF6B349943F737FA6
:109C5000365CA55F732BA5F7D0703C2D459416E5B7
:109C60000DA151D42508D46DDEBC1F2A7705743CA4
:109C7000A2B1CF3F4701350D456C125E850A21B771
:109C80002E8EAB699C6C1E2956732DD5C8FF85534B
:109C9000F1DA2E9890F21EB80C8A2506844D0B54EA
:109CA000CF2FAAB6BF0B3520C85A4F7A3DAF171237
:109CB000275E8F28CF46FEF95F62E0D66CF8370842
:109CC000189BCF3F6BACB33A5600EC662BB79FFAAC
:109CD000F3EB6232EC3CBD071F3A3D00C47C2485A7
:109CE0006D38EF33A70F92B3FC898FDAB8B75DBF39
:109CF000E1A9C557A65B3E9E07DC12D0877DA4E58F
:109D0000C0119300BFE66B20480CC2BAEFC9723B8A
:109D100058BC7D8C48E5D97A1DB4D04158D5E47A39
:109D200001018043DAC7EF020043E26F0ED4DF9BEC
:109D300069C8800C16FC033879E8C44EBF03F3737E
:109D40006C3180CE73B5EEEF327543B47B235CB8D3
:109D500070ABD2D8C814572327F4640E479DC11E98
:109D6000532375639E41942A9123ADCB15AF693D72
:109D7000622AD90C0394322E39A8C64AB88698DCD8
:109D800062D11D07A3FC65E74AA4CAB2208DD75350
:109D90006AC100048BE89A391FBCCE1F5A7E815BD2
:109DA0005AAA6DF582FD0AE5024BEA07315AEB7EAD
:109DB000A7868A4B511D9F077BE0CC46254D597DD8
:109DC00046D0F3AD0ECE4174108A6EB7D294D997B7
:109DD000B12B21FC66CE532585874D360101247BAE
:109DE0007BB67B6D030EC52334EDF5F6D7E9D3467C
:109DF000355F620CC02F19E5540B340DE5DCBB2F29
:109E00003C32285280804A18DE94C10F765C27CB02
:109E1000A0127AC2825890AED6DEC2349C30528EE6
:109E20005C2245ED45C73834A1C3E65E8248A629C9
:109E3000350E021539F74A68A05396AAFD743B7E89
:109E40007C3F2418FC400D8C2C62255EACC38F7BBC
:109E50006098202733500C8D1C74A53B4E16DF7A7A
:109E6000EF01F454A5016B3B6D129FAD459770BC9B
:109E70002D05931A122AB54C9D13E3A27551D77183
:109E80004931899E1961AA7AC92291D98EB87E2456
:109E900059FA0BF4311E7063653C5A3C1EFA02D22B
:109EA000076B2AA0AB06BEE3135209C92C2939F46B
:109EB0004939D3DBB762152046AB1C94CFC8925802
:109EC000EA5A2616C94E3DE0C96CAC321944DBF59E
:109ED0006ED52D51F65804859EAEAC5B471C5B7B5E
:109EE00041ABEA11FF32949897AA84A1D50D9AD379
:109EF000935D227AAF1966321039ED5317A7987B1C
:109F00009FE086CA8D829123682EC63AB82ED65A13
:109F1000939684F96CDCAEBABCB6826E5BD4B4E7BF
:109F20009987054F0A409A7E2041E6AF81455658F1
:109F3000610B83CF8AE1A6B7A9B18242F6047638D5
:109F4000B3B18A89ACA4946EAD3BC47E8F143CE758
:109F5000DC3009C790D44CEDA52B41E9472A74D7D2
:109F6000D13488D95825F7A2F90139848AE3E583E9
:109F7000418732F3B352345CAF8CC1B911D33EC4C4
:109F8000BAF483CA18F00C650AD4E0C5FED3BE73D8
:109F9000C2AA2F3AAB68A2B981D8BEACE9D05BE2C5
:109FA0000B128DCA5C0779F5CCA993A169D6EF9104
:109FB000AD99DEBA11EC901084D936CD44C3D610D9
:109FC0001ACE020DC4CA211420829A07E40CA141C2
:109FD000AA197085E5DC1831206BECCBC281F3E067
:109FE0005C13AD203CB098D577E99547A3EB5F743F
:109FF0007AD9D447D3A0B109B416ACEF9BABBB134D
:10A00000445F751B0002BD2935DD83C2EDD4F60A1D
:10A010004C4B5F1A16690644C3F58427E1D48A9D28
:10A0200021612321E4F143A28F5DF41FBE45760B2D
:10A03000297109181779A57E42C1334C799754E8E4
:10A040002CC720B81BC2090C601DCA968CC197FB97
:10A05000FC507CDD94F2B57FA2809C97534671F949
:10A06000DA4731AEDF45EDEE73D4E0DA35A57EB4E4
:10A07000552C84D7FFB55CB4A517E1D97537A7F186
:10A080003568AE625B77C3FAF6E9F553D67A18F510
:10A090002B1EAE2471140E4C64C71B76E6B67BE70C
:10A0A00036E98E977F6BCB43D696079EEFAB50F782
:10A0B0004F42A8961565AD769BC14EBEBF3B62C2AE
:10A0C0004A38A31A52ACD59F766EF9613C80DF7591
:10A0D00074DE0EDD11AD1DDE6E5E1A9F3E55CABCEC
:10A0E000E10BE263D96ED6B3E7CBDCBE770D1F017F
:10A0F000876B52F1145B3A3C57BFECAFFFFFFFFF99
:10A10000C0436ED44046C3FC94A4B227EE22B913D8
:10A1100000656A29E1FFEEDC78E9934EA5D60DC112
:10A12000D2F2FEA92D80454071E00A4FC79C3B0644
:10A130005062BC81A177972F49A5DB454A46A768A5
:10A140008051EE024EA6BE2B6AE2A04FD06452644C
:10A1500021500305A88D0A2820F2A19CD8745365CC
:10A160000E8984A6A19C872929E36C2CD165D2662F
:10A17000492301BDA98C9A2861B60104D975D3671A
:10A180007C4DE9A7EF52954A5DBAE926AC3D226CB9
:10A190006C600A1AF5DEB8D67AE54A440A22379D81
:10A1A0008B7A8D6628880B157120C948AF345826E4
:10A1B00035A4E94B4BE0D1DF31BC8AABCA02E4B035
:10A1C000CFAAA6035203E7505A70C8C6D26C5A6C85
:10A1D000025D0D21FD20EB949A3E350FDA7C5B6D1C
:10A1E000D3CD036B74AD6ED70299AA41D36DDA6EED
:10A1F000F41FB982766C3A8E839DEF33DB7DDB6F83
:10A2000052C0CB18ECE6CF72BF25F36F6B2639EA4C
:10A21000DB635FCCF4A6CA9CDC4D29A5D6A74CDB3A
:10A22000C5C2DEB35A944D9D6A6341ADAD1907E6D0
:10A230005B2D4AC05D113422CD334F8B281D4590D4
:10A240008EF4839490467B2E1AE11D74D4E47274CC
:10A25000DC54AAFBB38EC6A9F21A6095DCF47375C0
:10A260003D4561A3FD3B1E3BD5A0EB14D5E5F27641
:10A2700005E521FD0D9629C23D25635ADDF5F377ED
:10A2800000CCA834169206CCD6EABB84A100884B39
:10A2900036F8701FB9E5C057775396A4B209863BCC
:10A2A000970BF34ED4C64106BB2C3D3817D1053869
:10A2B000C0310810E9E1BA2837DB6B3C356B7BC154
:10A2C000AAAA091D92F2187C0E64486ED6EC7A7C1C
:10A2D000A24A6717241B083A66886354DEFC7B7D1C
:10A2E000271D92135CB2BC10916BB918D7EDFA7EA2
:10A2F000895BEC2E754FFB2DDD7BAC5BDFFDFB7FBF
:10A30000DF706E53708437E060400C4DB0DE54A2B5
:10A310000E574EF40493C0C3A8B0EB5980C9A08275
:10A32000DAF2C7826145477E51F3AECD3130294321
:10A33000253D8436C0FC6A5EF971161F42B59CD972
:10A34000009A3E8BD876F40B4F2DD359F06656E425
:10A350000886378A96511105461F0564F87657E539
:10A3600089E7018E4135F48CD8383B7AF167D6E61F
:10A37000A99987C55FD5CC02418CB0C7F977D7E7DB
:10A38000F5307ACA8A6C9ECF9EAF99AA8A13B7BB62
:10A39000EA5904280159137512584BC569CD67EF66
:10A3A000B87465E22A8B1D345AC03337D37ECFE7A9
:10A3B00027E884566FD52614566540A9B5E67C1A61
:10A3C0008F2308A0DA5EBDED296A488CF26E5EEC40
:10A3D000A06FAE0D51101981C1CACC71FA7E5FED2C
:10A3E0008D8B84884E3003F2D519B231F36FDEEED7
:10A3F00013BBCB893D41BD00C4203C64FB7FDFEF34
:10A40000AA007FE49B9509BFBD26E54EFC22F5D14D
:10A410007585F85E9FEBC4EAF878DE6E7CA799F745
:10A420001D7C089F977840BD9EE4EA0E4A25AFFB4D
:10A430002CEC42D1ADAA5E6055D11A91F277F3FFB0
:10A440005CD285925E5436BC4C827E96F4E676F4FD
:10A45000143263937C547034D376A0ECFCF677F519
:10A46000AFF607166143F1D01FEBE038F5E7F6F6DB
:10A47000A7E706172D918E4CEDB5979BFDF7F7F7E3
:10A480000AFF2AB41F32D70BE9BB9177A251D0BA89
:10A490004E43BF94C87E3E8BEE3EE8C8F63AFCD8E9
:10A4A000B90F671210F241D44F991777B1987E40D7
:10A4B000378F8FF99127D568AF399056403DA66107
:10A4C0001E4EED29BF3253FC2698EC66F6EE7EFC5C
:10A4D00036EAAD1AEEDE3FBD7618ED67FEFE7FFD73
:10A4E000F7233E53BD41BEBEFF096C64F7EFFEFE8D
:10A4F000F4B9EF90EFDFBFBF71196D65FFFFFFFF8C
:10A500000000000080041020102040409024506083
:10A51000081001018814112118304141983451610B
:10A5200001018002810590221121C0429125D06253
:10A5300009118103891591231931C1439935D163DB
:10A5400040400204C044122450604244D06452642B
:10A5500048500305C854132558704345D8745365B3
:10A5600041418206C14592265161C246D165D266FB
:10A5700049518307C95593275971C347D975D36783
:10A5800002080808820C182812284848922C58689B
:10A590000A1809098A1C19291A3849499A3C596923
:10A5A0000309880A830D982A1329C84A932DD86A6B
:10A5B0000B19890B8B1D992B1B39C94B9B3DD96BF3
:10A5C00042480A0CC24C1A2C52684A4CD26C5A6C43
:10A5D0004A580B0DCA5C1B2D5A784B4DDA7C5B6DCB
:10A5E00043498A0EC34D9A2E5369CA4ED36DDA6E13
:10A5F0004B598B0FCB5D9B2F5B79CB4FDB7DDB6F9B
:10A60000048020108484303014A0605094A47070B2
:10A610000C9021118C9431311CB061519CB471713A
:10A620000581A0128585B03215A1E05295A5F07282
:10A630000D91A1138D95B1331DB1E1539DB5F1730A
:10A6400044C02214C4C4323454E06254D4E472745A
:10A650004CD02315CCD433355CF06355DCF47375E2
:10A6600045C1A216C5C5B23655E1E256D5E5F2762A
:10A670004DD1A317CDD5B3375DF1E357DDF5F377B2
:10A6800006882818868C383816A8685896AC7878CA
:10A690000E9829198E9C39391EB869599EBC797952
:10A6A0000789A81A878DB83A17A9E85A97ADF87A9A
:10A6B0000F99A91B8F9DB93B1FB9E95B9FBDF97B22
:10A6C00046C82A1CC6CC3A3C56E86A5CD6EC7A7C72
:10A6D0004ED82B1DCEDC3B3D5EF86B5DDEFC7B7DFA
:10A6E00047C9AA1EC7CDBA3E57E9EA5ED7EDFA7E42
:10A6F0004FD9AB1FCFDDBB3F5FF9EB5FDFFDFB7FCA
:10A7000020020480A00614A0302244C0B02654E0E9
:10A7100028120581A81615A1383245C1B83655E171
:10A7200021038482A10794A23123C4C2B127D4E2B9
:10A7300029138583A91795A33933C5C3B937D5E341
:10A7400060420684E04616A4706246C4F06656E491
:10A7500068520785E85617A5787247C5F87657E519
:10A7600061438686E14796A67163C6C6F167D6E661
:10A7700069538787E95797A77973C7C7F977D7E7E9
:10A78000220A0C88A20E1CA8322A4CC8B22E5CE801
:10A790002A1A0D89AA1E1DA93A3A4DC9BA3E5DE989
:10A7A000230B8C8AA30F9CAA332BCCCAB32FDCEAD1
:10A7B0002B1B8D8BAB1F9DAB3B3BCDCBBB3FDDEB59
:10A7C000624A0E8CE24E1EAC726A4ECCF26E5EECA9
:10A7D0006A5A0F8DEA5E1FAD7A7A4FCDFA7E5FED31
:10A7E000634B8E8EE34F9EAE736BCECEF36FDEEE79
:10A7F0006B5B8F8FEB5F9FAF7B7BCFCFFB7FDFEF01
:10A8000024822490A48634B034A264D0B4A674F018
:10A810002C922591AC9635B13CB265D1BCB675F1A0
:10A820002583A492A587B4B235A3E4D2B5A7F4F2E8
:10A830002D93A593AD97B5B33DB3E5D3BDB7F5F370
:10A8400064C22694E4C636B474E266D4F4E676F4C0
:10A850006CD22795ECD637B57CF267D5FCF677F548
:10A8600065C3A696E5C7B6B675E3E6D6F5E7F6F690
:10A870006DD3A797EDD7B7B77DF3E7D7FDF7F7F718
:10A88000268A2C98A68E3CB836AA6CD8B6AE7CF830
:10A890002E9A2D99AE9E3DB93EBA6DD9BEBE7DF9B8
:10A8A000278BAC9AA78FBCBA37ABECDAB7AFFCFA00
:10A8B0002F9BAD9BAF9FBDBB3FBBEDDBBFBFFDFB88
:10A8C00066CA2E9CE6CE3EBC76EA6EDCF6EE7EFCD8
:10A8D0006EDA2F9DEEDE3FBD7EFA6FDDFEFE7FFD60
:10A8E00067CBAE9EE7CFBEBE77EBEEDEF7EFFEFEA8
:10A8F0006FDBAF9FEFDFBFBF7FFBEFDFFFFF5D9140
:10A90000000000008004102010204040902450607F
:10A910000810010188141121183041419834516107
:10A9200001018002810590221121C0429125D0624F
:10A9300009118103891591231931C1439935D163D7
:10A9400040400204C044122450604244D064526427
:10A9500048500305C854132558704345D8745365AF
:10A9600041418206C14592265161C246D165D266F7
:10A9700049518307C95593275971C347D975D3677F
:10A9800002080808820C182812284848922C586897
:10A990000A1809098A1C19291A3849499A3C59691F
:10A9A0000309880A830D982A1329C84A932DD86A67
:10A9B0000B19890B8B1D992B1B39C94B9B3DD96BEF
:10A9C00042480A0CC24C1A2C52684A4CD26C5A6C3F
:10A9D0004A580B0DCA5C1B2D5A784B4DDA7C5B6DC7
:10A9E00043498A0EC34D9A2E5369CA4ED36DDA6E0F
:10A9F0004B598B0FCB5D9B2F5B79CB4FDB7DDB6F97
:10AA0000048020108484303014A0605094A47070AE
:10AA10000C9021118C9431311CB061519CB4717136
:10AA20000581A0128585B03215A1E05295A5F0727E
:10AA30000D91A1138D95B1331DB1E1539DB5F17306
:10AA400044C02214C4C4323454E06254D4E4727456
:10AA50004CD02315CCD433355CF06355DCF47375DE
:10AA600045C1A216C5C5B23655E1E256D5E5F27626
:10AA70004DD1A317CDD5B3375DF1E357DDF5F377AE
:10AA800006882818868C383816A8685896AC7878C6
:10AA90000E9829198E9C39391EB869599EBC79794E
:10AAA0000789A81A878DB83A17A9E85A97ADF87A96
:10AAB0000F99A91B8F9DB93B1FB9E95B9FBDF97B1E
:10AAC00046C82A1CC6CC3A3C56E86A5CD6EC7A7C6E
:10AAD0004ED82B1DCEDC3B3D5EF86B5DDEFC7B7DF6
:10AAE00047C9AA1EC7CDBA3E57E9EA5ED7EDFA7E3E
:10AAF0004FD9AB1FCFDDBB3F5FF9EB5FDFFDFB7FC6
:10AB000020020480A00614A0302244C0B02654E0E5
:10AB100028120581A81615A1383245C1B83655E16D
:10AB200021038482A10794A23123C4C2B127D4E2B5
:10AB300029138583A91795A33933C5C3B937D5E33D
:10AB400060420684E04616A4706246C4F06656E48D
:10AB500068520785E85617A5787247C5F87657E515
:10AB600061438686E14796A67163C6C6F167D6E65D
:10AB700069538787E95797A77973C7C7F977D7E7E5
:10AB8000220A0C88A20E1CA8322A4CC8B22E5CE8FD
:10AB90002A1A0D89AA1E1DA93A3A4DC9BA3E5DE985
:10ABA000230B8C8AA30F9CAA332BCCCAB32FDCEACD
:10ABB0002B1B8D8BAB1F9DAB3B3BCDCBBB3FDDEB55
:10ABC000624A0E8CE24E1EAC726A4ECCF26E5EECA5
:10ABD0006A5A0F8DEA5E1FAD7A7A4FCDFA7E5FED2D
:10ABE000634B8E8EE34F9EAE736BCECEF36FDEEE75
:10ABF0006B5B8F8FEB5F9FAF7B7BCFCFFB7FDFEFFD
:10AC000024822490A48634B034A264D0B4A674F014
:10AC10002C922591AC9635B13CB265D1BCB675F19C
:10AC20002583A492A587B4B235A3E4D2B5A7F4F2E4
:10AC30002D93A593AD97B5B33DB3E5D3BDB7F5F36C
:10AC400064C22694E4C636B474E266D4F4E676F4BC
:10AC50006CD22795ECD637B57CF267D5FCF677F544
:10AC600065C3A696E5C7B6B675E3E6D6F5E7F6F68C
:10AC70006DD3A797EDD7B7B77DF3E7D7FDF7F7F714
:10AC8000268A2C98A68E3CB836AA6CD8B6AE7CF82C
:10AC90002E9A2D99AE9E3DB93EBA6DD9BEBE7DF9B4
:10ACA000278BAC9AA78FBCBA37ABECDAB7AFFCFAFC
:10ACB0002F9BAD9BAF9FBDBB3FBBEDDBBFBFFDFB84
:10ACC00066CA2E9CE6CE3EBC76EA6EDCF6EE7EFCD4
:10ACD0006EDA2F9DEEDE3FBD7EFA6FDDFEFE7FFD5C
:10ACE00067CBAE9EE7CFBEBE77EBEEDEF7EFFEFEA4
:10ACF0006FDBAF9FEFDFBFBF7FFBEFDFFFFFFFFF2C
:10AD0000000000008004102010204040902450607B
:10AD10000810010188141121183041419834516103
:10AD200001018002810590221121C0429125D0624B
:10AD300009118103891591231931C1439935D163D3
:10AD400040400204C044122450604244D064526423
:10AD500048500305C854132558704345D8745365AB
:10AD600041418206C14592265161C246D165D266F3
:10AD700049518307C95593275971C347D975D3677B
:10AD800002080808820C182812284848922C586893
:10AD90000A1809098A1C19291A3849499A3C59691B
:10ADA0000309880A830D982A1329C84A932DD86A63
:10ADB0000B19890B8B1D992B1B39C94B9B3DD96BEB
:10ADC00042480A0CC24C1A2C52684A4CD26C5A6C3B
:10ADD0004A580B0DCA5C1B2D5A784B4DDA7C5B6DC3
:10ADE00043498A0EC34D9A2E5369CA4ED36DDA6E0B
:10ADF0004B598B0FCB5D9B2F5B79CB4FDB7DDB6F93
:10AE0000048020108484303014A0605094A47070AA
:10AE10000C9021118C9431311CB061519CB4717132
:10AE20000581A0128585B03215A1E05295A5F0727A
:10AE30000D91A1138D95B1331DB1E1539DB5F17302
:10AE400044C02214C4C4323454E06254D4E4727452
:10AE50004CD02315CCD433355CF06355DCF47375DA
:10AE600045C1A216C5C5B23655E1E256D5E5F27622
:10AE70004DD1A317CDD5B3375DF1E357DDF5F377AA
:10AE800006882818868C383816A8685896AC7878C2
:10AE90000E9829198E9C39391EB869599EBC79794A
:10AEA0000789A81A878DB83A17A9E85A97ADF87A92
:10AEB0000F99A91B8F9DB93B1FB9E95B9FBDF97B1A
:10AEC00046C82A1CC6CC3A3C56E86A5CD6EC7A7C6A
:10AED0004ED82B1DCEDC3B3D5EF86B5DDEFC7B7DF2
:10AEE00047C9AA1EC7CDBA3E57E9EA5ED7EDFA7E3A
:10AEF0004FD9AB1FCFDDBB3F5FF9EB5FDFFDFB7FC2
:10AF000020020480A00614A0302244C0B02654E0E1
:10AF100028120581A81615A1383245C1B83655E169
:10AF200021038482A10794A23123C4C2B127D4E2B1
:10AF300029138583A91795A33933C5C3B937D5E339
:10AF400060420684E04616A4706246C4F06656E489
:10AF500068520785E85617A5787247C5F87657E511
:10AF600061438686E14796A67163C6C6F167D6E659
:10AF700069538787E95797A77973C7C7F977D7E7E1
:10AF8000220A0C88A20E1CA8322A4CC8B22E5CE8F9
:10AF90002A1A0D89AA1E1DA93A3A4DC9BA3E5DE981
:10AFA000230B8C8AA30F9CAA332BCCCAB32FDCEAC9
:10AFB0002B1B8D8BAB1F9DAB3B3BCDCBBB3FDDEB51
:10AFC000624A0E8CE24E1EAC726A4ECCF26E5EECA1
:10AFD0006A5A0F8DEA5E1FAD7A7A4FCDFA7E5FED29
:10AFE000634B8E8EE34F9EAE736BCECEF36FDEEE71
:10AFF0006B5B8F8FEB5F9FAF7B7BCFCFFB7FDFEFF9
:10B0000024822490A48634B034A264D0B4A674F010
:10B010002C922591AC9635B13CB265D1BCB675F198
:10B020002583A492A587B4B235A3E4D2B5A7F4F2E0
:10B030002D93A593AD97B5B33DB3E5D3BDB7F5F368
:10B0400064C22694E4C636B474E266D4F4E676F4B8
:10B050006CD22795ECD637B57CF267D5FCF677F540
:10B0600065C3A696E5C7B6B675E3E6D6F5E7F6F688
:10B070006DD3A797EDD7B7B77DF3E7D7FDF7F7F710
:10B08000268A2C98A68E3CB836AA6CD8B6AE7CF828
:10B090002E9A2D99AE9E3DB93EBA6DD9BEBE7DF9B0
:10B0A000278BAC9AA78FBCBA37ABECDAB7AFFCFAF8
:10B0B0002F9BAD9BAF9FBDBB3FBBEDDBBFBFFDFB80
:10B0C00066CA2E9CE6CE3EBC76EA6EDCF6EE7EFCD0
:10B0D0006EDA2F9DEEDE3FBD7EFA6FDDFEFE7FFD58
:10B0E00067CBAE9EE7CFBEBE77EBEEDEF7EFFEFEA0
:10B0F0006FDBAF9FEFDFBFBF7FFBEFDFFFFFFFFF28
:10B100000000000080041020102040409024506077
:10B1100008100101881411211830414198345161FF
:10B1200001018002810590221121C0429125D06247
:10B1300009118103891591231931C1439935D163CF
:10B1400040400204C044122450604244D06452641F
:10B1500048500305C854132558704345D8745365A7
:10B1600041418206C14592265161C246D165D266EF
:10B1700049518307C95593275971C347D975D36777
:10B1800002080808820C182812284848922C58688F
:10B190000A1809098A1C19291A3849499A3C596917
:10B1A0000309880A830D982A1329C84A932DD86A5F
:10B1B0000B19890B8B1D992B1B39C94B9B3DD96BE7
:10B1C00042480A0CC24C1A2C52684A4CD26C5A6C37
:10B1D0004A580B0DCA5C1B2D5A784B4DDA7C5B6DBF
:10B1E00043498A0EC34D9A2E5369CA4ED36DDA6E07
:10B1F0004B598B0FCB5D9B2F5B79CB4FDB7DDB6F8F
:10B20000048020108484303014A0605094A47070A6
:10B210000C9021118C9431311CB061519CB471712E
:10B220000581A0128585B03215A1E05295A5F07276
:10B230000D91A1138D95B1331DB1E1539DB5F173FE
:10B2400044C02214C4C4323454E06254D4E472744E
:10B250004CD02315CCD433355CF06355DCF47375D6
:10B2600045C1A216C5C5B23655E1E256D5E5F2761E
:10B270004DD1A317CDD5B3375DF1E357DDF5F377A6
:10B2800006882818868C383816A8685896AC7878BE
:10B290000E9829198E9C39391EB869599EBC797946
:10B2A0000789A81A878DB83A17A9E85A97ADF87A8E
:10B2B0000F99A91B8F9DB93B1FB9E95B9FBDF97B16
:10B2C00046C82A1CC6CC3A3C56E86A5CD6EC7A7C66
:10B2D0004ED82B1DCEDC3B3D5EF86B5DDEFC7B7DEE
:10B2E00047C9AA1EC7CDBA3E57E9EA5ED7EDFA7E36
:10B2F0004FD9AB1FCFDDBB3F5FF9EB5FDFFDFB7FBE
:10B3000020020480A00614A0302244C0B02654E0DD
:10B3100028120581A81615A1383245C1B83655E165
:10B3200021038482A10794A23123C4C2B127D4E2AD
:10B3300029138583A91795A33933C5C3B937D5E335
:10B3400060420684E04616A4706246C4F06656E485
:10B3500068520785E85617A5787247C5F87657E50D
:10B3600061438686E14796A67163C6C6F167D6E655
:10B3700069538787E95797A77973C7C7F977D7E7DD
:10B38000220A0C88A20E1CA8322A4CC8B22E5CE8F5
:10B390002A1A0D89AA1E1DA93A3A4DC9BA3E5DE97D
:10B3A000230B8C8AA30F9CAA332BCCCAB32FDCEAC5
:10B3B0002B1B8D8BAB1F9DAB3B3BCDCBBB3FDDEB4D
:10B3C000624A0E8CE24E1EAC726A4ECCF26E5EEC9D
:10B3D0006A5A0F8DEA5E1FAD7A7A4FCDFA7E5FED25
:10B3E000634B8E8EE34F9EAE736BCECEF36FDEEE6D
:10B3F0006B5B8F8FEB5F9FAF7B7BCFCFFB7FDFEFF5
:10B4000024822490A48634B034A264D0B4A674F00C
:10B410002C922591AC9635B13CB265D1BCB675F194
:10B420002583A492A587B4B235A3E4D2B5A7F4F2DC
:10B430002D93A593AD97B5B33DB3E5D3BDB7F5F364
:10B4400064C22694E4C636B474E266D4F4E676F4B4
:10B450006CD22795ECD637B57CF267D5FCF677F53C
:10B4600065C3A696E5C7B6B675E3E6D6F5E7F6F684
:10B470006DD3A797EDD7B7B77DF3E7D7FDF7F7F70C
:10B48000268A2C98A68E3CB836AA6CD8B6AE7CF824
:10B490002E9A2D99AE9E3DB93EBA6DD9BEBE7DF9AC
:10B4A000278BAC9AA78FBCBA37ABECDAB7AFFCFAF4
:10B4B0002F9BAD9BAF9FBDBB3FBBEDDBBFBFFDFB7C
:10B4C00066CA2E9CE6CE3EBC76EA6EDCF6EE7EFCCC
:10B4D0006EDA2F9DEEDE3FBD7EFA6FDDFEFE7FFD54
:10B4E00067CBAE9EE7CFBEBE77EBEEDEF7EFFEFE9C
:10B4F0006FDBAF9FEFDFBFBF7FFBEFDFFFFFFFFF24
:10B500000000000080041020102040409024506073
:10B5100008100101881411211830414198345161FB
:10B5200001018002810590221121C0429125D06243
:10B5300009118103891591231931C1439935D163CB
:10B5400040400204C044122450604244D06452641B
:10B5500048500305C854132558704345D8745365A3
:10B5600041418206C14592265161C246D165D266EB
:10B5700049518307C95593275971C347D975D36773
:10B5800002080808820C182812284848922C58688B
:10B590000A1809098A1C19291A3849499A3C596913
:10B5A0000309880A830D982A1329C84A932DD86A5B
:10B5B0000B19890B8B1D992B1B39C94B9B3DD96BE3
:10B5C00042480A0CC24C1A2C52684A4CD26C5A6C33
:10B5D0004A580B0DCA5C1B2D5A784B4DDA7C5B6DBB
:10B5E00043498A0EC34D9A2E5369CA4ED36DDA6E03
:10B5F0004B598B0FCB5D9B2F5B79CB4FDB7DDB6F8B
:10B60000048020108484303014A0605094A47070A2
:10B610000C9021118C9431311CB061519CB471712A
:10B620000581A0128585B03215A1E05295A5F07272
:10B630000D91A1138D95B1331DB1E1539DB5F173FA
:10B6400044C02214C4C4323454E06254D4E472744A
:10B650004CD02315CCD433355CF06355DCF47375D2
:10B6600045C1A216C5C5B23655E1E256D5E5F2761A
:10B670004DD1A317CDD5B3375DF1E357DDF5F377A2
:10B6800006882818868C383816A8685896AC7878BA
:10B690000E9829198E9C39391EB869599EBC797942
:10B6A0000789A81A878DB83A17A9E85A97ADF87A8A
:10B6B0000F99A91B8F9DB93B1FB9E95B9FBDF97B12
:10B6C00046C82A1CC6CC3A3C56E86A5CD6EC7A7C62
:10B6D0004ED82B1DCEDC3B3D5EF86B5DDEFC7B7DEA
:10B6E00047C9AA1EC7CDBA3E57E9EA5ED7EDFA7E32
:10B6F0004FD9AB1FCFDDBB3F5FF9EB5FDFFDFB7FBA
:10B7000020020480A00614A0302244C0B02654E0D9
:10B7100028120581A81615A1383245C1B83655E161
:10B7200021038482A10794A23123C4C2B127D4E2A9
:10B7300029138583A91795A33933C5C3B937D5E331
:10B7400060420684E04616A4706246C4F06656E481
:10B7500068520785E85617A5787247C5F87657E509
:10B7600061438686E14796A67163C6C6F167D6E651
:10B7700069538787E95797A77973C7C7F977D7E7D9
:10B78000220A0C88A20E1CA8322A4CC8B22E5CE8F1
:10B790002A1A0D89AA1E1DA93A3A4DC9BA3E5DE979
:10B7A000230B8C8AA30F9CAA332BCCCAB32FDCEAC1
:10B7B0002B1B8D8BAB1F9DAB3B3BCDCBBB3FDDEB49
:10B7C000624A0E8CE24E1EAC726A4ECCF26E5EEC99
:10B7D0006A5A0F8DEA5E1FAD7A7A4FCDFA7E5FED21
:10B7E000634B8E8EE34F9EAE736BCECEF36FDEEE69
:10B7F0006B5B8F8FEB5F9FAF7B7BCFCFFB7FDFEFF1
:10B8000024822490A48634B034A264D0B4A674F008
:10B810002C922591AC9635B13CB265D1BCB675F190
:10B820002583A492A587B4B235A3E4D2B5A7F4F2D8
:10B830002D93A593AD97B5B33DB3E5D3BDB7F5F360
:10B8400064C22694E4C636B474E266D4F4E676F4B0
:10B850006CD22795ECD637B57CF267D5FCF677F538
:10B8600065C3A696E5C7B6B675E3E6D6F5E7F6F680
:10B870006DD3A797EDD7B7B77DF3E7D7FDF7F7F708
:10B88000268A2C98A68E3CB836AA6CD8B6AE7CF820
:10B890002E9A2D99AE9E3DB93EBA6DD9BEBE7DF9A8
:10B8A000278BAC9AA78FBCBA37ABECDAB7AFFCFAF0
:10B8B0002F9BAD9BAF9FBDBB3FBBEDDBBFBFFDFB78
:10B8C00066CA2E9CE6CE3EBC76EA6EDCF6EE7EFCC8
:10B8D0006EDA2F9DEEDE3FBD7EFA6FDDFEFE7FFD50
:10B8E00067CBAE9EE7CFBEBE77EBEEDEF7EFFEFE98
:10B8F0006FDBAF9FEFDFBFBF7FFBEFDFFFFFFFFF20
:10B90000000000008004102010204040902450606F
:10B9100008100101881411211830414198345161F7
:10B9200001018002810590221121C0429125D0623F
:10B9300009118103891591231931C1439935D163C7
:10B9400040400204C044122450604244D064526417
:10B9500048500305C854132558704345D87453659F
:10B9600041418206C14592265161C246D165D266E7
:10B9700049518307C95593275971C347D975D3676F
:10B9800002080808820C182812284848922C586887
:10B990000A1809098A1C19291A3849499A3C59690F
:10B9A0000309880A830D982A1329C84A932DD86A57
:10B9B0000B19890B8B1D992B1B39C94B9B3DD96BDF
:10B9C00042480A0CC24C1A2C52684A4CD26C5A6C2F
:10B9D0004A580B0DCA5C1B2D5A784B4DDA7C5B6DB7
:10B9E00043498A0EC34D9A2E5369CA4ED36DDA6EFF
:10B9F0004B598B0FCB5D9B2F5B79CB4FDB7DDB6F87
:10BA0000048020108484303014A0605094A470709E
:10BA10000C9021118C9431311CB061519CB4717126
:10BA20000581A0128585B03215A1E05295A5F0726E
:10BA30000D91A1138D95B1331DB1E1539DB5F173F6
:10BA400044C02214C4C4323454E06254D4E4727446
:10BA50004CD02315CCD433355CF06355DCF47375CE
:10BA600045C1A216C5C5B23655E1E256D5E5F27616
:10BA70004DD1A317CDD5B3375DF1E357DDF5F3779E
:10BA800006882818868C383816A8685896AC7878B6
:10BA90000E9829198E9C39391EB869599EBC79793E
:10BAA0000789A81A878DB83A17A9E85A97ADF87A86
:10BAB0000F99A91B8F9DB93B1FB9E95B9FBDF97B0E
:10BAC00046C82A1CC6CC3A3C56E86A5CD6EC7A7C5E
:10BAD0004ED82B1DCEDC3B3D5EF86B5DDEFC7B7DE6
:10BAE00047C9AA1EC7CDBA3E57E9EA5ED7EDFA7E2E
:10BAF0004FD9AB1FCFDDBB3F5FF9EB5FDFFDFB7FB6
:10BB000020020480A00614A0302244C0B02654E0D5
:10BB100028120581A81615A1383245C1B83655E15D
:10BB200021038482A10794A23123C4C2B127D4E2A5
:10BB300029138583A91795A33933C5C3B937D5E32D
:10BB400060420684E04616A4706246C4F06656E47D
:10BB500068520785E85617A5787247C5F87657E505
:10BB600061438686E14796A67163C6C6F167D6E64D
:10BB700069538787E95797A77973C7C7F977D7E7D5
:10BB8000220A0C88A20E1CA8322A4CC8B22E5CE8ED
:10BB90002A1A0D89AA1E1DA93A3A4DC9BA3E5DE975
:10BBA000230B8C8AA30F9CAA332BCCCAB32FDCEABD
:10BBB0002B1B8D8BAB1F9DAB3B3BCDCBBB3FDDEB45
:10BBC000624A0E8CE24E1EAC726A4ECCF26E5EEC95
:10BBD0006A5A0F8DEA5E1FAD7A7A4FCDFA7E5FED1D
:10BBE000634B8E8EE34F9EAE736BCECEF36FDEEE65
:10BBF0006B5B8F8FEB5F9FAF7B7BCFCFFB7FDFEFED
:10BC000024822490A48634B034A264D0B4A674F004
:10BC10002C922591AC9635B13CB265D1BCB675F18C
:10BC20002583A492A587B4B235A3E4D2B5A7F4F2D4
:10BC30002D93A593AD97B5B33DB3E5D3BDB7F5F35C
:10BC400064C22694E4C636B474E266D4F4E676F4AC
:10BC50006CD22795ECD637B57CF267D5FCF677F534
:10BC600065C3A696E5C7B6B675E3E6D6F5E7F6F67C
:10BC70006DD3A797EDD7B7B77DF3E7D7FDF7F7F704
:10BC8000268A2C98A68E3CB836AA6CD8B6AE7CF81C
:10BC90002E9A2D99AE9E3DB93EBA6DD9BEBE7DF9A4
:10BCA000278BAC9AA78FBCBA37ABECDAB7AFFCFAEC
:10BCB0002F9BAD9BAF9FBDBB3FBBEDDBBFBFFDFB74
:10BCC00066CA2E9CE6CE3EBC76EA6EDCF6EE7EFCC4
:10BCD0006EDA2F9DEEDE3FBD7EFA6FDDFEFE7FFD4C
:10BCE00067CBAE9EE7CFBEBE77EBEEDEF7EFFEFE94
:10BCF0006FDBAF9FEFDFBFBF7FFBEFDFFFFFFFFF1C
:10BD0000000000008004102010204040902450606B
:10BD100008100101881411211830414198345161F3
:10BD200001018002810590221121C0429125D0623B
:10BD300009118103891591231931C1439935D163C3
:10BD400040400204C044122450604244D064526413
:10BD500048500305C854132558704345D87453659B
:10BD600041418206C14592265161C246D165D266E3
:10BD700049518307C95593275971C347D975D3676B
:10BD800002080808820C182812284848922C586883
:10BD90000A1809098A1C19291A3849499A3C59690B
:10BDA0000309880A830D982A1329C84A932DD86A53
:10BDB0000B19890B8B1D992B1B39C94B9B3DD96BDB
:10BDC00042480A0CC24C1A2C52684A4CD26C5A6C2B
:10BDD0004A580B0DCA5C1B2D5A784B4DDA7C5B6DB3
:10BDE00043498A0EC34D9A2E5369CA4ED36DDA6EFB
:10BDF0004B598B0FCB5D9B2F5B79CB4FDB7DDB6F83
:10BE0000048020108484303014A0605094A470709A
:10BE10000C9021118C9431311CB061519CB4717122
:10BE20000581A0128585B03215A1E05295A5F0726A
:10BE30000D91A1138D95B1331DB1E1539DB5F173F2
:10BE400044C02214C4C4323454E06254D4E4727442
:10BE50004CD02315CCD433355CF06355DCF47375CA
:10BE600045C1A216C5C5B23655E1E256D5E5F27612
:10BE70004DD1A317CDD5B3375DF1E357DDF5F3779A
:10BE800006882818868C383816A8685896AC7878B2
:10BE90000E9829198E9C39391EB869599EBC79793A
:10BEA0000789A81A878DB83A17A9E85A97ADF87A82
:10BEB0000F99A91B8F9DB93B1FB9E95B9FBDF97B0A
:10BEC00046C82A1CC6CC3A3C56E86A5CD6EC7A7C5A
:10BED0004ED82B1DCEDC3B3D5EF86B5DDEFC7B7DE2
:10BEE00047C9AA1EC7CDBA3E57E9EA5ED7EDFA7E2A
:10BEF0004FD9AB1FCFDDBB3F5FF9EB5FDFFDFB7FB2
:10BF000020020480A00614A0302244C0B02654E0D1
:10BF100028120581A81615A1383245C1B83655E159
:10BF200021038482A10794A23123C4C2B127D4E2A1
:10BF300029138583A91795A33933C5C3B937D5E329
:10BF400060420684E04616A4706246C4F06656E479
:10BF500068520785E85617A5787247C5F87657E501
:10BF600061438686E14796A67163C6C6F167D6E649
:10BF700069538787E95797A77973C7C7F977D7E7D1
:10BF8000220A0C88A20E1CA8322A4CC8B22E5CE8E9
:10BF90002A1A0D89AA1E1DA93A3A4DC9BA3E5DE971
:10BFA000230B8C8AA30F9CAA332BCCCAB32FDCEAB9
:10BFB0002B1B8D8BAB1F9DAB3B3BCDCBBB3FDDEB41
:10BFC000624A0E8CE24E1EAC726A4ECCF26E5EEC91
:10BFD0006A5A0F8DEA5E1FAD7A7A4FCDFA7E5FED19
:10BFE000634B8E8EE34F9EAE736BCECEF36FDEEE61
:10BFF0006B5B8F8FEB5F9FAF7B7BCFCFFB7FDFEFE9
:10C0000024822490A48634B034A264D0B4A674F000
:10C010002C922591AC9635B13CB265D1BCB675F188
:10C020002583A492A587B4B235A3E4D2B5A7F4F2D0
:10C030002D93A593AD97B5B33DB3E5D3BDB7F5F358
:10C0400064C22694E4C636B474E266D4F4E676F4A8
:10C050006CD22795ECD637B57CF267D5FCF677F530
:10C0600065C3A696E5C7B6B675E3E6D6F5E7F6F678
:10C070006DD3A797EDD7B7B77DF3E7D7FDF7F7F700
:10C08000268A2C98A68E3CB836AA6CD8B6AE7CF818
:10C090002E9A2D99AE9E3DB93EBA6DD9BEBE7DF9A0
:10C0A000278BAC9AA78FBCBA37ABECDAB7AFFCFAE8
:10C0B0002F9BAD9BAF9FBDBB3FBBEDDBBFBFFDFB70
:10C0C00066CA2E9CE6CE3EBC76EA6EDCF6EE7EFCC0
:10C0D0006EDA2F9DEEDE3FBD7EFA6FDDFEFE7FFD48
:10C0E00067CBAE9EE7CFBEBE77EBEEDEF7EFFEFE90
:10C0F0006FDBAF9FEFDFBFBF7FFBEFDFFFFFFFFF18
:10C100000000000080041020102040409024506067
:10C1100008100101881411211830414198345161EF
:10C1200001018002810590221121C0429125D06237
:10C1300009118103891591231931C1439935D163BF
:10C1400040400204C044122450604244D06452640F
:10C1500048500305C854132558704345D874536597
:10C1600041418206C14592265161C246D165D266DF
:10C1700049518307C95593275971C347D975D36767
:10C1800002080808820C182812284848922C58687F
:10C190000A1809098A1C19291A3849499A3C596907
:10C1A0000309880A830D982A1329C84A932DD86A4F
:10C1B0000B19890B8B1D992B1B39C94B9B3DD96BD7
:10C1C00042480A0CC24C1A2C52684A4CD26C5A6C27
:10C1D0004A580B0DCA5C1B2D5A784B4DDA7C5B6DAF
:10C1E00043498A0EC34D9A2E5369CA4ED36DDA6EF7
:10C1F0004B598B0FCB5D9B2F5B79CB4FDB7DDB6F7F
:10C20000048020108484303014A0605094A4707096
:10C210000C9021118C9431311CB061519CB471711E
:10C220000581A0128585B03215A1E05295A5F07266
:10C230000D91A1138D95B1331DB1E1539DB5F173EE
:10C2400044C02214C4C4323454E06254D4E472743E
:10C250004CD02315CCD433355CF06355DCF47375C6
:10C2600045C1A216C5C5B23655E1E256D5E5F2760E
:10C270004DD1A317CDD5B3375DF1E357DDF5F37796
:10C2800006882818868C383816A8685896AC7878AE
:10C290000E9829198E9C39391EB869599EBC797936
:10C2A0000789A81A878DB83A17A9E85A97ADF87A7E
:10C2B0000F99A91B8F9DB93B1FB9E95B9FBDF97B06
:10C2C00046C82A1CC6CC3A3C56E86A5CD6EC7A7C56
:10C2D0004ED82B1DCEDC3B3D5EF86B5DDEFC7B7DDE
:10C2E00047C9AA1EC7CDBA3E57E9EA5ED7EDFA7E26
:10C2F0004FD9AB1FCFDDBB3F5FF9EB5FDFFDFB7FAE
:10C3000020020480A00614A0302244C0B02654E0CD
:10C3100028120581A81615A1383245C1B83655E155
:10C3200021038482A10794A23123C4C2B127D4E29D
:10C3300029138583A91795A33933C5C3B937D5E325
:10C3400060420684E04616A4706246C4F06656E475
:10C3500068520785E85617A5787247C5F87657E5FD
:10C3600061438686E14796A67163C6C6F167D6E645
:10C3700069538787E95797A77973C7C7F977D7E7CD
:10C38000220A0C88A20E1CA8322A4CC8B22E5CE8E5
:10C390002A1A0D89AA1E1DA93A3A4DC9BA3E5DE96D
:10C3A000230B8C8AA30F9CAA332BCCCAB32FDCEAB5
:10C3B0002B1B8D8BAB1F9DAB3B3BCDCBBB3FDDEB3D
:10C3C000624A0E8CE24E1EAC726A4ECCF26E5EEC8D
:10C3D0006A5A0F8DEA5E1FAD7A7A4FCDFA7E5FED15
:10C3E000634B8E8EE34F9EAE736BCECEF36FDEEE5D
:10C3F0006B5B8F8FEB5F9FAF7B7BCFCFFB7FDFEFE5
:10C4000024822490A48634B034A264D0B4A674F0FC
:10C410002C922591AC9635B13CB265D1BCB675F184
:10C420002583A492A587B4B235A3E4D2B5A7F4F2CC
:10C430002D93A593AD97B5B33DB3E5D3BDB7F5F354
:10C4400064C22694E4C636B474E266D4F4E676F4A4
:10C450006CD22795ECD637B57CF267D5FCF677F52C
:10C4600065C3A696E5C7B6B675E3E6D6F5E7F6F674
:10C470006DD3A797EDD7B7B77DF3E7D7FDF7F7F7FC
:10C48000268A2C98A68E3CB836AA6CD8B6AE7CF814
:10C490002E9A2D99AE9E3DB93EBA6DD9BEBE7DF99C
:10C4A000278BAC9AA78FBCBA37ABECDAB7AFFCFAE4
:10C4B0002F9BAD9BAF9FBDBB3FBBEDDBBFBFFDFB6C
:10C4C00066CA2E9CE6CE3EBC76EA6EDCF6EE7EFCBC
:10C4D0006EDA2F9DEEDE3FBD7EFA6FDDFEFE7FFD44
:10C4E00067CBAE9EE7CFBEBE77EBEEDEF7EFFEFE8C
:10C4F0006FDBAF9FEFDFBFBF7FFBEFDFFFFFFFFF14
:10C500000000000080041020102040409024506063
:10C5100008100101881411211830414198345161EB
:10C5200001018002810590221121C0429125D06233
:10C5300009118103891591231931C1439935D163BB
:10C5400040400204C044122450604244D06452640B
:10C5500048500305C854132558704345D874536593
:10C5600041418206C14592265161C246D165D266DB
:10C5700049518307C95593275971C347D975D36763
:10C5800002080808820C182812284848922C58687B
:10C590000A1809098A1C19291A3849499A3C596903
:10C5A0000309880A830D982A1329C84A932DD86A4B
:10C5B0000B19890B8B1D992B1B39C94B9B3DD96BD3
:10C5C00042480A0CC24C1A2C52684A4CD26C5A6C23
:10C5D0004A580B0DCA5C1B2D5A784B4DDA7C5B6DAB
:10C5E00043498A0EC34D9A2E5369CA4ED36DDA6EF3
:10C5F0004B598B0FCB5D9B2F5B79CB4FDB7DDB6F7B
:10C60000048020108484303014A0605094A4707092
:10C610000C9021118C9431311CB061519CB471711A
:10C620000581A0128585B03215A1E05295A5F07262
:10C630000D91A1138D95B1331DB1E1539DB5F173EA
:10C6400044C02214C4C4323454E06254D4E472743A
:10C650004CD02315CCD433355CF06355DCF47375C2
:10C6600045C1A216C5C5B23655E1E256D5E5F2760A
:10C670004DD1A317CDD5B3375DF1E357DDF5F37792
:10C6800006882818868C383816A8685896AC7878AA
:10C690000E9829198E9C39391EB869599EBC797932
:10C6A0000789A81A878DB83A17A9E85A97ADF87A7A
:10C6B0000F99A91B8F9DB93B1FB9E95B9FBDF97B02
:10C6C00046C82A1CC6CC3A3C56E86A5CD6EC7A7C52
:10C6D0004ED82B1DCEDC3B3D5EF86B5DDEFC7B7DDA
:10C6E00047C9AA1EC7CDBA3E57E9EA5ED7EDFA7E22
:10C6F0004FD9AB1FCFDDBB3F5FF9EB5FDFFDFB7FAA
:10C7000020020480A00614A0302244C0B02654E0C9
:10C7100028120581A81615A1383245C1B83655E151
:10C7200021038482A10794A23123C4C2B127D4E299
:10C7300029138583A91795A33933C5C3B937D5E321
:10C7400060420684E04616A4706246C4F06656E471
:10C7500068520785E85617A5787247C5F87657E5F9
:10C7600061438686E14796A67163C6C6F167D6E641
:10C7700069538787E95797A77973C7C7F977D7E7C9
:10C78000220A0C88A20E1CA8322A4CC8B22E5CE8E1
:10C790002A1A0D89AA1E1DA93A3A4DC9BA3E5DE969
:10C7A000230B8C8AA30F9CAA332BCCCAB32FDCEAB1
:10C7B0002B1B8D8BAB1F9DAB3B3BCDCBBB3FDDEB39
:10C7C000624A0E8CE24E1EAC726A4ECCF26E5EEC89
:10C7D0006A5A0F8DEA5E1FAD7A7A4FCDFA7E5FED11
:10C7E000634B8E8EE34F9EAE736BCECEF36FDEEE59
:10C7F0006B5B8F8FEB5F9FAF7B7BCFCFFB7FDFEFE1
:10C8000024822490A48634B034A264D0B4A674F0F8
:10C810002C922591AC9635B13CB265D1BCB675F180
:10C820002583A492A587B4B235A3E4D2B5A7F4F2C8
:10C830002D93A593AD97B5B33DB3E5D3BDB7F5F350
:10C8400064C22694E4C636B474E266D4F4E676F4A0
:10C850006CD22795ECD637B57CF267D5FCF677F528
:10C8600065C3A696E5C7B6B675E3E6D6F5E7F6F670
:10C870006DD3A797EDD7B7B77DF3E7D7FDF7F7F7F8
:10C88000268A2C98A68E3CB836AA6CD8B6AE7CF810
:10C890002E9A2D99AE9E3DB93EBA6DD9BEBE7DF998
:10C8A000278BAC9AA78FBCBA37ABECDAB7AFFCFAE0
:10C8B0002F9BAD9BAF9FBDBB3FBBEDDBBFBFFDFB68
:10C8C00066CA2E9CE6CE3EBC76EA6EDCF6EE7EFCB8
:10C8D0006EDA2F9DEEDE3FBD7EFA6FDDFEFE7FFD40
:10C8E00067CBAE9EE7CFBEBE77EBEEDEF7EFFEFE88
:10C8F0006FDBAF9FEFDFBFBF7FFBEFDFFFFF07FF08
:10C900005982E5AB7FF5B3A01156BFCDCA2038538D
:10C9100008E385ACB6A57A2E61B44D7C14C7DD6CF6
:10C9200079056083BFB070636ADA777DEF2331E108
:10C9300071A184AC0927F171304B507F0946F3C8CF
:10C94000ACDFF3D2E6F096803B02BD42405A3C9108
:10C95000F7B2814D9952DBC606920348710AC6248C
:10C96000D11E21639742B682CEAA6307802A2F1A6E
:10C97000C9337C626D7132F8A056623826172002E6
:10C98000A62C3B0EFC0AF1272D63DD95EA28B8E9B9
:10C990003828FEA61A2373898A5ABE2CE11BF8D6C2
:10C9A000B9F82B4AD1ED734EBA66353613092767AD
:10C9B000AB6A2A88DDED1EDA23C64B633742039447
:10C9C0007A6CE760762EE5406D4C3C20EA97D59A6C
:10C9D0003527D180559ABA6CA506E828215BFA0163
:10C9E00087B60503532F65289797372CE8F3FE6326
:10C9F0002959AF09F3A23722E49BEFE2B9292EE9C6
:10CA000084B240505B8047186CA480D16BCF1B7FF1
:10CA100056E34BBAB220D190A8D29EFC0C45D2313D
:10CA2000957FA692157413C29585418D159790F246
:10CA3000759541925B6635BE4B404213A319F7B31F
:10CA40007C3A8E19FC963C56011B934710617CFE84
:10CA5000DCB2D47037DCD6CACE0F71985CC6133501
:10CA6000E95E53C08FC096FB2E9FC6DB12C1997939
:10CA7000759661BD96D5C8F70F0A143B4D0E12E4AA
:10CA800086AC89C7D06ED35C24986C1993CE8B1D6D
:10CA9000869C8886F376BBA39E8A0919F9C2AB38B7
:10CAA000B3EB571CB98B9CB729108355AF567787CA
:10CAB000BBFB8DB087FF46578F484ADBA743551510
:10CAC000FD5A2A5D46C8A0A76E774E5AADAB87CAFD
:10CAD00095D8549D4E57D651EA9A941CDE056F3F67
:10CAE00018C995E1C734B67E5BF94B816C77DEE5FA
:10CAF000CFD849120B23A3D206720EDE5FEA7482EE
:10CB000028F1888DDE00F523B040B7A50BBCA36DDE
:10CB100092E3A6C190ECB9ACB8412F4441DDE6A345
:10CB2000DA24257D3EF418E30907AFCDCADCEB1DFE
:10CB30001B23852CD69590E32BED2E873D5C447E00
:10CB40006C46A75B803BEE58A053E73BF04235B6FE
:10CB5000A688A62E78662D0AE883E485A0CABC8143
:10CB6000D521A28099606BA94FC2E8196694526DD5
:10CB70001157670649241B2447C7C1076987609678
:10CB80008279AF0B9AF0B0A50CC82E319B5578E591
:10CB900012E0A18457EF77899E58BAACE4DC1DA857
:10CBA0002FF800CB33E71E674D2CE86548087D154C
:10CBB0005464E684F41BEEE303C4786083C171E639
:10CBC00042B98A21C9BD92217708B9A98C68BF6F83
:10CBD00055ABACCD8A0409CB07153332C290F3E0D4
:10CBE0001BFB83CF076B770D4B943B8F3D9C52AF64
:10CBF000596B8BCE7BDDCC7EC2C7387257E4FBE22B
:10CC00005C86CDC3FE17EA4F0692627F8C34752D89
:10CC100057B5842E966CCEF37541E90C1BC0F76DA9
:10CC2000E597BC9F9F15B46D95D04751D7A7D0E924
:10CC3000133FC5B329FC44F2459418DC7C30D1E89D
:10CC40009FE5AB992039D72B5F11E25964D4164385
:10CC50008FF6513A55349BC844D6C64AAE8B5370B2
:10CC60009AB8780B9AE35DD2279E0DB28BE11FF93B
:10CC7000C9B154F295F3359FC9916A21EF481CB3AD
:10CC8000D9F80247983A4017A659E0D513D88BE84F
:10CC9000953FDAD8D0999C66C1C01BB5179AD19C34
:10CCA00098BA0D6507FCD6694C8C4D2B0D40692751
:10CCB000768048441BFD42FAFB4510B9874551F682
:10CCC0005E310AC166ACC1D94D744A51C80C1C050D
:10CCD000CEA98C1E5ABCB23B72980F5D44A1DC9861
:10CCE00055FBEC31DFEB1F610A016C44679901EEE3
:10CCF00026FF2D66C7A17DBF8089C19E401DDB75C3
:10CD000087FF6B0FD6C41E8B97A4CD83DCD7D4CD01
:10CD1000980F6BFCD9E795AC3006A04EB0D7310B1D
:10CD20008172EE87F90C70A3635CD800E995B3209B
:10CD3000694B9765DB4F7A47ADD3415BE733386C7E
:10CD4000C4B16CC5FC739705689EC1496906846EC1
:10CD5000E4C702749050BAC0B4F40BA674CD7168E5
:10CD600081036644019BE7DB2EA363D941678024DE
:10CD70008912930A90D7952B5134446618F798C9B5
:10CD8000FD8C9F1CB88BF3EB72C80F45C0DCB30C55
:10CD90009A6B6365F4A8F886B68CABB0E2B8D0495C
:10CDA0004B0CF7F5A31DF8856128D80828CF749798
:10CDB000698D8A315D9910839B3B8BE689A4322F64
:10CDC000396FAB62D3C89B1A92B63FB1EA4CFB0EE7
:10CDD0004A1805A0299C472B5AFCCA07E5F8DE81B2
:10CDE00025FC7B88BC0A44B34BC4CC428A57588488
:10CDF0001DCBCD0780613AA3243E15D2BBA82A6281
:10CE00007C89D552A8D550FBAE30E25BEAA3857F82
:10CE10001914ACEEDECFDA555E97C2DC4AC71FF8B4
:10CE200029CDA67EFB8359560F43094121DA53D2FF
:10CE30001FF74A57B7124E71A93524001E5523D843
:10CE4000DAA2D57100147E37343816590760F344DE
:10CE5000EB24DC053950BE864C9267785C33576E04
:10CE60007D3E860DFDC0A0FD9164A1A515A2957C17
:10CE7000F73EA53B32751245EB798400BD717266B1
:10CE8000386A4AB3AA8D580AD6EA8C85C7354B7ED4
:10CE9000082DC0FADC6DD25DDEFA8D1BE69B906A30
:10CEA000798E5515F98B51356F8E15552D2FDBF376
:10CEB0007D9168B6B57F15C6B32EEA1BE79A9A5BDB
:10CEC000154CF3839FF6DBFDC600F09116AEE01221
:10CED00054D90A5DB126B63B9EBB961F5F7E0633D2
:10CEE000271C4513B8455FBD4FED43BB30972C76EB
:10CEF00073EE984901B21A89732C6A52E702FD83D6
:10CF00001AF16A2DB2F8FFE4666586028EC4364BCC
:10CF10002D968CD9D611F4C7D4A017C90C5453CD73
:10CF200077FDEF8D9F00F63E39362D61CF20753DA0
:10CF3000E954BD0F56931C83BBB74800B907CF4CCB
:10CF4000E6316CEAAA5B34A993A21AC213A616FFB3
:10CF5000A8156102C8CB24A38F52E68598AE27A7F7
:10CF600003DB8746F3CFF1F33A5FC0AA569329A7B4
:10CF7000F55A058C2915A7AA4544D50C5537F7EA6B
:10CF8000E24DF309B0CFF7EC404F508A125DFF6BD2
:10CF900052AA6626D419FCA68ECA4EC6A8B3B6AD50
:10CFA0001FF808279DEDFE211B1D2DC5EDAB5DC5AE
:10CFB0008F642E201F603EE91BB7FECD85DDBF408C
:10CFC000ACBA06831969BF53C74E48C072A97A61CB
:10CFD000957EACCF091E4BAB96FECAA4F263DD145E
:10CFE000D4FAAA750F344033730939AB0CEB41EA1C
:10CFF000535B0D84A0633E23337F662A131DD9E360
:10D00000727387A0DC975A1D18178D7374F042B2A3
:10D010008CE0470D96655BF378C10F5708C9D6F5CC
:10D0200017B3A53D7335E815D931EEDA99AF01FD97
:10D03000539444F58196D519FF73E1F63B337CE3B5
:10D04000DE2253D6841383B94BA0C7093D2664EF73
:10D050009056AE7C4B22C848441F7D973CB4ED9956
:10D0600049BCA0DA8607F6AD5D811BDA956377E7E8
:10D0700045B15E9BBDB5A5B1550B64DA1A8D21FD96
:10D080006C97AE33D888D5B709D906B68C4CD0F793
:10D090006E180E53966091B40AC1847A16F77C59C3
:10D0A0009869C789F57F57DE5533ED9A77ED18B843
:10D0B00017EBA5926FDCBD3A9329AB76E10AC9FF65
:10D0C0005EB4AF91A81D9FBF8928CF03F56C03B252
:10D0D0006C5EAE068E0B82FF4600E29F373E7B936E
:10D0E000D8890FE5DF4E8DEB1F8915D0CF10F802E0
:10D0F00007B9509147883D55794EEE9F6FB8DBFFD9
:10D10000A7B833E8BEB89DA658288868C79610EC23
:10D1100055F6074D0625673E382189F2C1B6576D91
:10D120005A01B7BE83C5F4A9C632C54AAF9DF343C1
:10D13000439508B233EAF2CBCA3381E188572E0611
:10D140007BCE0394BEF0F987B7A0525F7CFBA3B2FD
:10D15000AFD21084B6E1150960832D43896539612A
:10D160002189EA0B0106882BB017E32699601AC5BE
:10D1700071CF82258C377834C62A62E833F7AEBB8C
:10D18000A14DE38094B5ABE54529780AAAAE4BA939
:10D1900050E7E2FACAEC548864789D61E2B8D82975
:10D1A000A05863C278CA4622BBB41CB93CCF74975E
:10D1B0007559BA0D58F75CF6657D28E4A3C275660B
:10D1C000820F7F0A020F00210380C881EA9F6061FD
:10D1D0004CDA188CDCED1D01F6E9C4BB8C0F310173
:10D1E0000A6D8C42BDE4F960119AF00CADC17BC1AF
:10D1F000E4BB27F2DB3F78265371F81982FF1D65E7
:10D200003C7E8C1D2B669CCDAB33658D75E42776FB
:10D2100073145A4FD6C15982BFF1BD1934BBEFEC1C
:10D22000FA0521C4FDF75B8173E0E1B2DC397F30A0
:10D23000B6D300EEF4E3B73F3B08F0117CF5A175DF
:10D24000443D6656BA6C9E39CB26C3FB6E74990773
:10D25000CF20DC1A7644D8661E0351535E16F3774E
:10D260004173200CBB6C81308309609BB52DA6FDFA
:10D270008D924E55AD1DE7BC14ED803702F4733727
:10D280002EEA2E145508B9C93E7A6E54DF89D98E1C
:10D2900036668514D9AE59FB78E89CFF7DFC3C7F4F
:10D2A0006D0D292A47CE1697122D658AF765DC7712
:10D2B000F01D28F1F19B50349379A58FD62D58A4F9
:10D2C000C459BF9BC02E13A22E89B95AEC137C609F
:10D2D000E7627C4151879A921885484D84E8D83C92
:10D2E00094862916FD3EDC38C833EC32D76FE9AEA0
:10D2F00015BC369519BF502C670A8DF4BF35AF7237
:10D300009A92EF530AF6590167513EAED0EE641C73
:10D310007190E0ED020763A5F870868328B446A3F8
:10D320009B936F31F6ED515F579FC788C90029ED78
:10D33000EDEC6C304506EF0E110EC3AF81C979EEEE
:10D3400018C68B5DE3B69105CAD04E84B797F5A495
:10D35000C043859FD0A521A1C2C0430578F2D6D590
:10D36000018BE2C4B7C31FA7516AF590CFCB3667D4
:10D37000780C24E22EBF156A190E48CA393512A559
:10D38000CE950D72F5BC5C94B1B94D15D2E678AA74
:10D3900072D30B85E39A1BE5998791C1DAF60BAB43
:10D3A0001DB3EDAA6348E9AC5596CF2A1F35DD9A27
:10D3B000419F0C7AAD9D8E291D8280A51330437646
:10D3C000DDA82A97A0BD28A80CC36704DA6758C057
:10D3D0006AB7F0D68A2398A0E521CF0DACD2174EBC
:10D3E000B1B38E35253D756D4998A8C8882FD24AAE
:10D3F00044B2685495EA33A24188A9C9DBB0ECE98C
:10D400005B065FCEF64E32BCB8BD257400C4F6EAAA
:10D4100093C9A69C7F12B4815AE69077B4BBF7EB10
:10D420000EFD752E98F1B2BE62EA6B2FA7237966C6
:10D43000D251044C6DD41B1E33F3A907AD33708752
:10D440007A8DA55DDC355CB222E3E6D58E86107957
:10D4500047AFB202D267BA43D0631ADEEA47C43894
:10D46000CC04DFEA7A991749159E7D948B56953541
:10D47000B79CCD7CA54A5EA4BD719AC90205D6B6FB
:10D48000E6EBE14CF1BC5CAA38B5297C53D4EAF058
:10D4900010DEE791FC563BB51E8D8C768650D1F49C
:10D4A0002B94A9F4D98955B560E7A469A42DEFFBA5
:10D4B00011DA6768928EC71668A897084278048DBB
:10D4C00066CAB3022689FBFE4E5862AC36AC04BE77
:10D4D000B8585221445ABE8D004E047E4A9C80505A
:10D4E0005D38C831CFC6B8B2179661D3DFD25F219D
:10D4F000AF9CE5F3D72513B2FFF9A752A97B7E4174
:10D50000BA8481D3DA4030E290F04D636DDAF73DB2
:10D5100024B7E8A2461EE7AF9D2D4760CB245943B0
:10D52000C14398400515DE337A86E6DCF9598FA8A9
:10D53000C957E241764557EDB493C7DD4A415FBF15
:10D5400063F5DA177BD7682C58E4C3DDAEDCE7F26D
:10D55000D79AA00309D66E3BF47045698FF0D29438
:10D56000E4E863008936E02D9122E104AFC8D46A73
:10D57000D69E201CF1C7972D743183BCE18F7F6A42
:10D580002A6340AB7D46BCB1612544CBECD3FBD6CE
:10D59000253C2460DB71EB14F29D4529332600DA2B
:10D5A0003DB86ACA1211985A9E72AAD2D6BB01859A
:10D5B0009768E0A28B118BEA8B039DC8C59F260557
:10D5C00027BE1AC3C52E7A12566A4EB7AD135C40F9
:10D5D0008A1F0B0055AF978064C402FE1A3BE9C254
:10D5E0003DE4619DBD4B7BAD532637327BE95B9FAC
:10D5F000B07E2AF01ABF19D6037D773C081309C004
:10D60000878047D95D93BE47B2546D526BB470A00A
:10D61000F7EE21077353910B9F4400513D3B833C30
:10D620001BD186E239FB536D1575D30203F9D389FB
:10D630006CF82551D908CF0A1D858CB8E34A46FC01
:10D640009B9B1D6425B2BFB2069D89306BABC5E1C3
:10D650008C340498DE12351939E4FF268BCB05375C
:10D660009CC1D9E94705AAFB6B4D414D00DE80A363
:10D67000337D4A24DDA685389DB392FA5DE22713F7
:10D6800096AC2038F1F2C75590BC97A7D5B1687811
:10D69000D4E90BE91B7481B4E1A596A6A643C2A404
:10D6A000F8773F0C75F0B53A69DDAFAA82F538EF2F
:10D6B0000B84500C35DE86436093AED126CB107BB5
:10D6C0000437C34F9F427E4807D5811871EAAB21CA
:10D6D00072112D7145F85032807CE6BD6D55872E54
:10D6E000EB56AB5E94DC8C12695CEC72FCB647C204
:10D6F0004F5D2AE54FA2BD339FBA72571FF937110C
:10D70000FEF76B6B6FE62FE4BB406850D1965CB2BE
:10D7100037F72ADA12FCEAD1FC8A90A2FDFFF08FDB
:10D720003E7AFD3B8080608CB506B65EECF87CBA34
:10D73000B367E08B2D1687C0BD23377FDEF7DB2B69
:10D74000A00506C689440CA24ECF7BCDA7E2D757D1
:10D7500036FF0FC78A521415ABF6CA2B8351F65AFF
:10D760004DAD87E67E8837CAE75DBC333125CEEB09
:10D77000C5462658D16744081F333261A795D31A8E
:10D78000F8B65BCC3EFE77D3F6929DC56F69CBDCD5
:10D790002A906A20D5E51919119F3F55D39D3CFB6E
:10D7A000070C4C7381840925A72E8C5661A2DFECEF
:10D7B000A7BF8F743953B8E0EF1E9D6B7EF617F745
:10D7C000D628F1CE423C7C55A52A54D7C05E1EAE69
:10D7D000931A032692DC62D33263AA4C4E1CD25BAE
:10D7E000CF5E88A29D4877FD161D0C6EDB667F31EB
:10D7F000385AF876D34F3CB454884B4204010D9309
:10D80000FE520260600F0ACB3A4A702FF2026D0A94
:10D810004D662AB0E1BE79B136E32611DA15AC1CAB
:10D8200067825BCD915C4B94CA4D545829D3C9692A
:10D830002D8EA1F0385B5D9CC284A65B4148F5F358
:10D84000A48105D6F742B7A7761F6ED04B75F25963
:10D85000CB6E21F9407CDCE6C3BD8EDD4786F7E365
:10D860003A0D72252585CAF4F51EE6AA519776E988
:10D87000EB57266D544D5C84734EC497F5F378B620
:10D88000F2D0A9FB595CAE522846B927B6AE7CF857
:10D89000FA3ED415A9AA2C23ADF1A9704141820604
:10D8A00074D1FC6AB48FBCFA37542455B7AF030562
:10D8B000FBA77E0B09387E36EFA62C4E1C0E2138B6
:10D8C00058625233B82C3A41C352874F5ACA839296
:10D8D000422F2926C67639B1A9C56E9FC1A15BBC6E
:10D8E000C7B8C0DC278DFAFCEA8BB90B90AFBE023B
:10D8F00086C5D16BEA5B32A8D32C250CFFFFFFFF56
:10D900003AF32EAFDACC6262B8BF462C3CA0D58287
:10D91000A08F62DF1FE795AA20CFA8C2F8E1826C32
:10D9200055F2A6402968F362A1433727D921D9D1FE
:10D930009EE2058801A97A47D972D54E64CC55F884
:10D94000D3222009B8AC8E2290E4CFD6021F12CB8E
:10D9500068F10509B65C91DCA757E243891A9986FC
:10D9600047C9E5DE5EF6944A31A9804B04A26FC038
:10D9700049D506FD3FD11E88C64E1E48D17D47843D
:10D980009DB4E36CB9EEB495690FE9F71ED15CB3B1
:10D99000CA5FAD825AFCF18979F845EDC3B2BC0784
:10D9A00039EB2405FB1CBE87BF5612971FA901F552
:10D9B000F4FB2504DF1F3186CB892028F93DD82BC5
:10D9C0000A6588E6A299AB21E617E95777C4A3EC6C
:10D9D000CA6A6BD6AA89F620584A2B9D8BF8DA5D65
:10D9E000282BE101386A3BD1331FA141ADD5DC22A0
:10D9F0008B1FA14D5CA219C5257F2240E39377625E
:10DA0000DD805BEFCC8039834D2285AF3CC9F218B5
:10DA1000CC740653EE9032712211A351A44B77CAF5
:10DA2000DA85D77AE550633FB9D2C6A435C7071760
:10DA30007117CA90812C82355570081074CB7C11F7
:10DA4000FA72AA94542C0CAFABC7C352AA582A70CE
:10DA50008C93CE927750B6BFE88FC047E3AB8E1958
:10DA60009F552284C5296B0DCA463F59B697098A2E
:10DA7000EDC142D80D93EDE3E7733205BFE5F056F3
:10DA8000F9FAAA133C633E14A5095B18692E2B1002
:10DA90006E4DC614D712DC57B572D2E6F9CEBB79FB
:10DAA000C96B4379D40961A5BB0C3D39AF56758765
:10DAB00015988AF1ED9DB87B34C738DA9760FF7707
:10DAC000664C2C30903F5CE8B25A13ED8C410663F3
:10DAD000944DAB0DE2E5C4E9F260E9B7C9169EE2E8
:10DAE000F97B269E113E887C373C0F1C6D13990DE7
:10DAF0008F9A46989A2E8DB2649B1C3A3363FAAF84
:10DB000026A6EDC37441D68042234864BC9FD60A42
:10DB1000328E4CA21AA613CF06966681EE372EA53A
:10DB20007907CCA1F81895D2E1938C81DA456B493D
:10DB300071D8831EA59312703F924845E272AAA342
:10DB40004CAA84EC5A24945D22AAADA00D219CB766
:10DB50005015D9188883E6A8180FED39F9786D911A
:10DB6000C12175E394C313E0499C6ACB48F4ECEC03
:10DB70008A93D3811270365801543AC8280C9748BA
:10DB8000E78E9BC815AE3863F159664E696B5A46ED
:10DB9000EA597FCB428F2EAF5ADA0AC6E23A545A7C
:10DBA0007A8969F55CF263EB336B3447A050BDCAE8
:10DBB00004E1B28F11585FEB459A26887B79B1A9B1
:10DBC0002976AFE0829BA3A1C89BED4CA5A9E31ADF
:10DBD0002BAE1EC1533C9D54DA09EC4E51108A11F4
:10DBE000A7EB2F2E74B01C44415BCC614AF1DFBE21
:10DBF0002D7F89A31EDB1AE9328843C24620266F97
:10DC00005A23CFD3A83F329CF451E05BB422F5BA3B
:10DC1000298D079713E63DBA045CC9DC5FF62BB388
:10DC20009227A21EF3037F237C1B0FB6CA602A6FC4
:10DC30007546049A2DD6CFF1C03760251582F3DFE3
:10DC400046C641869B2EB4794C1DE42DAE4B0AEBA3
:10DC5000F3FD84F0A41B31F9C310E53F29CFC4398B
:10DC6000A5804B909EBC3B20C29D45B35F9D337DFC
:10DC70005731250DBC53364644911CB246A1ABF337
:10DC800070F90E178E8E3A946CAE1077EF2C71BC33
:10DC9000103FA21F47E0B0DBFEFD08525221C82F03
:10DCA0003F2BE4F9B670BA01975BE5098F4150F755
:10DCB0002BDBF3D9501DEED37D82069FB7A77F6182
:10DCC000F1A8D110DE2092B14E6813FB9BF7847C43
:10DCD0003EB823DF574D55B7067812BA2BC7CC3064
:10DCE000A34EEDFE1A88747D580942631F9D057589
:10DCF000C67E2D85EED1D5CBC4194322001FE9F98C
:10DD00000C04064C3466AF6228DAEC4DB858B903FF
:10DD1000C857640724D1ACD0103C474D48B0D43824
:10DD200020850D2FAD3C6F60FDBE319406D654CFDB
:10DD30008115874F767BE7FC08B548DDF1572E6DDE
:10DD400041336883D8DCBE29D027667433A38CF9AD
:10DD5000D8416520E05DB2FA338F45B9B8F0D2748E
:10DD60004544FD260107E4647D58C40A32A58C7D34
:10DD70001CAC83467D371CA19031C729E1527298B3
:10DD8000238C85753D3DB9D71A2CC709AAD25ED31D
:10DD9000C9E9AA4926D99BD0B6AA41414BB8D44D6E
:10DDA000C34EED0E38A86F6873545B477A33E29E1A
:10DDB000B49D089A627F9F271ABBB4355B7E966735
:10DDC000820E854EEB32D82CC21AF10E79038F11D8
:10DDD00071C60854273E7A6D673F9547F241F76058
:10DDE0006BD707F88B4518D7FBB388B1132A1F2CC4
:10DDF0002B245202D359146ED0FD4A4FA4F9A4CF5C
:10DE000017E2E17263C4341CD4E6615AAC5EFF329F
:10DE10008C57050AAA34BD732434E082A20552113E
:10DE20004F94801F82969A76D3239DCC9310F192C3
:10DE300068E72E9525BE303EDDF3F95E42B4D5315C
:10DE40007C3E8E192D03CFB2FC8E63D5DCE0FD3510
:10DE50008C93E81FC4D0BC74A7D7C2AACF96B2FFD8
:10DE6000BA4523FC1ABB703695A3D25B79C170EC1E
:10DE70009F552A3BADA8243A607562EB5AD55237BC
:10DE800082486C0839CE9995ED8FC9363AAF7E3409
:10DE90008E5F0D1FB03D45961E786118B6DE807509
:10DEA000BD1BE812550939E375651DDC6B297193BB
:10DEB000839D08752FEE9B797FC47A56A7C3787629
:10DEC000868A32113B48BFE796AA161E3AC8494ACD
:10DED00029A6F915AEA1E07F9EBA5B1F96E86BB04C
:10DEE000BCEE0B722B52BB4EFF87EB8E6D2A381E99
:10DEF000DDB2AD1367DE65357343ED53BDF8FA3F10
:10DF0000E041AA3D7382959008B04CCA885DD5ED7A
:10DF10000079038DAC3298E0A7F9E4839054A1D244
:10DF2000E1442DC0614195A8B164E0C40A65751F44
:10DF3000A9970CE40AB74980118FC3CF0E9B347C9C
:10DF40009FC6DBDE803BC5A9489CEAC94F2194A748
:10DF5000F709A605C05FB67A8FF6C6F538352F8B60
:10DF60002942A2802105E0E48E08C0CAB96359A7FE
:10DF700014BB054A5D3568A141896BCA9B3D22618E
:10DF80001D8E81F581AAC4CBA548BBADCDC346AAE1
:10DF9000156A4D82786D7F2B51584BC545FCFC3678
:10DFA000E349353A06BF7D050BD44E339B395FE715
:10DFB000DA3F0F11546CFBC7E8BF4C3AD35D26E53E
:10DFC00020B5B7E07D95BFEE9EF5BF1AF2AE02AE6A
:10DFD000D7310981EF3CECC8FAFEC65A4E1CD06B13
:10DFE000840B8AA2CBF398A23BCFC8C2DB6F7F31F0
:10DFF000B8DF0EBFD3A49914BB39D78D24011DEF10
:10E00000469227700CEAB7BD46A324B50BE4D5258C
:10E01000649301D36C6FA265A368C42EC74D4A7187
:10E0200091E166125A45156D0D8447D4E098C27F80
:10E03000850E5AD17B8887175DCE72DE7DF531FD66
:10E04000E946A76564A489C9E366E38918C245A2C5
:10E050009356A643C4EB9BB879B1E9BB6B0996967E
:10E060005D3D0A9B25818CF43DE76B974F18E43B9F
:10E07000AD906C9DFBB54817ED71B44606300A7142
:10E080000A652DA87288F4FBDA356D1B8E51FFF5F9
:10E090004C9A2EB986FCC0B5FEF81B9BD6DC8E953B
:10E0A00098192D47030B398F57D63FD74C6D5D45D7
:10E0B000BF1F2CD997ECDBF917B24C847FAE93F1DC
:10E0C000264EA7B0461DBAFC4EB860BEF0901FF8B1
:10E0D00095FD8EF3D67BC8FF46FEE09C12DA79638D
:10E0E000A789D293A1C8F4FAB33BE6DF95EDFFBE52
:10E0F00008A57D97431AB9B31F867CD2B5DBFFFF15
:10E100003AEF3306B88091F3D06258027C00D2997E
:10E11000C84FA60773339C63C4B4C07C8021F0E869
:10E12000BBFEFB0A4147882F3D86C60E7C47B102E5
:10E13000400C7C0CA577920347D3811E1955D50D51
:10E14000EC64E3AB2D3F169AE41FE1E477CD616206
:10E1500011D2C50F647091BFE700264CA353F2DAC9
:10E160001732E86A864109CD07208A071127E26B3A
:10E1700090D5023FDA371E451A0EA24F19338D98FB
:10E1800038E68A12128E655620184EE702C4C2A5E0
:10E19000A6930849EA61C22453BCC8AE1AFB7DE4C9
:10E1A000846B3357BBBF9CC8B35A6BC97FBF9C629B
:10E1B0000FB3BA0D4B5FEF69DB7BB59664BFA4D597
:10E1C000820A7601D22E1E424AFDC8471295CDB86A
:10E1D000842E0D21B858433DDEC7363DF27C5D41AB
:10E1E000B86E2B0853A500E3990B286E0272E42C3D
:10E1F000A91B2A4D719A594F3B998C42CA82DDD492
:10E200001304ADA544C7485C74781012AC5EDC7D85
:10E21000E00F22C18C5439709C77454A9ECF207AFA
:10E220003D7E4911E77845B4B91EC05FEA57A17B2E
:10E230006D444E1EEDE82A3E78C76ED51D72D5831B
:10E240006CFDD71B9183EC3E6E99F5B99A9AB07428
:10E2500064992519E4023539B51B040B857F961B9B
:10E26000F1BE0154D2B68874CA2F1B3D9DD47D37B0
:10E2700048B354725AF212C8E4047458BFF1F0451E
:10E28000F9E7A5EE46CE4E7A94683848B6E3FA81AF
:10E290002E08ABF3B663BBC09CCEE4DF0177D81584
:10E2A0004F993C39AF84195FAD3BAC50FCCF0F7C2C
:10E2B000F1FBEBE466FFBF379B79ED357C7DB11E4A
:10E2C0007E4A65419F4E3C308F26D178D79A985C24
:10E2D000765CAA5B864CD20EA4FFFCC2FE82B97D9E
:10E2E000878A6C12D64925B5BE0E6E00952A07F8AE
:10E2F00012C2AD730F9E677D7DF9EB2197F076D248
:10E300009A900588880FB57F4805B9CF88D8A98C21
:10E310002864FE1AA068D7A190D743CD908F53ED03
:10E32000636D7B59156519246FC1848052E7E8A09D
:10E3300029978167E116B1A5CFB744F32E552686FC
:10E3400048C43DF0A852F3C86A63676419156C634A
:10E3500050D68292047211E9E80D410542C45FB7BC
:10E36000A1049188834695E6861EC2A8F543E5D0B0
:10E3700041317A8B2E9055A23FBD2014F80158618F
:10E380001FF10AC83DC4BD2189C8E0358AD5BF70D8
:10E39000AA142F8F35D81BE55AF211C4A2BB5BE536
:10E3A0004614AE8E23EFEEAC4B27C488ABBA257271
:10E3B00060A62C828F62BE3B62B92A8AECBB5CDB12
:10E3C0005ACE877159DC1EA49F7B4F9272AE50418A
:10E3D00052A58C8094F79D54E6B4E6642BEC5FE77D
:10E3E00059A03D806388BA2308B7593126FD5E43A2
:10E3F000AB19C6CD403D6002967FAA91FE382269D6
:10E4000099C5FA9A7702B580A42019AE8C59F450B8
:10E41000123386C56C6B7D4C14B2C40E43467D002E
:10E42000200729279DA0150D0DC3B890D5DA6FFFE1
:10E43000799EA3BF4105CABB89D168557DF4359D3E
:10E44000AD0087D6CCCF9AB975E6F98421743D59D1
:10E45000D390868E2C1954BF92A4631B7C315399A0
:10E46000CD69279B1A4337B6F52967962475F6FCC4
:10E470004A572EB8E9F3FF8442F724046D75A46669
:10E48000010EAD69A44918D616D4AED8D4A67FD84B
:10E49000D1F42B95E5A73BD55EC7F2D496967BB514
:10E4A0001F75009737C898BC7FAF639B27477EB81E
:10E4B000401F242F58BF1CFB4DBAEBBEB27FF5BAEC
:10E4C0005C219D92C684B3FDF630D49CCECEDFBCD9
:10E4D000AE9866DF2E23774092FEA2C83E31FFF74A
:10E4E0005F342D93DFE81F019CDFEA601BCB81DEE8
:10E4F00047D25A90434D9FFEFF20D89FFBDBF9F394
:10E500000084814AA8B8162C6FE79648DA99706D96
:10E5100032A8B66DB0245ADE9E4BCC9767B0CE655C
:10E520007E31817D166767471330FE4611E2F4EFB6
:10E53000B69E7455B3A96638513589D09128539A3F
:10E54000084C80FD995EF7D20D7BC0DED06452642A
:10E55000E79C00C7CDBCC7E850593C65D8745365EB
:10E560006E237D448033442EDDE54704D165D266B9
:10E57000891383452EDD76F1C951EB26D975D36712
:10E580004A092C0EE2889939ADEF8A287A4E5E64EA
:10E5900022A40F050ADB3D451DF84DE95A7F8A612B
:10E5A0009C522948434B99201B3C35CC40A9595AD1
:10E5B0009C7B7E6E1B9FCABACA4AFF251BFAFD7060
:10E5C0006A8C85FA8A48956D42FC4457D26C5A6C25
:10E5D0002A25D200441B28F924C94D61DA7C5B6DE1
:10E5E00078D78B9E9A429C42331F75C3D36DDA6EE7
:10E5F000B4DD565571C289E208FD00DEDB7DDB6FBC
:10E600002C80265C96AC365CF884536673DEA67A62
:10E6100093CB80EE4CD2BE7354A4719CA44B778DE7
:10E62000CA41BC14AA45B873AF66221296278D3C26
:10E63000CDCEB619A50B4A5F7FA1E01354F5F51DA9
:10E640008483F11CC4C432349A8BC3A2D4E47274A0
:10E6500064D02519CCD43335929AC283DCF4737517
:10E66000C5068654C5C5B2360CFB0550D5E5F27615
:10E6700085167D8ACDD5B3371C0761BDDDF5F377EF
:10E6800002ACA55961F6EE32FA8C6E7406EB5C7E34
:10E69000DB6B5BB2B6729534A52A69535A9CD839A4
:10E6A0003D7A9EB580093978006E2A0FDC945916A0
:10E6B0005A989A1D63020CED1E3D685B7399865B48
:10E6C000A5887A1AC6CC3A3CEF6CE78CD6EC7A7CFB
:10E6D0008E873C15CEDC3B3DB910BF92DEFC7B7DC6
:10E6E000D8920BE1C7CDBA3E373C1353D7EDFA7E33
:10E6F000CF1E8F5DCFDDBB3F3F2C1A52DFFDFB7F6E
:10E7000018FD86A898831A2A52224770D0A2D5F104
:10E710001055DBDC44322697303BAC525F4C83E92A
:10E72000A16133E7762735E20F8E068271654E8C44
:10E73000CAD38DC213D05723D5A1C1CB38B5A8AD4C
:10E74000284689C503061CE6CF024A3FF06656E418
:10E750007B30278852AC076818AA4287F87657E5BD
:10E76000CD67041C4D12A5D27147FDB2F167D6E604
:10E77000E994A37C96906A11D1F7C6A7F977D7E7F9
:10E780007B84E90FEA1A0C65B2ED68688AD15A14E5
:10E79000F1DDD381463A1BA5AAB81E78DABADCF8B7
:10E7A000A3028AC6C11F9DEA662920A67A6FCEF110
:10E7B000ABDCA9C9AB9B1CE1031B6C8B7B7D478742
:10E7C00066CE918859D41FECAD6B6A37F26E5EEC61
:10E7D00045380981EA5E1FAD7AF80000FA7E5FEDE8
:10E7E0006B560C770F6B13EF734FC8D0F36FDEEEE1
:10E7F000B8DF0E7EEB5F9FAFBB3C9BC9FB7FDFEFBB
:10E800009EB2DF6FEC0232FCF4E47DDA7469F4F856
:10E8100064CB23BD970834E1A3E9C4938432F42286
:10E820001B2A296449404D44B564C0D43225894E21
:10E830000D6CC6F36DD5B3F1150FE3DF7DF589B12E
:10E840004CC22098E4C636B4976A8196F4E676F412
:10E850008F122FD4ECD637B5C60046B5FCF677F547
:10E86000AD84780BE5C7B6B6DFB6D522F5E7F6F688
:10E87000C1F785B6EDD7B7B7FD98AA95FDF7F7F7BD
:10E88000E6C9A8270ECE3FF8A12EEDEE1A5A7FB8A2
:10E89000AA1EA4DDEEBABF2311FA3BDFBE3AFCB3D9
:10E8A000E776E4114BABBA74257AEAB65B8BFAF6DD
:10E8B000D41F249FB8FDB3D9A0E54C9913200C2D8B
:10E8C00025EA680CE6CE3EBC9D006FBCF6EE7EFCF1
:10E8D00000E2D294EEDE3FBD1E2219D0FEFE7FFD87
:10E8E000A788C4DCE7CFBEBEB729EE9FF7EFFEFED8
:10E8F000EB26AFDEEFDFBFBFA0FB18B3FFFF78ED65
:10E90000C066E7DB40762980D0535502CE7D7BCBB5
:10E91000B419830A0215932AD85780B0C6797ACAE7
:10E9200059FCB9400B073A89ED1AB7421A84A74936
:10E930009373A2D193776E8EE64FB34792DE197B25
:10E94000CCD30BA9BFA9837F871343E2A843AF6B46
:10E95000C811D52D58D630EC8B308BB6869657E043
:10E96000C9D2830CC1C1B56D822186E2B1B0016B01
:10E97000286ACEF2F1A7D39855362A2FCB773823C1
:10E98000624D0C05084BC62091130DC51C5F150682
:10E9900032E30F66B448D371DA5F88B8968BDB62D6
:10E9A000FC8BE327034C2646ECAD63D9F564D92AEA
:10E9B0003C66E204F5557073E443BF94015FFAD2FC
:10E9C000C8CCA19F1F062D2C3429A304EC8E38043B
:10E9D0008A2A47A2ECF99F897C3C4AE96E1EA02C4A
:10E9E000E01956A603A9BD6F3529C98EAD6A7BF122
:10E9F000987E2AA01B5AF020D73803976122780A04
:10EA00007C0203297BF7295E4CD4C15BEA19C5A3BC
:10EA10006C710BEDCE67289C244FE3FA084ADD7C2D
:10EA20003D7E0C1F62C5F03FD0250189EB19F6DF52
:10EA300075B65C1C0735107221D31A118BE41A5B72
:10EA40001CC5CB1CC43BD367AB1F83D72BC3D335AB
:10EA500042E12ABAEA70BF98640F963656C613840C
:10EA60003FA1F2BB3ED69C72AA1F1FF78B07F6DBB5
:10EA700041A2E2B49B241077A682B6A6A3F31A782B
:10EA8000666849155D6D4707EA931F58A8FC0ED7C5
:10EA9000CE6561ED32A3BB12A27E15A6B8F1F5D406
:10EAA000F8AE09A547EAA078D7DB72189FBEA93E49
:10EAB0008669AD75F2C21A5EA4016979113954C331
:10EAC0004E3B2BB846D8222C28EE83E4840D9118B7
:10EAD000EA29885D903E3FB8A5DFCAA24E1419E628
:10EAE0004CCF62663D2538F3841A6653EF17567390
:10EAF000718CADDFDDDD507B3F198252DF04FB04FA
:10EB0000A030FB86B207EB2D6EC0406D705423ED34
:10EB10005035F88E2289E0284634ACCE36B2BCB9E6
:10EB2000796A6D8D75F9190FBB11A4E14ED77D433C
:10EB30000996643C89FDF6A76BD2C34E79D02D4867
:10EB4000B7B025E460357CE6D0711FA04F84650026
:10EB50006FD6EE0F5C29B401F6F603F54229F48076
:10EB60005FFF658F634E63A92F81C26B4B98C6838D
:10EB7000D662F9283D515FE4473364A24695F34CD1
:10EB8000DD8EA71BC3CE10032F3B09CCB82E8040CF
:10EB900091BF8F82BC52F691046EC06F0E5CE2ABE7
:10EBA0009C3A2D75AA0E756245DA89EA735D90B5B7
:10EBB00036F92176CBFFF4A6B2FBDCCD85EF601AE7
:10EBC000B534645F46BFBDEC4C2BED6C8A6AB7244C
:10EBD000FEA90EE8EF3CECC8F05B5BCB5A0DFC6E77
:10EBE0001DF78823DDFE986EFD4A446EC15FE74144
:10EBF00053A88600D3B16E2E230A6E4EA38C53E227
:10EC000042CE25F01B645F080E5998188C58D8FD29
:10EC1000A693CC5977775EC9063963BC82E6035E5A
:10EC20007BCFA039F976E18DF5409690A3F61F9A37
:10EC30008100B099F166E490D58E1A4E35F01CDB58
:10EC400061A0CDDCDA2412190B60455DF01A760F55
:10EC500016322B38DEE6331AA80861959CB273F899
:10EC6000D1A14DFE363615F64DDA1D5BF4E3FE718B
:10EC7000E52186074DA414F61871C43E86D0564887
:10EC80002C080F5186163AF5E55407D7D01395F0A6
:10EC9000A29E8C66CE7F17452CD3869D98027C5D04
:10ECA0001F6BBA9C5D0B114FB7D8A95FD113FF3A08
:10ECB00075F8C553D7B840B401598FD068FE725665
:10ECC000589B46F4BFC9DB43CD08C2216606F2F16A
:10ECD000389EC4D55AA19CFCA15BEDD604F68232C5
:10ECE000198E4716E6B963B10FCF99F508C85F02D0
:10ECF00083A8A6398FA24162E5990C5F6F4FF65049
:10ED0000A462F765CBA1B1DF0674AB048A2571FA62
:10ED10008620FEFE648B35D7BC14F20324D443ACAA
:10ED200039FEA4AFE1D0312F2B91CDEDF1F035209C
:10ED300033A17EDC767747FC9D5A2038663D7D21E5
:10ED4000B2BF461438E821E9EAF24E4C4F23A76BD4
:10ED5000D8D4E2FF0833BA67D90A814516AEF22744
:10ED6000B3BE866A9A90E90607A63BC0651A716031
:10ED700089236CB8F388A0C351494C3A65BDB10FE3
:10ED8000BD39A9B7B8F6E35310C6F3572EB64A2AD1
:10ED90000121E24D7114FC568AC9EA0943392296D1
:10EDA000B8AC7BA785E3BCE7D339AB972F1FE76AE5
:10EDB0003554FBA422630CA6256D29CA4439AE4301
:10EDC00082B19DD878B60AE13064FFCA120BA56AF9
:10EDD00070270D605AD8B6875E9A78906E1E27927B
:10EDE0001356A04CBCC935EC5329E6C55F697BF1CD
:10EDF00072DDF051991C704B00AC3030E0C1560D03
:10EE00009BAF8375CE8114ECDC56C33554C3C0DD93
:10EE1000F7B7801723B0DA75E797C0AEFC61A2FAA6
:10EE2000BA63841FBEDB6D8FAA43C45F0C17F4B0B6
:10EE300081975E1EB725DA9CB1953C5C9957C2D785
:10EE4000800A99EBFC464F18E82699166086F08DEB
:10EE50007270F51FB45CD6BCB5EE41A16316F18C9F
:10EE6000A9B288E06A271ECB6F3CE4EDF8BA5113D3
:10EE70005253EC4A4635A93109754EFD71970C1273
:10EE80007DAF89A722EEC379A2D7CB5EF6E97C3AA3
:10EE9000B4C78A7C71EF785AAADA4D5FFEF9FD3B60
:10EEA00097FF570AB9DCD037889649A5AD7CCB4E81
:10EEB000B07B8D0074B95033D16A4835A56C743A73
:10EEC00086BAE71A08B63CB104AC6C31EE6E0700A6
:10EED000B35A64800EBB483BE17C1003A67E68AD4C
:10EEE00089B20BE8494947C3BF12ECD3780F568368
:10EEF00077471C6201B31AE0FC5D373C85ED58A4EE
:10EF000084602053DDEC300DAED1C06D70C273E66D
:10EF1000ECEDF08E964F670E2E502ECEC044D70BE0
:10EF20008D86737F2A3E7FE64993E7837FECB7C2E5
:10EF30009D6C26C20D75B1C6B901A58143D5E6E524
:10EF4000C3E6DAE7D8B8BAA9A9B77D090B19581BE7
:10EF50005205856F7FA9E676B69BB2878051AAEAF3
:10EF6000019663C41EC37749B1046F9D911A1F3B7C
:10EF70005431593845D2605AC5B8C188990A29EA2E
:10EF80007B15E957DA8C611D4C2CA5C7682FDEC0B4
:10EF9000711A6D893A9C4E5880C45D04E329B816F5
:10EFA00043C3D8879BF030A761E3E8D833AB71E166
:10EFB000D461FB8D934D93C9C459E9CDBABDD8AB8B
:10EFC000029FBF8126B19C55A382BB570D49FFEA22
:10EFD00051043CCD55BC9D54C61949A04E01FCEBD3
:10EFE00080B1775294313DCBBD92C68C6C3803E131
:10EFF000C01C81539C3D60CA35CBC68D642C7E10ED
:10F0000080F4D380FD94F21D56A3407F744474EBCA
:10F01000A061A94C92D206A5044D8CF2FDC017B197
:10F020009F7C8011720F72F391C157B786D5900DF6
:10F0300055B4589C4FE4BCA12BD1C1C846C8C6E703
:10F04000CFACF38F50A4C9F6D8914C526B1B8C6F88
:10F05000C757B4AA8C0382F778323FB9BC1A77B786
:10F06000E59D2BF45B2136540F90C450BC1EF08DEF
:10F0700092144EF4D782B15A43562558A508F17A16
:10F08000B6D58FFD44AAD94790DC9BC82C4E70257D
:10F09000AEF8D2FC1AE19EF832BECC4680D25CB902
:10F0A00098692ED2A6F961B58D54C8DCF6DBDF3A3B
:10F0B00017BFCEDBCF4A26B68BD9C9DD139BCE1F37
:10F0C00081B9084A1E4A9327484EACFCA6CAF101F2
:10F0D00094B84EBD15F99E42A72F5410FC7A969510
:10F0E0002F9B2C74871A4FB33FEF639F90912CF6A0
:10F0F00077639C992FA042B9BF9C749D6FDBFFFF83
:10F10000A3BDDC08E21411B0FC5F2144C260560DBF
:10F1100032E3481A09D4598A4661014537D6FD9C25
:10F120002240584ABF501FA47323C3E2E6A7C3700E
:10F13000AD677213031411918B7634CAE1B7C2B371
:10F1400078BFAE09B8C66F51EDB44304F041D04C5E
:10F150003077FE0A9255B02396BBE043E0F61C28B8
:10F16000213C7AFA9B1F31434DB0234051072503C0
:10F170002999C10A566E662897A6624E190F976F95
:10F18000B8F30EB3BC5997AE32BAC842C828FB498F
:10F1900000F0C5C404DBDB3B783A4AE9A2C3DB904C
:10F1A000EA1785FE024DC8871056A94EEC4F2F0F67
:10F1B00070116CB4C30CF2E34568D94FEC437A0E7E
:10F1C000BD6FAB0A7633B92A5EEA059255EE5F2C25
:10F1D000FE27A816F5D8F2DC9AFA18BCBAA9BA2FFD
:10F1E000DC7657015C726B216B92286EEB93766331
:10F1F0002B2FC94DAB20316D63D96A3FE069D83DF3
:10F20000008224CB14F77991F3CEB65AC6E5761D69
:10F21000F35727BC2BE2B3C8B3DFBCEA3356DD8C0F
:10F2200005C65DC40F7A942900FF558EE2278DDE56
:10F2300014D1E1C838771DBE9C35E5B7E5315C993E
:10F24000E1425FB3C4B6C9762CC7835B8D66B47EDA
:10F250002CADCD574B243B3A66722C4A608575180D
:10F2600085B285061D21302C353435598096D03431
:10F27000733521FD94CAD4AB2573ACB9A271129831
:10F28000028A2CC3FE08D10B3DD6B9E4C4E87E1532
:10F29000175869A2B63198C6B23D9EF4315ED58446
:10F2A00007CEAEB7E7CCBC39A8F20132E02F859685
:10F2B0000B9BADA03BFF3B21153C91A4E73954913A
:10F2C0007FAADD79FC4E75E22ECCE8B6A968012252
:10F2D000F0BA57E259BE78DD0615E9C79675107287
:10F2E0007F3628F4BFE938A4BC8B8B1E7B93381E75
:10F2F0002F0C4E1297D9367EC89BE53D5F8ED93DC7
:10F300009746F0A82004000DF0E5B1490FC4528DD6
:10F31000975D905CA0137E69B94D24C583D4F95CD8
:10F32000E1FA13FE2FC056B011B144C888A5A91543
:10F3300080D4832E2D64DC2A5B31C4A3C1B5A8CF51
:10F340005A6800E9DA18945D10B7D5C9CAE4193AC9
:10F35000C7B0AB7828256BA382704D78C089FBE8D5
:10F3600016C1FBA11518355B6321F53289E5DFA6CF
:10F370001125C526A0D3912A0B77DDC199A272A5CC
:10F38000E94A4C73A06E54056C7B1C1D09CCF0152A
:10F390002A5D0B24944F7DC93AC3058B81DCF1545F
:10F3A00027098871ADBDCC9ABF148D51CBADA18614
:10F3B000E0DBCD50078CD854BB2C40B6C3BB7041AA
:10F3C0005ACEEF9949CC0D2E3957EFA0C88FDC06E5
:10F3D000F5FDD28292A2625623652851459CBE4219
:10F3E000A32C74884CAD3253B7CB6FCCC9307D8B16
:10F3F000DF242C949DB28DF4C1F9B2BAAB0CFD831D
:10F4000024C5D1266402D59B0F1E9345E6E7729D65
:10F410004E902401D4B1C8BEBC39B9391354D90CAB
:10F42000DE44C596C54FF64EB998A590C22589CE43
:10F4300092E32515AC1318591DB68E3BC5335819E8
:10F4400004BF9CD68413E9B93E5F44D9488E14BCEE
:10F4500057B0D0F0220894D0440CCBD8409C714EC9
:10F460005FE6247CFDCE57B02D61A99B358009B4A1
:10F47000552C257D959093F5828DE15A14B002713B
:10F4800006CA6415F4CF3AD5E6D921B6E4EA7A95EE
:10F4900082E44C9D017C9144044928DD115CD10437
:10F4A00059DA2CE9D00DAF7855BBEF7AC02D8186A3
:10F4B0004D99AC2BD71B10516FC8A0B5C73DEEB905
:10F4C000DBA85263DC313F7C8168215172AE32711E
:10F4D0000EA791DF96FABD570178605F52DA37FECA
:10F4E000071E1B93DD4DF1604F1142D3973A29F16E
:10F4F00055FE8BDD04BD9CFF44194362DF407D1542
:10F50000EB62400F6A66EF89D0535C02A8BBD2FA67
:10F510007337A0BEF274598AA772E05A1BB6021262
:10F52000ED257F0FD16588DF2B2F414FC04706683F
:10F53000C9E8166DDD1411133EB528A159473F9552
:10F540001B01791545C65D8A68512B4B12995E26C1
:10F5500088B0FC037CA4EC2A20F4A2BA898957273E
:10F56000F4E03605F91596296BE38D6B33A2D44888
:10F570004551E00699D1DF21116162E63BB2F3C546
:10F5800062D07205B8FF322E7A4AB746F2F46E6541
:10F5900032862D0FF2233B6B1C8D4A8954E33A4986
:10F5A000E48BDB994DDB71292BD7450870ED9C6C02
:10F5B000C5EF2882978C70287BD98EC0E3195B43F6
:10F5C0003A6F695C0C9FBBA44C8AA31550E8B75EE8
:10F5D0004AA16B4F9E3EE42B5C0AC9A79360FA08D0
:10F5E0003BB583F5C1AF18B4BFFBC246131FF86823
:10F5F00014F5768005863A41B09B49A5A3BAFF6908
:10F60000D305CBE338B4FC2C1CB18156B8FC077091
:10F6100074126ECC9CB5757FD2460231C5B0FC1217
:10F620003F0383D87F8D4DFD4D754354F5D8007F42
:10F63000CDE36C159984933765951A5E3610246D69
:10F640009BE111E04AA611943435F95B03868D7273
:10F65000A020271A01567CEB8170D4EA3B3437781E
:10F660009F3E20FC1AD5B4918E349D091B0E531871
:10F67000DDA2961CF5B5A9319D082E51CB84501BF7
:10F68000C86B891E6764A8F5ED8FC9A7EB5F52AC04
:10F690008B732F94346E1811A12B1784A9457B3BD3
:10F6A000C96BAEB7FD6DB428D7507F34C751858183
:10F6B000AEDB08E64FEFE6577905CDD067A68E6141
:10F6C000534A65F208AF9B9D9802097C469EF896C6
:10F6D000123AD4C61ABEC43B16FD6DF064BBB97DA8
:10F6E000452B06B3D92F38A42F6D0B20AE0FC97848
:10F6F0004F21A7A401BE1A5104DDED30D7E01E1141
:10F70000246200A4B664746F34C042ADB044752264
:10F71000D31AE07E6092F4CC84F4C7E9E6D41D6588
:10F720008FEB184FDF0175217F93CD80D1EFDEEF96
:10F7300028657693BB10046CB9B7341F87D5F68360
:10F7400062C00F05070602591A0067643E8CF76312
:10F7500079692DC7863456B500F0089BA6F418DBEE
:10F7600019BF8F7DF952144CC50187C4F562D0E9E9
:10F7700036FF7A0891D376D94193E7C1C117DBA54B
:10F7800098F10AE7A371FB057AAA4AA572D374EE31
:10F79000FD697BE5E8ED992486FCCF81C21A6E1DD8
:10F7A0009B15FA7EF33E3D2B7D9BC988FAAE7D6AA0
:10F7B000EFE8FB26F9DA9B26BBBF3C1701CDFEAB79
:10F7C00060B56D9DEADB9C46BCB1EDCA4B93BFEAC8
:10F7D00050EA06228A8656A0B892CD023494FE6A78
:10F7E00075EA65CA89BF96A1BD9C6FC53D0D7DE8D0
:10F7F000CF242CCDF3521D551BAE1CC07BFA5D757A
:10F800000CE017E4C45E5EBDCB4AA81F6B229DF3DB
:10F81000146DA69C940836C0064147D7784D73BE38
:10F82000E5F0EA9C4205E731345561F319221DD118
:10F83000D654A333CD4FDBF1F5C5442C9A4B880841
:10F840007446227003867E39DD60293A96E475C4D9
:10F850006DADC08E7C52D6CBE5926B97E4F371FA16
:10F860003CC45359851261B94D83AA7B95326DFB17
:10F870005EA1C3ACE5C6B1D8819F0E8EC530D399C9
:10F88000F04A509E9C39E2BE080AE12E03567543A9
:10F8900080186236A6073B34281ADE94BE3A5E060C
:10F8A000E96DAA17EC3B1D6C7F668F0B3742D8A120
:10F8B0001719E214101DEE8827E66F31647782B9BC
:10F8C000473D3C517F091ABA04EE22DA49758B6A2A
:10F8D0004EDF29007C5C6C6C7A188684C0BB5B743C
:10F8E00035CFB471291C1FB7B9384F56FFEEDABCBB
:10F8F0008059E021D70FB3B69369EBD77563FFFF4B
:10F900003E6C61405AFB6F40FCB21C4AEFA02B3E9C
:10F910006372FE6D63A26E6141B2A4C8236EA54BF3
:10F92000597D02E841931F605F5EE372BE5A09FE93
:10F930006B51808349831E381DD1A9472EF1D74AC8
:10F940001C200046B7ACD8D82ECC5289AFE029880D
:10F95000F2AF130304E41667817078C6A09CD1AAA5
:10F96000FA18B1623B3A944B2FCCFD46EBE79D79F8
:10F97000005D856A75EEA0C1C96FE5B3499D73FC52
:10F98000580EAB49E27A9A3254AA07A73C08DA40EB
:10F99000CA7F164BDFBCB859BA4A2BA3FA785D72FE
:10F9A0005DEB8CF704EF9E872B1973E513A9754562
:10F9B000B79FBAAFEBD5CD26653E68CA3DB9740492
:10F9C000214A1A4E6DBA0AD1867328C19F955217E3
:10F9D0008ABF0A0B701BD929F6EB2947DA805B96A0
:10F9E000FC20896E3969A9282DD823EDD78181554E
:10F9F000858E2A04C358FC6B0CFD66E75EF9D3E8DC
:10FA00006680D596DA6634CDB4D202BA54D6F48D77
:10FA10002AE6D601306F5A3E7C658E5CCEF59A158B
:10FA200085C1D80945E281706BA61D5DED215D1B86
:10FA3000B76E23F90DEE51B21F534DD85DD25A3136
:10FA40007A7030D2FE2CB0FB9870BF5B6B668F0B68
:10FA50001ED8C6BA3336D23358829C17DCD0F19FF9
:10FA60004DD447B9A51075BDE19E41ED311AD68D33
:10FA70001B964AF4030F10310B1DE53A3197D2550E
:10FA80006DEAD35ACA7FBC95964AE8982AC91A30BB
:10FA90009070B1D4325AC27B1A5A885F2ADE4A9DCE
:10FAA000BBF8AE97FF3DDB78777C07D1E9AA598593
:10FAB000F4914CE4D0536D11D1524A1A304BE9867F
:10FAC0001FDAECB10807993A1796C939EC1F4F8332
:10FAD000C8AEC0DE000F983B526E4F46669C7FDD7D
:10FAE00095416C1409161938E80BA2FD8DD1866179
:10FAF0004EAF40FC010F182DF80D145946E0058F4C
:10FB00009AFC144D5FF435C0B0CAC609EE9A5C4D3C
:10FB1000C46DC781372CB42CB950B2A45AF663A374
:10FB2000DE87FFDC157837A4693F46D86260E7E4DA
:10FB300092818189D19586530114C34E0552D38E8B
:10FB4000E065A58270AE9469489DEAC9CAE4198A45
:10FB500010212C8CE4A59B784289B887C0F3D1266C
:10FB6000AF8D6FDF2120FF25DEE7273189E58D048A
:10FB7000ED31C78891706AA82F9FC1AA69F3A84781
:10FB8000E08EA10C9AF19E51B9AEE30ACDAAF181A3
:10FB90002B6CF2CB9243BEE8C5B80226D8BAECE98A
:10FBA0007A006955166D3FCF6AA92948E16BDA875B
:10FBB00074D502760C4245A1030B7A64E13EB53858
:10FBC0003BC8EB8A58CAB3053314EDA94DA99C0C68
:10FBD00055C48020D1BCB310BA1D06C01D81A281BE
:10FBE000AD842DCEB10B75CACC89866DFB7FBDEC83
:10FBF0003DB34F49934B10EE845C6EC9997ADC0F8C
:10FC00007A60202D03425FBF0E202BEE4EB702F428
:10FC10008CE186D310FE57F9044DE73B2F32D28F8B
:10FC200017B3203D25F4E9F04D21B7914683F20941
:10FC300017E627796DF04A1852D16825DD627AFE01
:10FC400088B11C8F5E74C914BA2DC7C408C2F909E3
:10FC50002D44267594F2405F440DCBD8F8D27158EC
:10FC600044554F85DF45F9598F61EF96929924FEEF
:10FC7000D7209587320088E77CAC00C771D3F7F7AF
:10FC80004DE86C97DE8AD5B27EBB5F2CACAF5F903F
:10FC900016FA369F0EED9E3A5ECCE05F7EC0AA5407
:10FCA000B709FF6995BFA615ED54C8C1D7EEFCF59D
:10FCB000E16C0C64F11B10F5BBFBEFC9265FBD5670
:10FCC000DC3914F03FCEDF03C91C6851F6EE7EFC30
:10FCD0008CA9198F202388C6C17EC2B7FEFE7FFD86
:10FCE00059669D8A27367365ADE33311F7EFFEFE43
:10FCF0008D1BE352AF33BF322DBAE9B2FFFFFFFFD6
:10FD0000000000008004102010204040902450602B
:10FD100008100101881411211830414198345161B3
:10FD200001018002810590221121C0429125D062FB
:10FD300009118103891591231931C1439935D16383
:10FD400040400204C044122450604244D0645264D3
:10FD500048500305C854132558704345D87453655B
:10FD600041418206C14592265161C246D165D266A3
:10FD700049518307C95593275971C347D975D3672B
:10FD800002080808820C182812284848922C586843
:10FD90000A1809098A1C19291A3849499A3C5969CB
:10FDA0000309880A830D982A1329C84A932DD86A13
:10FDB0000B19890B8B1D992B1B39C94B9B3DD96B9B
:10FDC00042480A0CC24C1A2C52684A4CD26C5A6CEB
:10FDD0004A580B0DCA5C1B2D5A784B4DDA7C5B6D73
:10FDE00043498A0EC34D9A2E5369CA4ED36DDA6EBB
:10FDF0004B598B0FCB5D9B2F5B79CB4FDB7DDB6F43
:10FE0000048020108484303014A0605094A470705A
:10FE10000C9021118C9431311CB061519CB47171E2
:10FE20000581A0128585B03215A1E05295A5F0722A
:10FE30000D91A1138D95B1331DB1E1539DB5F173B2
:10FE400044C02214C4C4323454E06254D4E4727402
:10FE50004CD02315CCD433355CF06355DCF473758A
:10FE600045C1A216C5C5B23655E1E256D5E5F276D2
:10FE70004DD1A317CDD5B3375DF1E357DDF5F3775A
:10FE800006882818868C383816A8685896AC787872
:10FE90000E9829198E9C39391EB869599EBC7979FA
:10FEA0000789A81A878DB83A17A9E85A97ADF87A42
:10FEB0000F99A91B8F9DB93B1FB9E95B9FBDF97BCA
:10FEC00046C82A1CC6CC3A3C56E86A5CD6EC7A7C1A
:10FED0004ED82B1DCEDC3B3D5EF86B5DDEFC7B7DA2
:10FEE00047C9AA1EC7CDBA3E57E9EA5ED7EDFA7EEA
:10FEF0004FD9AB1FCFDDBB3F5FF9EB5FDFFDFB7F72
:10FF000020020480A00614A0302244C0B02654E091
:10FF100028120581A81615A1383245C1B83655E119
:10FF200021038482A10794A23123C4C2B127D4E261
:10FF300029138583A91795A33933C5C3B937D5E3E9
:10FF400060420684E04616A4706246C4F06656E439
:10FF500068520785E85617A5787247C5F87657E5C1
:10FF600061438686E14796A67163C6C6F167D6E609
:10FF700069538787E95797A77973C7C7F977D7E791
:10FF8000220A0C88A20E1CA8322A4CC8B22E5CE8A9
:10FF90002A1A0D89AA1E1DA93A3A4DC9BA3E5DE931
:10FFA000230B8C8AA30F9CAA332BCCCAB32FDCEA79
:10FFB0002B1B8D8BAB1F9DAB3B3BCDCBBB3FDDEB01
:10FFC000624A0E8CE24E1EAC726A4ECCF26E5EEC51
:10FFD0006A5A0F8DEA5E1FAD7A7A4FCDFA7E5FEDD9
:10FFE000634B8E8EE34F9EAE736BCECEF36FDEEE21
:10FFF0006B5B8F8FEB5F9FAF7B7BCFCFFB7FDFEFA9
:020000021000EC
:1000000024822490A48634B034A264D0B4A674F0C0
:100010002C922591AC9635B13CB265D1BCB675F148
:100020002583A492A587B4B235A3E4D2B5A7F4F290
:100030002D93A593AD97B5B33DB3E5D3BDB7F5F318
:1000400064C22694E4C636B474E266D4F4E676F468
:100050006CD22795ECD637B57CF267D5FCF677F5F0
:1000600065C3A696E5C7B6B675E3E6D6F5E7F6F638
:100070006DD3A797EDD7B7B77DF3E7D7FDF7F7F7C0
:10008000268A2C98A68E3CB836AA6CD8B6AE7CF8D8
:100090002E9A2D99AE9E3DB93EBA6DD9BEBE7DF960
:1000A000278BAC9AA78FBCBA37ABECDAB7AFFCFAA8
:1000B0002F9BAD9BAF9FBDBB3FBBEDDBBFBFFDFB30
:1000C00066CA2E9CE6CE3EBC76EA6EDCF6EE7EFC80
:1000D0006EDA2F9DEEDE3FBD7EFA6FDDFEFE7FFD08
:1000E00067CBAE9EE7CFBEBE77EBEEDEF7EFFEFE50
:1000F0006FDBAF9FEFDFBFBF7FFBEFDFFFFFFFFFD8
:100100000000000080041020102040409024506027
:1001100008100101881411211830414198345161AF
:1001200001018002810590221121C0429125D062F7
:1001300009118103891591231931C1439935D1637F
:1001400040400204C044122450604244D0645264CF
:1001500048500305C854132558704345D874536557
:1001600041418206C14592265161C246D165D2669F
:1001700049518307C95593275971C347D975D36727
:1001800002080808820C182812284848922C58683F
:100190000A1809098A1C19291A3849499A3C5969C7
:1001A0000309880A830D982A1329C84A932DD86A0F
:1001B0000B19890B8B1D992B1B39C94B9B3DD96B97
:1001C00042480A0CC24C1A2C52684A4CD26C5A6CE7
:1001D0004A580B0DCA5C1B2D5A784B4DDA7C5B6D6F
:1001E00043498A0EC34D9A2E5369CA4ED36DDA6EB7
:1001F0004B598B0FCB5D9B2F5B79CB4FDB7DDB6F3F
:10020000048020108484303014A0605094A4707056
:100210000C9021118C9431311CB061519CB47171DE
:100220000581A0128585B03215A1E05295A5F07226
:100230000D91A1138D95B1331DB1E1539DB5F173AE
:1002400044C02214C4C4323454E06254D4E47274FE
:100250004CD02315CCD433355CF06355DCF4737586
:1002600045C1A216C5C5B23655E1E256D5E5F276CE
:100270004DD1A317CDD5B3375DF1E357DDF5F37756
:1002800006882818868C383816A8685896AC78786E
:100290000E9829198E9C39391EB869599EBC7979F6
:1002A0000789A81A878DB83A17A9E85A97ADF87A3E
:1002B0000F99A91B8F9DB93B1FB9E95B9FBDF97BC6
:1002C00046C82A1CC6CC3A3C56E86A5CD6EC7A7C16
:1002D0004ED82B1DCEDC3B3D5EF86B5DDEFC7B7D9E
:1002E00047C9AA1EC7CDBA3E57E9EA5ED7EDFA7EE6
:1002F0004FD9AB1FCFDDBB3F5FF9EB5FDFFDFB7F6E
:1003000020020480A00614A0302244C0B02654E08D
:1003100028120581A81615A1383245C1B83655E115
:1003200021038482A10794A23123C4C2B127D4E25D
:1003300029138583A91795A33933C5C3B937D5E3E5
:1003400060420684E04616A4706246C4F06656E435
:1003500068520785E85617A5787247C5F87657E5BD
:1003600061438686E14796A67163C6C6F167D6E605
:1003700069538787E95797A77973C7C7F977D7E78D
:10038000220A0C88A20E1CA8322A4CC8B22E5CE8A5
:100390002A1A0D89AA1E1DA93A3A4DC9BA3E5DE92D
:1003A000230B8C8AA30F9CAA332BCCCAB32FDCEA75
:1003B0002B1B8D8BAB1F9DAB3B3BCDCBBB3FDDEBFD
:1003C000624A0E8CE24E1EAC726A4ECCF26E5EEC4D
:1003D0006A5A0F8DEA5E1FAD7A7A4FCDFA7E5FEDD5
:1003E000634B8E8EE34F9EAE736BCECEF36FDEEE1D
:1003F0006B5B8F8FEB5F9FAF7B7BCFCFFB7FDFEFA5
:1004000024822490A48634B034A264D0B4A674F0BC
:100410002C922591AC9635B13CB265D1BCB675F144
:100420002583A492A587B4B235A3E4D2B5A7F4F28C
:100430002D93A593AD97B5B33DB3E5D3BDB7F5F314
:1004400064C22694E4C636B474E266D4F4E676F464
:100450006CD22795ECD637B57CF267D5FCF677F5EC
:1004600065C3A696E5C7B6B675E3E6D6F5E7F6F634
:100470006DD3A797EDD7B7B77DF3E7D7FDF7F7F7BC
:10048000268A2C98A68E3CB836AA6CD8B6AE7CF8D4
:100490002E9A2D99AE9E3DB93EBA6DD9BEBE7DF95C
:1004A000278BAC9AA78FBCBA37ABECDAB7AFFCFAA4
:1004B0002F9BAD9BAF9FBDBB3FBBEDDBBFBFFDFB2C
:1004C00066CA2E9CE6CE3EBC76EA6EDCF6EE7EFC7C
:1004D0006EDA2F9DEEDE3FBD7EFA6FDDFEFE7FFD04
:1004E00067CBAE9EE7CFBEBE77EBEEDEF7EFFEFE4C
:1004F0006FDBAF9FEFDFBFBF7FFBEFDFFFFFFFFFD4
:100500000000000080041020102040409024506023
:1005100008100101881411211830414198345161AB
:1005200001018002810590221121C0429125D062F3
:1005300009118103891591231931C1439935D1637B
:1005400040400204C044122450604244D0645264CB
:1005500048500305C854132558704345D874536553
:1005600041418206C14592265161C246D165D2669B
:1005700049518307C95593275971C347D975D36723
:1005800002080808820C182812284848922C58683B
:100590000A1809098A1C19291A3849499A3C5969C3
:1005A0000309880A830D982A1329C84A932DD86A0B
:1005B0000B19890B8B1D992B1B39C94B9B3DD96B93
:1005C00042480A0CC24C1A2C52684A4CD26C5A6CE3
:1005D0004A580B0DCA5C1B2D5A784B4DDA7C5B6D6B
:1005E00043498A0EC34D9A2E5369CA4ED36DDA6EB3
:1005F0004B598B0FCB5D9B2F5B79CB4FDB7DDB6F3B
:10060000048020108484303014A0605094A4707052
:100610000C9021118C9431311CB061519CB47171DA
:100620000581A0128585B03215A1E05295A5F07222
:100630000D91A1138D95B1331DB1E1539DB5F173AA
:1006400044C02214C4C4323454E06254D4E47274FA
:100650004CD02315CCD433355CF06355DCF4737582
:1006600045C1A216C5C5B23655E1E256D5E5F276CA
:100670004DD1A317CDD5B3375DF1E357DDF5F37752
:1006800006882818868C383816A8685896AC78786A
:100690000E9829198E9C39391EB869599EBC7979F2
:1006A0000789A81A878DB83A17A9E85A97ADF87A3A
:1006B0000F99A91B8F9DB93B1FB9E95B9FBDF97BC2
:1006C00046C82A1CC6CC3A3C56E86A5CD6EC7A7C12
:1006D0004ED82B1DCEDC3B3D5EF86B5DDEFC7B7D9A
:1006E00047C9AA1EC7CDBA3E57E9EA5ED7EDFA7EE2
:1006F0004FD9AB1FCFDDBB3F5FF9EB5FDFFDFB7F6A
:1007000020020480A00614A0302244C0B02654E089
:1007100028120581A81615A1383245C1B83655E111
:1007200021038482A10794A23123C4C2B127D4E259
:1007300029138583A91795A33933C5C3B937D5E3E1
:1007400060420684E04616A4706246C4F06656E431
:1007500068520785E85617A5787247C5F87657E5B9
:1007600061438686E14796A67163C6C6F167D6E601
:1007700069538787E95797A77973C7C7F977D7E789
:10078000220A0C88A20E1CA8322A4CC8B22E5CE8A1
:100790002A1A0D89AA1E1DA93A3A4DC9BA3E5DE929
:1007A000230B8C8AA30F9CAA332BCCCAB32FDCEA71
:1007B0002B1B8D8BAB1F9DAB3B3BCDCBBB3FDDEBF9
:1007C000624A0E8CE24E1EAC726A4ECCF26E5EEC49
:1007D0006A5A0F8DEA5E1FAD7A7A4FCDFA7E5FEDD1
:1007E000634B8E8EE34F9EAE736BCECEF36FDEEE19
:1007F0006B5B8F8FEB5F9FAF7B7BCFCFFB7FDFEFA1
:1008000024822490A48634B034A264D0B4A674F0B8
:100810002C922591AC9635B13CB265D1BCB675F140
:100820002583A492A587B4B235A3E4D2B5A7F4F288
:100830002D93A593AD97B5B33DB3E5D3BDB7F5F310
:1008400064C22694E4C636B474E266D4F4E676F460
:100850006CD22795ECD637B57CF267D5FCF677F5E8
:1008600065C3A696E5C7B6B675E3E6D6F5E7F6F630
:100870006DD3A797EDD7B7B77DF3E7D7FDF7F7F7B8
:10088000268A2C98A68E3CB836AA6CD8B6AE7CF8D0
:100890002E9A2D99AE9E3DB93EBA6DD9BEBE7DF958
:1008A000278BAC9AA78FBCBA37ABECDAB7AFFCFAA0
:1008B0002F9BAD9BAF9FBDBB3FBBEDDBBFBFFDFB28
:1008C00066CA2E9CE6CE3EBC76EA6EDCF6EE7EFC78
:1008D0006EDA2F9DEEDE3FBD7EFA6FDDFEFE7FFD00
:1008E00067CBAE9EE7CFBEBE77EBEEDEF7EFFEFE48
:1008F0006FDBAF9FEFDFBFBF7FFBEFDFFFFF8B0043
:10090000A83F8540D680A918C8CDD21B504F2D0CCA
:1009100070922DC18E23F819C1CCF90311B019A121
:100920006124CC8FE185836011533BB9CB99D65FAD
:100930007193A5872587A129C1D5C71EF1576A6D77
:10094000802B7F68E826AB286D214479F806EB6898
:10095000C1D44BC50845572BF8F4FA6F1865176BCF
:100960001B98843BF9C12B0EE3234E4AE9E16B4E01
:1009700021333809F1BE102A71137A4BE19E506A77
:100980007A8A206C428E3CA258ACA539AAA8E1B262
:100990006AD8C3824A72212DA733CBCD5A57280576
:1009A0003B59A805BBF2FBCBD343C808FB2B5B0E1E
:1009B000BAFB0B6A0B5AB7351B5B885BC181D0A2AF
:1009C0007ACCB3D602274D226AECF3B512070D623A
:1009D0008A337A61242F024367344DED090F4203B5
:1009E0002B4F096A638F1607FF99E60C73AF566A9F
:1009F00011148D32A9449A1CD9BB6A70B978DAFCFB
:100A00007CA743C287063EBA6984E21154CF0D1C0D
:100A1000B860231E7373CE35E34F9EAE153039B1E7
:100A20007DA6411D459423CD5C25A84CCF75F64F7E
:100A3000B961A91C9FE6A85F7D95A2D8F5D74A7D2C
:100A400084AB2918ECA68B3869D6E330FC86CB78CA
:100A50008CBB5E790CC5773B10B2C2681CE5377B56
:100A60007DAA231BFD410B1E7DE7E46BED614B5E10
:100A7000179CA52AF53E303A7593E56AE51E707A13
:100A8000B278AA17E4213BA8E94AEA5AAE28C1A2E3
:100A90007CB639198856C6C61EB869595ED708157E
:100AA00067496217E708FB785D2DA044FFAB7B1E0A
:100AB000D009AF80702039197F39FA19C5F979A8A2
:100AC000CF4C62DC06A76D325A6C229C16872D72C1
:100AD000765C92C720AF2253667CD287D8CBFBECE2
:100AE0002FAB1110670F36173F8B5150772F763C85
:100AF00027DF287BADD5BA0C37FF683BBF78B83D00
:100B0000E5F2CE8FDB055CA648A6B5828E6FD9666E
:100B1000509029638010139C3230E6837CE6534169
:100B200041232A0F31CF15C65131C4CF3DE7EEE442
:100B300011C3728CE555349E06F84747D0C82A1178
:100B4000E9C0049E80C355E6180040F990E315A65D
:100B5000C4C0568D6FA91198DC138868078951D8D5
:100B60007D946FBEE78D6959BAA142C8F7AD2916C9
:100B7000E95097817610F48574B405956630B4C554
:100B8000422F12038A6C1A9532DADCC74DAC78F228
:100B9000EE9EEC39A689F491A0D86E897A5556E577
:100BA000B5E98A713C48FF4253EB06419B285DAE94
:100BB0004B099D06078DFBA1633ECDCF83545CE6B8
:100BC000A69A082C22250BAA7ACACCAE32054BEA8B
:100BD00016D82B97DF1C93A18585B03DCF3CD3E180
:100BE0000AB47171A387989339EF86D0B3A7D8D38D
:100BF000435C0ECB4BDB2685BB10C68D5BFB66C50D
:100C000010808F969ACFB936326864D08AEFF97621
:100C10009870899E68463311BCF3107C78667351D6
:100C20000787459D72478EB435A3C413BC678AF409
:100C30009971099CC4684A4C30F42762D4485A0C14
:100C4000A4A957F8844375F668358FECF22C890413
:100C5000E550251F132931882C70695F63B114D7C3
:100C60003F8EA0ABE30D49B99971ECDE0A18F0CBC9
:100C700071044EAF7290D495BDE274283D9CE2F1B0
:100C800046982C975A0C18A27EE2EEBA492C58E2EC
:100C9000D76152946EF536B5C10792267ED576F5AA
:100CA0009369938C8F883DFE7D2FA4C49FA87DBE41
:100CB000F4B1ABD097F43CB6FFD0905087D47CF61B
:100CC0008A58709426A52BBA8908919EB626785C1E
:100CD000AECBBC62DB9CB3B1CCB8E3D1C6011C9DEA
:100CE000B549A014A707B8834AAAE8E3416DDA74AE
:100CF00090240CDD4F5B0695DF7F56F53F91C7FBD7
:100D000080472E1EBAE6922270A54E4D80C6D202B2
:100D1000D711059AE89440AA58912261F8B17DEA6A
:100D20007AF3DF0D0AF59A2D5BDF63445CD5D86D4D
:100D30003D95EAD91DF7132161B3CF271FD7530182
:100D400029400204B863710450604242A81F54391C
:100D500088419005A8D438A531704345E08B386AA6
:100D600041C38813B962732991E1C4E6830725035F
:100D700049518301B172F0A759F3C5C55906ADE2D7
:100D8000622C7D83C6EE9A2A2AF8BF4702DC54679C
:100D9000116AAA0F8A19E6D662BA470D1CDEDB0B70
:100DA00007EB0A4BC989D03473ACE2C7F3A8F0E172
:100DB0009BC4EAEBEB9D8A6923E934449F5F988BDF
:100DC00006E20CACBA6BFB239279D94CC00EB12869
:100DD0004ADA0D147FBEB7A09AF04DED1A178E2394
:100DE0002A498A0EA3CD1EA55369CA48ED8FB87B48
:100DF0008B48180FB3DF995F3279CB4F490EDEEE87
:100E00003C50D398FC06326B2CF06C5F4BC1768B58
:100E10007F14690FEC140A3C5C52E310C6D0D23345
:100E200001632250BF671C3D2D713DDA4C27F280D3
:100E30000D91A113C76B12355541E95CA0F2737196
:100E40001C302A1B1E36136F34654B5BEA59FFF2C8
:100E5000062E801324E1FB3D56F5C0530DD0FE88CD
:100E60002544CD1B6DE86E3E3564CC5BC425F65B36
:100E70008925029FC2514261995580D7BA1A06E16D
:100E800066086495C668D937762D0F55C05C7077B3
:100E90003648DA91D27EBB3B0E9DC8D1843D7F445B
:100EA0007F0BAA4A336F3A385DD64B5C57DDDD388D
:100EB0000B7B2B192D8D1AC01E5B48D1E53FFF6AB5
:100EC000422AA85D2EF8F2342E6A68F72FAB87CA43
:100ED0002E5D441011DD3D803E785050658CFB6BDB
:100EE000E039A211CA491B726F391751EC9D7A6122
:100EF00045DD08196F590E6D1586485997E876F249
:100F00005886BD0FA6CC14C050A76ACDC84415EBB7
:100F100062ECA687E474565CFC5626E1E237F6E7FD
:100F20004183D88F5EF816A07B5C67C4C9A5F058D2
:100F3000ED972409D19597A941B1CB61F932746B32
:100F400060420682D8161EAB70E048C5F295436930
:100F5000015207856CB4332818F7584EDECB4AA7E8
:100F6000A1AB802681C2962D4933E4C9A7263DDE78
:100F700069D1890D97167CEFFD9145A5C6FF2BAF72
:100F80009DE8AD00F80FBFAE4AA842A1B6CCDEEA9C
:100F900074784C8D1EFC9FAB99D84B942AC3CD32EC
:100FA000A7E90ECBE3FB7DA509C94E8B35DFD4E560
:100FB0005399A900F57DDE742FB9C3AB7FBBB6088A
:100FC000A25B9D73223DA4AAE688CCAE412F583186
:100FD000AE59AE0794E37C7D6E98CDAF9A6C5BE022
:100FE0009CB47188C14B7FA1E3894CAC3DCFE22E0C
:100FF000D4B90DEDFDE29992B28BC7C0F99D971C53
:10100000F0E0676C5D024795CA40622B74B7E7F069
:10101000EC83B691A87433D8046292DE7C1E7351BF
:101020005D01A610C5A7A539AE21E6F8B5A7F4F471
:101030002D93A51E8513984A5D33F9DED4B7F5F3D9
:10104000F41F45F484D432B934F505B4110997A2DC
:10105000ACC3B4955F3457BC4610E5D7FC8816F195
:101060001D41A096BB25F1330D61E4BE0C200B7031
:101070006DD3A79193934234F51165D59FF5F6771B
:10108000E6E1E59EC60B1CB57CD5CFD5B62C7AE043
:10109000D578AF9BD61C33DB7E7E0E0ABEBE7DFFAD
:1010A000672E0D10ED65FDDA7D554FDC77BE6FFACA
:1010B000FA6B8194974F60334739EF237F77FB5B5F
:1010C000A6DA283CC43D371828882FFC5FBEFEA056
:1010D0006E58298DD43CD6B5CA18EDDF43A15BFD0F
:1010E0000ECBAE9E6FC955DA0FCC0FD15C812B02AF
:1010F000AFCA3C9F2FB1DD222299AEFFFFFFFFFF59
:101100003AF349AFFE48F1833668C40237228404BB
:101110000194E8365F59179CB8230C25E632B0C21B
:101120008BF2CDAD0FF68986A86D085AAF23B0E8D3
:1011300069038D8EC82A80F6D95FC5EE3DC65DEE87
:101140003864AE61F8141A2B900B80EB14AEE1CB2F
:101150007600A044FCD0E611DF729CE848F0BA5259
:101160007F0421631E4194BDF512BC491D7BD599B6
:10117000DEA2078CF3BA2457553601C6B9679BEA3D
:101180007A2FABA70C88ED23981808B7EA0BFB2938
:10119000DD9CB0C2A80CB8A9C7707E4994CFD564B5
:1011A000D4F9EEABD320DC2C29988195ED2B39E9CD
:1011B00071F98D2AF30CE78621C2CF00E580B9369C
:1011C00077F4E168374C127C5A5DABB3AA8159338E
:1011D000327CD2F083AF99AF1220A265EFF87C2663
:1011E00078AB26B332C02959EC2E0046AC90EDB551
:1011F00064037E934F3FBB22CC493A0DE18EA5E4B8
:101200005603CBB814F64F10D4CB581214B068FB69
:10121000B5DCE9D918D3FB096C34D4D1E43673B208
:1012200023D524507E7E43B92814E66FFC27F29123
:10123000AD82E877F07FB5937DA3F15EE5911A1753
:1012400066CC834B68ABEC69421060A5EE0674294E
:10125000F5F4C871DAB6CC68D674DA98D0767DFF2A
:10126000F1A32FE02605C64B2BE703D5A9FBF3829C
:1012700073900072192B5A9D15E0E56A1DE4608891
:10128000C6E62CBC19EE8B5DED8FC9342D4ED4858E
:10129000AABF851477BB984692787117C4080DD6FB
:1012A0008D8F60B2BF66143771F91DFCEF892C89F0
:1012B00074BE08A4B6B90A468A3B297B3FCF9BFF80
:1012C000788C895D513FBE91BCEA76D72913853E63
:1012D0005598140CF622973064482E1F1FC372A82D
:1012E00061A4A3BA8D71515A17D4011A6E0EFC2352
:1012F00090C5AD423025BB846272003BD77916237E
:10130000674438C27741D621E8513A40CE20B563D0
:101310000E561CC338E71CA194A025CBF2B21D04C5
:101320001C2A0143E9039C004F632DCA150356E0B4
:10133000115583BE0E531042ECC3A362D913C6A24B
:10134000F0C008859D34FDEE4D014564735728A615
:10135000F815CDBD5DA55CA379014E3437B03311CE
:1013600059935B899F82FD2CB10801C2CC9335EF64
:1013700092A38F9BCB4F36F86B09C1FAF4F376AB8F
:10138000F488CCE8844A45EA3AAEF5038C7A3C68A6
:101390001824AE08AE9AE4ED0798ACC6B4CDD1449B
:1013A0001BFA2F529881B85141D4D488CD293D4998
:1013B00043E8C856085A41238FD94D4AB3CE7EAB75
:1013C000D9001ECD562CA1AA1099C261320076EA2E
:1013D000CA4906E95E3C7FA99708B030937E5FED6D
:1013E000D7A946C6C1573F71A48992CA63A7D84EF0
:1013F000DF7CAB89142DE970D7E8CEC5FBFDFB651A
:101400001A3F4C9D6B79816A0CF260DF2455F07DA8
:10141000763223CC954EC6F08BE691798448F877E6
:10142000DAF18A4D5EECEF0D33E36405E7F61F96C3
:101430002E1165136D86593EFDCD83D0AF9364CEDA
:10144000DA2F466F644232694A5FC5244F36096B12
:10145000562DDAF920A85DFF7C0B980EB4EFF571DC
:10146000B747137B5AF6B9195530C28D3589886054
:101470000B92A4E59313ABC05F77C09CF995B6E7D8
:101480001E7B8F52798FCB07A3BEEE5C9FAA3401DF
:1014900007693C44942EFD169697E818F461DEFF28
:1014A00015B50F1BDCAB57FEB3C9ACD5D72FE8F78A
:1014B0007D0146730BFD42FA01F38D5BFFBB9EDBA2
:1014C0003CB052DEE6CF2AB8E6686C8C8E6CBE5C0F
:1014D000AEB1E89926367761CA982EFD86FA960E47
:1014E0005AA8AD3E14BCB16B4FBBE2D1CFFF5D55E6
:1014F000ED2B5E6E5FA8B1630779EDBFCDCFC8500D
:10150000A073A3838F80A9FD2830E3EDE4008CD87D
:101510000EADE8F2B56C171C2295B6CA17C752CEAD
:10152000348539DEE1847260C61061BDABD685CDED
:10153000A583B10B329797A8B0B574D3D5B1680F16
:10154000206E04D9C04412242E66A3E7D0645264EE
:10155000D84E1EF1C8541325C8F20125D87453651E
:1015600039667F09C14592265CE57B9AD165D266D2
:1015700042237CD8C955932761516278D975D367C6
:10158000A12C0EA5421DF4D31495A1BB5242F3BC6D
:1015900030FA3611DA285989BD1C4FC0955C536F5B
:1015A000768B48CA8709EB0FBFBBA842183285C7A4
:1015B000F2E2F657061F95A683BDA869DB88BAAB91
:1015C000393287BAC24C1A2C8D694CD7D26C5A6CFE
:1015D0007400BF75CA5C1B2D3AF84740DA7C5B6D1E
:1015E0000BC1C296C34D9A2E67C935F1D36DDA6E21
:1015F000135DC377CB5D9B2F51F9680EDB7DDB6FED
:10160000024A2010FEE4067E0F24D98DD85B99A8EB
:1016100046E28253B71A4E119280F06E19F3985B2E
:1016200005812253139AE9707525A356F365077651
:10163000B472751B4DEE35976435A9AAFBE80EDE32
:1016400056982429C4C4323454E06254D4E47274E9
:10165000F7D9CA4DCCD433355CF06355DCF47375DF
:101660006438F754C5C5B23655E1E256D5E5F27691
:101670005F894853CDD5B3375DF1E357DDF5F37797
:10168000A1C9AA7A0F8AF000762C081ADE3F2DA78E
:10169000F167D6E6B327CC36A53A6FD10ECE86C217
:1016A0004D0DE00423FEE9782AD1EE6734F124825F
:1016B000CFF702593BE21A3D3F1D00E31DA08EFF0C
:1016C0007C79335EC6CC3A3C56E86A5CD6EC7A7CD0
:1016D000C2C76A5FCEDC3B3D5EF86B5DDEFC7B7DA6
:1016E0007A978ECAC7CDBA3E57E9EA5ED7EDFA7E41
:1016F00072DBD0D5CFDDBB3F5FF9EB5FDFFDFB7F5A
:10170000FB2902CBDE4B2BAAEF23425BC8A4562356
:1017100072A66D721F5AE199066BC8471BF689CBFA
:10172000F9716F717807751D0583A801C9A361CD93
:10173000E978E20C69F3B20768B77C3A554488450A
:1017400022B182D0E04616A4706246C4F06656E428
:1017500052EEF015E85617A5787247C5F87657E5AA
:10176000C521FA79E14796A67163C6C6F167D6E648
:1017700049340A0AE95797A77973C7C7F977D7E7B2
:101780003AD689492F56F5300C734F6AFE5D5F617A
:10179000829EB8A8A3EE4908FA2B30CFA03CCFE137
:1017A00084428A870F9DACA021F177D593C535324D
:1017B0004B3F9EC9A09B2460FB8BCBF6B84C804D61
:1017C00085B5EF5AE24E1EAC726A4ECCF26E5EECFC
:1017D000CD16D3C9EA5E1FAD7A7A4FCDFA7E5FEDA2
:1017E000986F5AB6E34F9EAE736BCECEF36FDEEEBC
:1017F000C85C66CBEB5F9FAF7B7BCFCFFB7FDFEF20
:101800009D0ED8B8868E952FD8306E9274D86CF60F
:10181000851690C39708369302EB050CE33C0AFC4F
:1018200096C3A27F11E5394408DEE53097B209FD81
:101830001643DA4C45BA37374059E373669DF32EA9
:10184000A4BC3E39E4C636B474E266D4F4E676F459
:10185000CCA04DFDECD637B57CF267D5FCF677F51C
:101860006FF3E539E5C7B6B675E3E6D6F5E7F6F604
:10187000ADB872D6EDD7B7B77DF3E7D7FDF7F7F779
:10188000E6E4524EA2EC1E79A928665DB32CC4E3AF
:101890002AF86C898E9B7C3903C4EF9BC6434A228D
:1018A0006F922E1EA1DFB4B5F7C09D980C4D500766
:1018B00057196D5BD78EECBF25B9E7EE8A3B08CB95
:1018C000C583F2C4E6CE3EBC76EA6EDCF6EE7EFC64
:1018D000A45EDAADEEDE3FBD7EFA6FDDFEFE7FFD7B
:1018E000A7A02E25E7CFBEBE77EBEEDEF7EFFEFE1C
:1018F0005197CF15EFDFBFBF7FFBEFDFFFFF8FE219
:1019000060247F0D34E6343BD0CD19029C84F1690C
:1019100098ECA08B901D93329FB4D041C189F40DF7
:101920004BEE23049463F91BAA95C60CC81D759D44
:10193000F4F3036209673246D96B1B017ECA30E5B6
:1019400078420A09A0EC302BD0904A4B479BA3B7B2
:1019500030D258E14A503A51406945916C0BF0271A
:1019600003C3B0EA753A312731B80E4BB1CD3469B3
:101970007131BFDC094A9421E48E4EFA7E3CF16A53
:10198000847AAB0E80EE3C2E8AB4CA4B92733897A1
:101990000FAD8B48EAC5D524DA644F0B5A23226F6A
:1019A000971D2B09D2097925EFD919453C9D27B5FB
:1019B000D6092A0D93049FFFD74BCA2BD1C8789A1A
:1019C00042A00241931FFB23B597BB9A51EE680CCE
:1019D00001C5AAB2AA884C2E5A854B0F1C9E7FE6E1
:1019E0008356020803528351A86B8A9583799AE53E
:1019F0008B5D474DF34C3A8EFCD7F8D41F9FFF699F
:101A0000F7F283164E5891AF34B503A85B5CD1A3AF
:101A1000356C2D5373166E6A6432289BFCE52E7C60
:101A2000953A03E93A9F13B76D8683D2ED212CE7EF
:101A30005311A73AB3771256254F4D5E0A4E73DB0A
:101A40003C4265CEC03BB0CE5A3CC3870B344D4DB3
:101A50008CCF580EECC5BE56E1CD9C08040555351B
:101A60007D3ED5161E416E25AC6536E82C1EF43D34
:101A70004DB75855667066299DEEEA54E706D16C5D
:101A80009D0C96CF396E1AB8E92A5A995DCE0EE7A9
:101A9000E21C9F32BC63CD36663A5B08FE610A3BAE
:101AA000D899AEDCC3F66835AC4B44A7F7708377A2
:101AB000D098AFDD23FF6734A45B45A6381A7B6856
:101AC000E1E9AABCBB2ECF3A6E5959CEF0187ED3AD
:101AD000E512905F48AEB9C7809A17A2801E7F3F7B
:101AE000EB6C7F7D0831193AEF1668D4830534B367
:101AF000EC67290C143F1730645C1C447D17C8AB9D
:101B0000B03BA7861DF9991DF0A53E824F5C223F90
:101B10004836718E5314557AF84B263A45B2898D62
:101B2000B13E658D46F865740A2C4337D1F383EFD7
:101B300049323B8EA9EA95E1A9B703ADE92693E5C1
:101B4000C7ECBB82D8441EA9C852B93BA163742418
:101B50003E504FE990D44C4118A6108768865BEA46
:101B6000AEBF8072A3C5A44A4BD33919F3979AE943
:101B7000BD0DA95BD137A3BCDE71453D69053C8431
:101B8000280EAF8E05A02FD9B28192CEF8C7FD9C4A
:101B9000AAF8AC01F77CE65D3FCA4EC6C2BC025251
:101BA00037A52D021BF01E20620FEECBCB1D233F6D
:101BB00029F90FCAD32D62AD8FCBADC483027EED60
:101BC0000BA1AD51F728E177AB14EDA98CDEB54F31
:101BD0004A4FEE8B2A419FEF49F8063784D6B4DE90
:101BE0000396F981E3CDCD5CCC89C83A8DDB350D08
:101BF000A4A72CEA4CF12225434670C985D3A8C777
:101C0000C87F26D2C45B03BD4C205601E422A8B590
:101C1000D26E766A73F4B74B443026481B72F77B5A
:101C2000C744A2EE466536488E41482FE5B38FB0D3
:101C30003D1758C87613613E05E1A623E0D50A7129
:101C40009646FAD1841261B92B849DB85B62B24D7D
:101C500054DEA586F1E6C84A1F0CE51F7C89713168
:101C6000A5DCBF959A3FB61BCA78190B42059DF9B2
:101C7000E973E3D7D7674868B691E123841F750BF2
:101C8000FD5253D9C6DF63B526C868F0D606B5F74E
:101C9000A1DE8C9A0D54C4483AB3EFCADE6A2AFA20
:101CA000E7FC3D9CC7DEEBF8ECD8D55D77B0E58569
:101CB0001393D27650E5BB4FBF4BE5D487AE5C5A49
:101CC0007A5D07EA26D116B8DA8806D10CE68333A6
:101CD000ECDE06383A80AC82465F98A05D8880EDE5
:101CE0000763A29DE18890628869B145E74EAEE541
:101CF00073F02D8C2FC14902E8045A0C45F72230AD
:101D0000017FE74C41860B0E2A905BEF2ADA40AD4B
:101D10002C5FE01AC2F6EEDC3A4647A5E33CB4CEAF
:101D200015A18642B9FB3C2FB55363596ECD52AF16
:101D30002BE787E787B46E613653E080392F5DBEAD
:101D40001952E7A58DB79E292E66A3C77312A574F5
:101D5000E822614F72AB03E866D02B48628F777E32
:101D6000797165A93E6233679D924E076B9AE1C215
:101D7000375622F866B73FDA4B8728033F8DD3DC0E
:101D8000E0480C2C24DBF36C428966E8EA0BA5677B
:101D9000737E28B83E63BA329A0A296AA4DDFAC96A
:101DA000AE7FE8DBA00A6D25475FA345D2A91CEDF5
:101DB0000DB98FCFA96BD028653F20444BB53CB4FB
:101DC000F62A39C8BA6898D568D84DE3D2905A97A0
:101DD000B0B0CBC0F2A3682D247EAACE601EA4763C
:101DE000ECBF9AF3AA2F6D4BF74DAA52D64958244F
:101DF0005D3BEB8D4B595734978A4742F90B569907
:101E0000BE7BDC13B07212134DB30340AA46976B2E
:101E1000DF78E1DC7310FDDF9EB33557C13F9E6371
:101E2000C5CBA016D06D78FF8757D3D6F7D3905285
:101E30001FA44A57AE92CD71507640FAA701EB9C91
:101E4000BB28E2D9544629E8F013EE15E6C0D3AB1F
:101E5000DC3FC2763393D6C303F01455A7FC96CA71
:101E60001B23A693FD3B1E3B0C67915661870DBB60
:101E7000B4AE9FB85D263F3A82E0E7774DC58AD879
:101E80003C3833B72436D1134AC820F52629FCBB89
:101E90001C39C25D4E8B467B47BF0E5DA4DE9B594D
:101EA000A3FB0BD7FF6570FA4B4B6F58DFB87A4036
:101EB0003529B2B4D03144B41E4DE958DA3FE2F6C8
:101EC000E6B61CB33DEB9BC3241BE681769E18B798
:101ED00017D6CEE2F47929F2E4C81F427D8A886DD4
:101EE000E3B2095F57252AF12FCE1751A9EADE6523
:101EF0004EAF76107BBF9FBEE706D8DB65D91E804C
:101F000020EA864D5A8EF17F62D64224B150AB55FD
:101F10001FB60386E5D5B478C23AB80E07C4151EBD
:101F2000DA0B617DA0716BA435CB003E61A3AFB12C
:101F300029E39522F11239AEF925CC42E0B5D32739
:101F40001E44E707C23076743A7F62656004A5815B
:101F50004930F8E021A59BE4D80025EF0351F6A411
:101F6000ADB00A9D9F41772549530069C99C7AEB22
:101F7000510C609753677C080774661802B02A6199
:101F8000F2F92AC63D6E08B3BDD9C865C051FFF34A
:101F900055252FCB6A090DE7980B4B2D45B6BC2A6A
:101FA00037E34C47078D87844B9BAB88D159BCCA1C
:101FB000C71DBE0FEB3F9FEBE4BF6FCB40BB196269
:101FC000DDBC2A23423C7CC6C6081B8DF2103FE8CC
:101FD000D5B83C99209EBEB6597D278E0159FE1278
:101FE000C7352DEB9D48BAA8C991DE03916DFAE380
:101FF000D1A59F42CDA9E0AD057D2E6C418E7CAF71
:1020000080F0875DA679071461AB44F1EEA2D7F6A4
:1020100016223E3E428CB96036B0827C105EE93CAE
:1020200037DE4FD61F79B256B7E5CE1FFA37550DBA
:1020300089E1065E6D81474E61D3A1C85A48E73EEB
:10204000D0BD85D59D35B239CEC6CADBF590ABFB88
:1020500054E2B18A7CA894D044C2877AEC4F799B31
:102060003C544337B7175DD22CD34377419855B7CB
:10207000D625B76A5235354EDD81854F9D2E81FAC2
:10208000340FC7DCDE66B27514DC2DDAD4AE8BBA41
:102090008AE88E546E885C1467A88851073C6625D0
:1020A0001D3BB7355C875945CD0BEA1A46B8FA0C8B
:1020B0003D0246DFD7698EDF2F4DCFF87FA9EEBAFC
:1020C0009C22E0510FEA459CC1EC996994D6FC46EC
:1020D0004CFEC69EB34948BD4CCAAA729CFD7EBD4B
:1020E000653A0DFE3ACF89BEEA13EE9FA08D9FFAA6
:1020F00079B9CF1D30D69BA4DF884C5C13DB72BE50
:10210000A83F823ADA05B36E10E044686546114094
:1021100030FBAD0C48E8002547139582A2D6FDEAB6
:102120007363336730A5E28282E7B200E9A7FC73EC
:10213000F036207CF0532525BE84437919D75322ED
:10214000967DDFA9DCFE1481B1E21D35C29AADE9AE
:102150004C0F6105C0C4AAA441F21C66D9F60CF468
:1021600093FD5F87B2C17AFB6911CA4D839AD4A3EC
:10217000B2D5F88032AA264B618F6F4AE145249888
:102180006228E80512FCB9A2E64A6B7930BCFB0D67
:10219000BE7AFE6CD519F8D67A18FBE4B82CFA6F23
:1021A000782E29B53CEFA7D973097645A9CF5A2BCC
:1021B000335E17A44BEDBE2D49DB65E60B327A6D1D
:1021C000226D1487258C1071AD80AE81ECCDD79A2D
:1021D000BEA803023DD8F3F03AA56140C878A4E058
:1021E00025AB080FD1499C8B2CED56939B61334D49
:1021F0002B7C958483490F2CA25E6A300FF93F7FB8
:10220000A8130EBF7F66C4B32CD064596B2057EC63
:102210007220A6E4D3FE377124C0B05AC4A5F330AF
:1022200053FB6A513234C3529423C23DF5055E7F9D
:102230006D506B1EE8E6DFC29D90C01108A5527577
:1022400036446AF18CE087B580824C8B9877D38BCB
:102250003270C83637AB5B389CF49639DA7678D36F
:10226000ADFE869B453A53550EE1993668222C7E89
:10227000E5F021ED32AB9DE863402934601784AF6F
:102280001E9CC14129FF5EEB4C88892786BC99774B
:102290001E2D33A4DC9CCE7B445CEB18FE98B9F277
:1022A0005F8D2FF928BDB0C648AD1718235DA67500
:1022B0001D6F5686D02FB0AA45DBA8599B5F7B3A8D
:1022C00051AADD79A6111031299B08FA099409E475
:1022D00035FF8AA2F81AB6CBB9860A59C891C4F05C
:1022E0007F360613BCEA1B7C871367E388DF13E79E
:1022F000FBBB1C7A30A76D7D26838A5B0B13FFF432
:10230000F47C922F30B9F5AF66C0C6C1A0F1F56874
:102310007C68972EC832EFAE40B065B6AAB6AA6CFC
:10232000F1781E2DC12362ADDF418542F1C53D41EB
:1023300079FB234E69E6C2A56332668DEF87221EC4
:10234000F6A08485086796B48F3CF318CD06023159
:1023500036B88057FC523E92DD11C53FA37651A599
:10236000A73125C45C27DEA7285523842158F859B6
:10237000C1EB0272296465CB25113CCE4269F11391
:1023800034686C9EB28ABD22838A3E68EB3F8984A2
:1023900067E9818457FCBC23437CF9E1C70E1956D9
:1023A0005D0D6D095DED3D20F3D7DDCE7771D2F483
:1023B000503C2C34D4FD3C2128B9D6AC81832E6608
:1023C000026AEE8105B1EF7A7AEEAA7D261CB5EF9E
:1023D000DE38F8E8B8357F12B5CAEE6C7F72566207
:1023E000186C2F31237C75A6B3643BC88DCE5BCFB0
:1023F00053A40DB51431125943844D35461FCBE912
:10240000767DD31DC44F9ABD4C2044A711D4D7F676
:102410009D369DB2A0AEB7B22EEC927C0854F7D098
:102420005E7818F1BF8695F20F410D7125B1B4FDAC
:102430001C3328D151F5D42F6F031AD548D5B62CAB
:102440005C2DA46ED235378415223296151735F4DB
:102450006C216CD7B48B1594D11CE52FCF52712C05
:1024600076A1CD1CD8F741EFC7DA7B2B8B360E95C2
:10247000F6ACD00FE6B9F7182191E1A376D384F733
:10248000203F2D18BE8A35292600CFBDCE2A5BE716
:1024900082E9471F2C7CC2FBD0D82C59E5BB06E44F
:1024A0008F3EA54BC7AFF2319C496EDB041F00592C
:1024B00027E8CF1DA1623F9A4739CDAC7FBB675655
:1024C000B9F85D44B2BCD5FF4A98D1832B5E15960E
:1024D00078B79010BE19FD9D036A90806E7ADD4B2F
:1024E00038B34707996A051317369ED3276BD5A3D0
:1024F000BB35A914E7D256BCD364EE9FEDF6F9F8CC
:10250000E262EB537BFC109B603AA14FF03F94C119
:1025100036BC8C6324673B8722D29D05B40BD894CC
:10252000B5636B7105819414AEA562C4A9C078F53A
:10253000F262BF615DEE7820BA366202AD73791F38
:1025400038BD4646CE24B3FBC0E211DCE89F2164CF
:102550009251839564D1E4D82002C1BF82093BDF48
:10256000378CB13175276DFB69E3D95351611E99E1
:1025700089FF9CFC0D6C68BAD793E705A00A74EC40
:10258000FD4FE9FEE4A81E2F2C89202BA6EEF005B6
:1025900074B03A88EB5C1F84CABCEB0EB624D01B27
:1025A0007DA069DCAF77F92EEC5AEAE9A75B70579A
:1025B000B328288ADD8EF794132520E8B710500839
:1025C000C4CCE07611B69884F1CA4CD14D5D01734C
:1025D000CAEE404FF2A3EE4190B8EA4BCCA5E8908A
:1025E00079A130C1082F6D4BD76BC8486B92B927C2
:1025F000E8FB8DDA0FA3664D949D68B4236C80C20E
:102600004C84A561BC43F2E2D402F554EC80F7F3AC
:1026100055A084AEEB10936DDC12A3DC82F7263359
:10262000DED9DF978D04B635142542E4AF5AF6E5BE
:1026300056919E101D11138565C2DF86EEF478A9B0
:102640003CC23C995478B027343D555B6B0656CB61
:102650006C40A1ECB45670AC4A929C53130C867A31
:10266000251C831915271ECB353C9D5B15E13E705B
:1026700050B32337F587BDBD920D4234698A503679
:10268000584D0E5A94843E3FC7406C84F68DCE75EB
:10269000B6A98898399ACE8C775396F4A6EC7176C1
:1026A0005BE79B9B65FF1B7BBB2C3D38DDD25B1F33
:1026B0003D6A2D961265B9404B3D4B37FF99C0F0EE
:1026C0007C4A313B40E8B894AD6A23F5844489C123
:1026D00053BAA9E7F65E097AC903CA8EFDFB867272
:1026E0003FED28E70DAF455B6F6BA3D7CDE8113AFF
:1026F000463B29E6603F17C2247BB4244F8F79857F
:102700007AF1800D9EB6DE632697BB6D9C19DD9332
:102710006155EC22B21487AB489446F394F6DC146E
:10272000734E823661A51D3F6392A2809D625DBAA1
:102730004B796C00B9933715F99115CE95085C1655
:1027400066C059CF70C2124030E680AABF42AF15B2
:102750008450297E9071EAAAB796E63A4C09F4A40F
:1027600059BC8040819AA17BB105A6C00E1DA0E98D
:1027700059D741E98987E6AAB9E5488699AAA8EA1E
:102780003808CEEC5D3E0CEA245BEF359E11D51D7A
:102790004870E44AB4FCE028D6A841C196EAD44087
:1027A0002B136569D3993D0BF3890EC79F10551FF5
:1027B00031194FEFAA9B3F6D7BBF6F7D81BDD4EB7D
:1027C000E2280E8AC8CB9C5612BE4DC192B3294D49
:1027D0001258238BD2A0B3A0A5FA490B015ADD17DA
:1027E000AC0AEDAE3A9F965113B6E9C1CB907F8DFE
:1027F000A43BECAFC2200EBF975F6C1220017C8A15
:1028000076DA2224F6773B730A0205D4304450BEB0
:10281000EC30FFD3CCEB04BC0203BB0C2C4B7DB3E0
:102820006C23C682656601F35463EEBEB58371F214
:102830005DDD2010BFC396F327B1567E5F70F32F86
:102840007D32D99B9C4404C84C60398F2104F40E1E
:10285000542D04C5BD90D6BAA80C43209C2B41FA38
:10286000F541DBAFBFC615B0638119DBA3F7557B1C
:102870000D0BF69A592791B8660FE7D19D2A89F872
:10288000CA087F628A917EB364DAECCE5C5378BA70
:1028900065468C1F5B2C23B9001705D47E28F2FFF8
:1028A0001F19AE9C27CC723B7FAF6C70556883F9C3
:1028B0002FDBA7D9A79B344EC0C8DBB871789EDB4D
:1028C000A24F6D6F76ACCDD93D77CF63420C4DF4FE
:1028D0006ACFAD6715F99E42D8A09A41868CFD0754
:1028E00047D65319DF3412B32CEBE89E4F6DA14D40
:1028F000E12BA7907F5DFC84508436D9F31DDBBEAD
:1029000060C1530DF823E92F70A0C4CBA826586DE1
:1029100068D9A50CBA24558E1AD2A047E04B90EB8B
:10292000FE212112DFE7801F9EC36CC9D3A7E242BC
:102930001115A94B296632A0555862011E1570F376
:102940007AF005ABA25911640E8246E9109CE92683
:10295000768D6B08B23439AE2676AA4A16F0D8C8FE
:10296000E52369FCCD477B650553A2137F86D468B8
:10297000B63A789CB764B1650BB4C58319B3C32567
:1029800052910C290DFF942574E7BF24F28458E579
:10299000CEC80508D08A658612BA4EFB98DED9B833
:1029A0008B764968F82A3995F469CC6BEBAFEA0865
:1029B000331DA1682BED6BF823C65896FBEDE2663C
:1029C000427868736471F36F61087BC7FD3F5CA751
:1029D000F72807A26A2E79D4FA0A29271A3E5B2F14
:1029E00078F9B851BB7D7481E958E0E15BE9518821
:1029F000EB5707F2B55A3AAF257E6A44B723DD9309
:102A0000FB7FDFEF6C1D1436076CE2D286248BFD52
:102A10000A5ADEEEB48DB3AB61C2DAFABC6FF36270
:102A200065059050CA92113391C3C05F55BA734285
:102A3000F26E23514AF733F965B958D628C7524C7C
:102A4000A4E4557E0E99932F00DF4016AB60553FEE
:102A500095D058EA0C42BC770E6305F8A470F4D701
:102A60009A329DC46133CD164F466FFBEF67A94282
:102A70008D35849AE777B5A28962895DBDA4997A7C
:102A8000570C60064D6ED99704B8831CB070237E36
:102A90006E1C185B4441983F60BFC8C6A3FBA77378
:102AA000F87657E54C8FEC3C294B8AA25D7159852D
:102AB000095356E445411A3DABDB12F6853FBA1087
:102AC0003868C31FA248F7E3D6EA74F1A4B93819ED
:102AD00046DC028EA60A3D66644901C26A9E9917C9
:102AE000EB213AD807828A7C85D9E2E1EF5FB38E89
:102AF000113BAFB2B25976C0B38A89E95EDA5AF8AF
:102B00004082088DDE01E5AF192AC480F2A466E098
:102B1000E8508783DD26B5A77233AE19F2DFF41EC5
:102B20002B0227C0157C37929DA6575DC9556FE4CF
:102B3000EEE37A8CE57E342359FA0D8184700BE93B
:102B400018C6DABC98B7B5E4B9E0A47D022068A63F
:102B5000A763A60542A5930822382FE62CF28A5DCA
:102B60003121CC2BDFE77627499CE7F69DD5D05A5B
:102B700096D1C05D91E7EA08B96555CEC3F58C756D
:102B8000428BBCCADA0FC07354C34A6EF75D65D975
:102B9000D5E58FABBAF21524B8B8566D808E1E46B7
:102BA00025C17375D0F25ED1E35899C3A1F737AE52
:102BB0005A9FC595D49BBAE0FBA89F891F5D22D67A
:102BC0005A73F501463D74A3F6156D248AEC1DFF7A
:102BD00045DED383ECFE16E7BA33E1190E835E9629
:102BE000B710EE0D573CF8A144CA32CDA95F7D3530
:102BF0006E4AD48B7B1963A9AF64AD7AAF93D76269
:102C0000DB7DA6D2EF1B951FBF53C7C88C599D4AC9
:102C1000D36DDA6EF69796B70143C691826FAB0E0D
:102C20007C07EC8C6E058642074C50DD1938F5B0F8
:102C30004D17B4D1FC8216B50F9E1A7E8725F52C50
:102C400034F046F6241B44F64A47B4DEBEF770A3C0
:102C50003E0221515A262FBA2D8CAD367C72B19B83
:102C60001BC54F99BCA2343CB7A41B7038E5BE0D00
:102C70005E33A3BE45EBB1AC35EA2FB49D8ACCFAE6
:102C80002040D367ECF69D474E066A7EECB00057B5
:102C9000671E6587CE4A6ABA40BC0E4E9EB71E7349
:102CA000D8742ED88D0AFF5ABA5B2E2B175FFB29DA
:102CB000D0645264978E1C1AEC486146A96616BF10
:102CC000373AD133424A026420F90C1F09A970FF38
:102CD000BE29413240D73981585B497DFE02020648
:102CE0003138C831270D24FCD45E32CDCF46F8F6FA
:102CF0003EA944BC295B3CBF2B88C5B3A6817EF2AC
:102D00005D17ED6CFD8054532A90E6EF44F4D0BF7C
:102D1000CC2005BE5E9068AA61B409B8D2C9046E21
:102D2000C5FF98EF41BF3E6CB5534E7DF101BB6FBF
:102D300033AD720DD0B297834096C7E32672F56526
:102D4000209918A9FAC37BF7689F83CEE8345A6BA1
:102D5000BDD24C6BB041F3A4B3F200601239BAB6E5
:102D6000D8A3840F998C6F8D2983C48111C5D2603B
:102D700071B18F4525A617AA618E02CDA15270268A
:102D80003AF60E13750C1828B15757B7D25CF9B73D
:102D9000CA09E50F081F046857C3B853A2C6F564F3
:102DA000B78BCB828329ABC4A8E53FF7274F270F0A
:102DB00041492894B3E258A1146594420CC228B842
:102DC000FC0C878790EEF148D58A79587AECB335B8
:102DD000B5DA58944ED8E94B150DEA4E82D57B2FC3
:102DE000C4A142C8F9CA1886E909AC488BD4334556
:102DF00073A704F9D98F706B634DEB0D09FFC061A8
:102E0000C4914E1BFFA3918FA290D6FF044C103D9E
:102E10005547C60A73E61FEE62B78037A44AFC8C9A
:102E200085A2BE9FBBE5D8C8B5D382156A27AF5926
:102E3000E3E75E7F32A410CCE2355FD07E53D5DC71
:102E40001DD6451BA4953676D464DED410093036E1
:102E500083CD80BEB2D2D2B604F565A803C14C259D
:102E60001CD24710B642D2D835346D5B330F854C37
:102E700081C4C89DBD263FBA2275518E04F512C883
:102E8000648129583D29CF794F0E8DF332CE87F3D7
:102E90007689C9989C84D27DAC4BEDD4215A5D7F54
:102EA000330455B1B9F5D0376FBD08DB089CA36575
:102EB0007E6A2D96B52DE87A4D1F023FD33B58848C
:102EC000AF3961662237591CD65AC9A856085D7AAF
:102ED0005034EBA6E13E97806607E9979FECD8A6B1
:102EE000191D7C65234FF33E846BADC69A9F5B75BD
:102EF000A621E7E4B7DFFFCFD29B1CA692003804DF
:102F00009460FFE5A4543AC36ECAAA0B4B02BF8477
:102F1000D79046F9C8327EAC2A9DAE85AEEFE61C4E
:102F200019FD288F75D7147D35A7722789D8B7ABBF
:102F3000E90269CDE3EAC0AC0383636C41268E4E9F
:102F40002853F345DAF6B40BE425C45EC88650E294
:102F50004EA65BE9B25799A37077C8C1A755D5DFD4
:102F60009B41C69D45351819BA0104E6BC1575A4E8
:102F700033B1B443E7474EA87D34C6455209748245
:102F8000952EED931D5C12229658C217FD0A2A4712
:102F900055E03EEEF07C5E368174F68B82C1D054F3
:102FA000D5FD735527F01EEB692A4296174D2B8FDE
:102FB000EB0A59E724FDB9A6B996CB9C5CC02C3D21
:102FC00080B58C165635183B22FE1ECA4D8CD93F53
:102FD0008D9A47504A2C7DAABEFF0C3EB7BCFE6FAF
:102FE000FE2979E0077F5901BCAB6F3163A9DCE8AA
:102FF000F9AD0F0F95587EC96B1987348383C414BC
:103000007624CFF4C4470DBD0E250FDFD4674DFDE8
:10301000DCE604719468A44C42B48CDEF345F17C88
:103020001F045B89C543EE4DB191849125576553CB
:1030300092E3A99A849F91B56F090EB7EF66D17894
:1030400060469E085BB622BF6CF7E4F57762B8EB8A
:10305000264C4C3F6BB677B3048C0E0621FA40F534
:103060003B06EA3DC2B4C03CD181A7F62E2B89268F
:10307000DC22E07A278A141A25F74E23C70CF1BC0C
:10308000A6A96A15696F9D470C2DD3537E9F2757BC
:10309000551E9B7C3EFCC233BE3DD69B2E3C3E6003
:1030A000F88A5B25FEBF194B332C5B5117DD9E3030
:1030B0003D3046DFABCD93D8BB1759D487EDF3BA7B
:1030C000BB3B1981351E9D634C1593772E6C65F2C1
:1030D000B1DE29A8A63CC1ED9609EB5027FE9E4221
:1030E000386DDD7EFFDF3C740FFE0E5FADEA5DBF25
:1030F0004459ECBA695D97DB2D5904BB3F1BD8BE20
:10310000BAF1A3608172EB5B4A5D6452B6C63ACFF6
:10311000A86263D448E0F627BB37658CA694DC7AB6
:1031200033313CADD5F49F41ABDFD08F43573B618A
:1031300077166065417F30BC0B35FA873DA3D268B6
:1031400020997B09BE42FB2BAFE2406D0B192D7F0E
:10315000AF23698373B6BFD804ACC1C7090BB0E510
:10316000BE866BC593B179420B6061048E60D4DD7D
:1031700049119349B1BD5765DD13E34AB908EC68BD
:10318000F9F8006E366EE3DDECA0A98BAC8C5EAC7A
:103190008E2A69BCD5D2CD0A85D4E8B6E48CA56A5E
:1031A000FC7FE3055333B26856DEEC4C274DB1E7A4
:1031B000751F68882CB91B61423E2C275BC40DCF5C
:1031C00082CA45BB60F47A0F2FEA48C512E69464C0
:1031D0002A81050098A81DE9A55FEAD2D8836889ED
:1031E0001948294FBD4B73216B976643536EBAA3A1
:1031F00049BB2A611F6DC680EF1BB7B01BF7E8FC07
:103200009B3CCB7461FAA63ADA67C1596D83D1D180
:103210003635D6ECF9AA1FC4155288F2CA109A1591
:103220003DB1ACEDC7A2B60513D362D84156742F99
:103230009F67B3CEDF11B50545B5C9FAA5F2338353
:10324000F030B31B7E40F66014848B8C4B5C99107D
:103250004832A6657627B79824D4824E6605D015E5
:1032600025E57E9D05D25CB72DC60BAE6A07C1125F
:1032700092B3D4C6B565A8987F07E5B3EFC523D848
:10328000D47E1B7C6AF3A6E5281C4B18DEA830FB15
:10329000B4698A798EEE0A8B3BDAE4DFC6B8313A3C
:1032A00085AD9B6E66CDFC3E03D86AE0910811198E
:1032B0003DA915B47719CDF23679E55618BF36DB3E
:1032C0008639445E62B29959B4A86E75769E18A983
:1032D0000A5A68C66C243DD9279E481DC66848090D
:1032E0005DADAC97782F5F7C0A9F8A8FA9EA1B1887
:1032F0007723071239ED0C904384ED9B1F77FB0079
:1033000093F1880D1964E7C5D7063FC0AF87BDC3E9
:103310002964D1E51BB3131AA8C23600690D28141D
:10332000C527615D99FC68216AA1BBE25DB4A1E893
:103330003B0A6EC74009BB57C6C3B8D1EDB3AE5EFA
:1033400002E605944035B5274BDEB1AA8E61ABEBA2
:1033500030560EB92841CE581A7246A75C00374A3B
:103360000187778B3BC35288CEF1C61B31ED4AFDF6
:1033700053D1DCE591BF57E5B97383C1A47838FC1C
:1033800018BB8027F08C1BB5E0D468CE118A808BE7
:10339000D112E808FE213BEB6CB80E9DDCDE5E88A6
:1033A0008769A84763A4267F79246D650452218428
:1033B00074E809002B94125603C8ABCDDB6E9EE671
:1033C0001AC80CC540847EEDE2032DAC57EACC4E02
:1033D00052A9528B30AD93507EFE24CF8176BA6CC9
:1033E0005BB8DBEB9D497F2D0B96BE150C87122336
:1033F0002B3F6E8093FF9D2CBB8EEEC9A48C5B642B
:1034000084F04645FD1FDDB336405762E0A48AF6DE
:103410000FE4D281B7F416F1BC5242D78206FA0704
:103420005B8480895DA336088D50C65BFADF550D3D
:1034300097602147A10219BE72B844BDB5B272B1FE
:103440001BE5874B44B59537742464962DE6156FBC
:10345000A80221352CC113487A76C154A68B653653
:10346000D1A15990A8437298D37E47DFACF192491D
:10347000DB51A51D95D5FFF561CAD4138673D40819
:1034800082AD8D14FE8A355A54A36D7126DD1E5906
:1034900094603D546876B174C59DCC26E80F965A69
:1034A000E35BE0DBF70BB89257FACDD7655C9A7710
:1034B0003D6346DFF17DB93E66840844B91FD5EF10
:1034C000A6DBBD9C4053DFB3B6FC1C5DAFE178EAE0
:1034D0002E12293D45FABD44064A049FA7F479EB14
:1034E000E3345198BEDDFA96CD186A73B1DFFA4124
:1034F00006DBA360362FDBB0DD5E8F5FCA7B84AC5A
:10350000BFF240FF265D02EDFCB25448F0F95D22A7
:103510004EEE32A59A1DFA65DCB246BDD1B01984D3
:10352000580E8614DFE7D4A7D752F54936C4522384
:10353000C99BB290B7F7F3892101B345F9E16C6EED
:10354000392604F0317B8043B6207AC983665B62FA
:1035500088044147265BF98AED2E70EB6C16AC0BA4
:10356000E7F3D289742C9276ABE986049A9873B902
:10357000C37AA706B8192100E687C550E6EA22B14A
:103580007C0FE14CFC0BB9B7DA76E9CBF2081B678C
:103590005C1FE26DD5D296D4783A48D9BA0CDB5389
:1035A00090FA0C87376F6368136EA94E48F5A72011
:1035B000B4FB9949E91D6CAD7BED9746BEB905405A
:1035C000C74C83F9F562F4784499E98CDA75D846EA
:1035D0005A3AB041CA50A3F7FA0BE8CE1A6B10EC76
:1035E00023D98603C3412483615926E19A0FBADFA8
:1035F000FEDD39AEB8478D1EAB8A47C2CC7FB369BA
:10360000D9204B7AFC347B9F4EB5C354CB614FE03D
:103610006C440A1CB46F378ADF52454A633632E87D
:10362000D5058B4F21E7435715D362984CA5F67902
:10363000F6B600EC64524CB5CAC7D227A515508126
:1036400091603C6D5C8ACDE22213D00C723512A6DB
:1036500034D5C394334B01CAA6CADDF82676309020
:10366000856BCABDB53A6C7624421A038CEE15669A
:10367000A22227BA2A6931ADABFFE307E50A71FD43
:10368000AA0A777386F2FA78EC406995AC5F23F367
:103690002E72ABE38B74A5F4535DC8523ECE1BB3C0
:1036A0003F165D93CF889AEB4EB30F5C0F9CA3D56A
:1036B000D7FBC81F7064B17B9F9A9840E1BA5884C9
:1036C0003E78945EA9AE1831ED4D97C3E58EF58A2C
:1036D000EE29A71D0ECB6430E14399C964037D999F
:1036E000366055B19D25CCF32B0E5284DF68C9ADF1
:1036F0008FD80404D5DC98065FF5FD6E109FD84F77
:1037000041B72D8620C672BB280AB9AED0A317A236
:103710001A29741A282475E158E6F0CCE2B289CA55
:10372000B1FFD5798271FFAD5326C583B7105658C6
:1037300029FEA728D7117CAC23B366C5D913C6A12F
:103740003EA00A0189039BBF949CBBA8BB9AF74586
:1037500056B065F2E85AD1A5E382B88AA714793A3F
:1037600073BF6DC217F364B592A3D6DDC998547CBC
:10377000A9F9BD2CE95B65B0B9D5AE8615F584BE57
:10378000EEAE0AA3F0EE1A4CFD0BED17B419DE22D3
:1037900014BAAE24D20AFD28993D2EE9F0DC2A03A2
:1037A0009A89D3C1AC8779018749278E3A4D5EABA0
:1037B0007F9F49C637EC190643B996836468AEE328
:1037C0001A4EEE23E242EC3613CDF2F5CAF1DC7666
:1037D000AA5F66D81F2DE7F84457BE86BAFC54F797
:1037E000C3582DEA8D9E285B736729E5EE0D08E628
:1037F00013B0894F73112102812700BBC34F89ADDC
:10380000454201963D6607C41726A841EE631C4A4F
:1038100078E107180AAEC8BEF275C4DA1BA1976139
:10382000EF7305341F78A4F06F5C47D4CCC1ABB004
:103830000D7927593D15EE57B937500A07B5EFF501
:10384000FF24158A841EBEB974EEF5BCAE0C0AB610
:10385000D63ABC5A8C0E0EB8D01A891684D2F8F714
:10386000DA3595581EE017498FFC056E538695D6BC
:103870003405E38596F016080E5BE7874AF67AFB77
:10388000FAE84D9C9EAE9D796FB08973FCD6DD74CD
:10389000E4068C38097FBFDB0449E974F8CC964311
:1038A00046CBF99CC75FCBF84FAF0C5BFDB2DCF7A2
:1038B00031790C64E51BF55E470B9099E57A9541EB
:1038C000DC39AA370A51CF6A94EA6E8C9E06E56706
:1038D00092EAD1A2A7BC5F2E4D5B9D473EFF9DF3B0
:1038E000C3CBA8BEEFD63C940441EE8EBA6B32B582
:1038F000360D4AF32FC8F43E112AEF8F977903BE95
:10390000590F0616DEE614DDD0C0BF5B864630F0E8
:10391000C89ACF0B6CEA72011C3836E9930BD56755
:1039200047E940CD411188AFB7A552A1EF2331E15E
:1039300056F94DCE6D658528C609BAAB5608720694
:10394000F79F1653C4C64D7F6E5A71E0A8A24C6211
:10395000DDBF8338A8288D28B4F23E7EA050D1DF89
:1039600047B7E116B9C158D2EB9EC4809D0C73E6EF
:10397000596888F25EB711FE618E4E25EB17B2478B
:10398000F900ED8906727928D2D17EB52DCE7A194B
:1039900095A4E26DA91B2A7EC6DA6D52FAFD9364E6
:1039A0005CFA0C819B9D406E69394AE251A94C82B8
:1039B00033F149C44BB275F4EB4F36E083055EC872
:1039C000BD76FDB9232E6C23420A520ECA68D2DEA0
:1039D00085BC0DAD45A15B290C1A687776EE5F6555
:1039E0003C7379089351DEF5601648B4B3B41463A0
:1039F000FD6675DAC9A198D402396EB05B7E815438
:103A0000C40A6A0BFC06775BA048929F5B99D1AF12
:103A1000C6602977EC491FCD98820119C44B553DEA
:103A20002777A604BD7A1C3F54D78B5D21C70F3082
:103A300055954075F5B24C3C63B700D08A37AA91D2
:103A40009C44EE313FB61C320DF387AB8BF0749083
:103A50006B2BF38A6736D2CA9358C2DC5C8AF18C2E
:103A60003B3E76C98BA3115395776D50151CE234FC
:103A7000F9556F320DA97331591187AC34713F4E2E
:103A80001E852E0EE6514895F15BE4D3AEEB767BB6
:103A900034632F5298FE59BC9E3F96429ADE587A64
:103AA00007669F1A1A6F51A3132E5FD1AF197A526E
:103AB000D7713559F19B58B868D70E4B7784BA8BBC
:103AC0003877FECB09209B35FA6C55E4EE12D6719F
:103AD0008E77D890AE0D9630B26A63556079AE1F7E
:103AE00060727A89434970123734DC538EE92F3B78
:103AF0002F104210D9BF44399B7BB44CB6170479C0
:103B000079080296FA079AFC4836A441D0FB746BF8
:103B100049FE732E2ABB26F64082E38338854AAFDE
:103B2000847573C01A492FE000D0406FB5C5AB82D1
:103B30008D71E50C2B157B2ECC14F6B42CB58A5266
:103B40009379FC11F2C449FF10BF28C9D2113EE994
:103B5000A843EB832BD448FE400243CC03F41EFF62
:103B600012C1D94DD9BC9023EE03DEA30EEE3B85E6
:103B7000A0DB2658D1ACB617FD83CFC8C18D7BEA38
:103B80007B05EBCAFBA4FBE9C8DBEF088AD4F0E5B0
:103B9000086C827FB21A35F5443CA4C6820FFC96AD
:103BA000429A7391C3C638A78C19ACFFCCAD837B06
:103BB0002313BEFFCBC2A12B699DCBBC819A6AEDBA
:103BC000D628F117D8CC55E112B77CC1659DDA71C2
:103BD00020B60FCF8C23B8A9DCCF490B9A03CC11A8
:103BE0006FB28EF59B683DEC016FCC8C20EB12CE52
:103BF00033A40D75ECDB555697FF7A62835822E0AB
:103C000045130562AFB9B0B68B5485CB60035A7AC1
:103C1000ED16B75B1374DC28864DE8CA63B77304EE
:103C20007C91419B6A2617D7C455D785CC97F04D18
:103C300017145218BBF5D5384E25E62052E80C0F64
:103C4000F4E23CD4AAA097D72EE6C5D26B3C701004
:103C500053B0079892D0542D2C907399C40904F551
:103C60006930243C1E37E6473B9847B4E88501930A
:103C7000ED924C913EE833B1BDB5D996A2E2F1B7D1
:103C8000220DD704D888DD3B6F0089D37691A383BA
:103C9000EE10958B61A79EDC45B28866F63A9CA62D
:103CA0009CD19F5E2AB038BCE643161737C0714CD2
:103CB00095749A9B107D542241BD3DBF029302B979
:103CC000A97B8F97B76A9DD9A9EE68EB50F778BCAE
:103CD0002E5EE37EF75C0DDD66F86BB13EE946F0E3
:103CE00025EC0F97582DB8C7CECFE8784C6D8320C0
:103CF000AF4D20DDD53DDCDFBB311C554F88F100D9
:103D0000B4620E063775921ADB1DAB04776462ED60
:103D1000BC6FA2BAE8DDE92CBC72CD4D60DC2A2E66
:103D20009E635D0D3267EC2D2FF8B6EDEF4CE3F995
:103D30008D954D41DB153225B9B50BB0F9E18E6E8D
:103D4000209D2C094DA971D82916F554FC664E26E4
:103D5000B32F6B0863AC429EE31C60552706A8276F
:103D60005B4310477C1A477BEB1CE106B78E9146FC
:103D7000B62FADD8FBBDF36A6661A8484267D5E0AF
:103D80005D000E48CF26B9D748BE34E78ABCDAD2E8
:103D9000B1FAA5F4397EC32F7C9ECA0D453DD929C1
:103DA000B88BF547FC4A1A10B3D93A08354FFBEAED
:103DB000733D5DB1C62638AD733E6A2E443D5BD17E
:103DC00022952001D421F186D67AB24312E890538D
:103DD000345EFADE0A20E6F603634DA9A5DCFA3D5F
:103DE000386E2BFFF9E871A40AFE3381997858F4F4
:103DF000355E2AD0C0A07BF25786D982E38C78EF5B
:103E00007AE0C919D9E6D2B046A0C356AE01878D73
:103E1000C383765596911090B0327AC4484AF38B9A
:103E2000A913B118066DB47F589641AD83C70FAF83
:103E30002B482DB8D49014BA252E6369C9D7021621
:103E40003C3E060FB452D33B74E1EF128D23978BA7
:103E50004DA6C8364F73B5343B0F881194FC75528C
:103E600023B749155503AC7301C5E451D4937F8042
:103E7000145746B60D466F31FEF642399C1D30B7D9
:103E80007E98C11102EC6E3EA3CAAA58AE5704D761
:103E9000AADAAD5B3AFEC65CEEDA4A9B3ADE8E1CCD
:103EA000C79DB016C7FD19E51F316A6037D78ED59B
:103EB0006924CA9DB76715367F704156A742213FD6
:103EC0007EF8BC035DEB9BCD34E96BAEF6925A5E97
:103ED000B130AD5FF660983B55058B80FE8A483A5D
:103EE000FD37BAD3BF4FCF7B6F794985D1698D66D6
:103EF000ED3C531000401AC0779B1653650C58BF19
:103F000087DEDC7AA046485D8FC00CC91659F7A23F
:103F10005035F88E68A50A5AA8B6A3E61E54761145
:103F200041ABA05FB91FEB0237434C8AD65E5658AF
:103F300017CEA4E3299367862982F338E0377063AC
:103F4000D4206EE7C824EBA893E68A51C299A2EB6D
:103F5000B8A121B5152839FAC2E16D3AC089B686F3
:103F60001FE67325D9C3340379FBF540D172774737
:103F7000F9BB634A813568A938050DC402F59C98E0
:103F80007CD71D8E4ABF38AE36AEA6B24AC660A5F3
:103F9000EE9F4EE980CE41AA095831C6022EFAA8FA
:103FA0006FD32D06E9773D55845A4EF0B1C9EF7BAA
:103FB0007B79B406938E1F215BF271C6020FD51474
:103FC0003CA80A09DAB0FF13B27DBEC4CA53FDEAA9
:103FD0005267F08B9A44FEA2FE72EBAF82FC001F88
:103FE0009CC9D1CD23ABB9EC744C6F49BD817F3DE9
:103FF000A4FA2E2C546F8FEDDBCFCC8FC36F7CAE29
:10400000B371A01B3379C5632C221B9097A11FFFAE
:104010004494A6F594AB96B739F40F5CB9D4869462
:1040200056076ED55E05C184F510FBD635C9F23250
:1040300055B4589C361D14605D7A59DC85930E9FEB
:104040003A662EAF84121FF64C66C471C6D69A5BD0
:10405000F63267A74053A42A149098DB0C05FB782E
:1040600000B4955083AF36F6889DC8895594557530
:10407000D35BC29EBDB5F5F5450D06681908C49918
:1040800018EA4797DE0AB6D082486AEF09358325D9
:10409000D1E847966B7605F40438766C710EDC0F28
:1040A000A7B9CCBA678D12F4388BC2CAD45171FC4F
:1040B000EF08B03650EC84D7479C4E9A04CF7DE48D
:1040C000F0B9046580B399FEF60E499E4CDEE7E335
:1040D000F5BA2520112737FFDDFDCE54BF8C4C9358
:1040E0003FCE479D8124FD9E0770059A4819F8D957
:1040F00079B9CFC974CDB9197B1BA68405F718BE51
:10410000A35CDCF8F8B4B68F8E22442C43841200F2
:1041100058144D6FF011F1A0201947E75052F0BE2E
:1041200022C1582825771E89D5EB334151739064FD
:10413000492E896F66E615AE86B392FC2D572E0F79
:10414000F42FA13950B91265CEC0E35610F2DD2626
:10415000B760C64707D618835EF4D1949116A400C1
:104160001FA3C28366E5B26491EB4EC7203450CEE4
:10417000BFF76A6DF1BD1FE8417DC551E18AEC6A68
:104180002ACAE182D0A3F34C6AD5400AF2E88165DD
:10419000F55FE0F18E9BAEA255BC83E4E9B05AEB2B
:1041A0005DEB8C8FB98A27A1CA0E29E5F3E90928AE
:1041B000ECE660D30B9A2230DBAA1409374F079440
:1041C0003A6FE386F8CE5D0EF6580A0E0B78BBD335
:1041D0008AEF82A09E1B28496090DF82950C38CD23
:1041E0003B36EAC3BBBEB0833255E9CE1389FD68C6
:1041F00005BB27A2299D8282CB67BDBBA3F9408165
:104200005A1A24B424F793B35B24AAAD28C6AE7F10
:10421000BAE227D66804CEEC7ACF67F7FEB4D23084
:104220004DB7683875763CBFD5323D10F561557F86
:10423000583177AC210AB083AD03B17CBEE829794F
:10424000844A561DA30434E90EE11554000A74FF94
:10425000DE30273D73CA90B07CE1EE366B8975B3D2
:104260009349A400695EB1867C9A73463461445DCB
:104270002C39735532F212E8F654364931D1C0D98F
:10428000B548D43246E9457AD6FC2A1ABBD3E13A7E
:104290008506E1E1F0DA2577C5DA9A3C3219EAE6DB
:1042A000C73FBDBE1BCFBEC39D826AD061F3783AC3
:1042B000E8687319CBB93B7127424556E543A674AC
:1042C00027FCD50E798BEC342B17E8C66C04B5B3FC
:1042D0006DDF4B8D9E6E3FADEA9A3485801E3FF8B0
:1042E000FD33BAD3400BBC939C8BBD818E4B1FA179
:1042F0008F53DFEE95E1D31C477512FECDCA103BFC
:1043000046E0EF46C970E30F565142668AB8A38E65
:1043100038E3C7C16817BA20F8660783D8F280A3CC
:104320008694EF2401F618A2819194EDD1E309EF70
:1043300017C3EE8C5EFD7021B3184749CABBD64344
:10434000AAA00063B4C2D2C1A7E0157A30A456A6D1
:10435000BC98F45A28AFC3C9CC100C36CBF45C7FA0
:10436000CA4182EAF9FB6A8549B2B0198967D04B24
:10437000E6B105E6D7B75D5EF293C338C1D776459F
:10438000A2386470DDE68765922828CE5A9F5A7F4E
:10439000A1E9DB7DF4FC59544248B28BDAFAF6E429
:1043A000DC782F290F949D0B78D025B384AB059F23
:1043B000CCEA578A992F7104E21C2C6444785FA1DF
:1043C000E0285B83E0B19301E2E81D321A432974CF
:1043D0003A3809CF11DC44F4BEAA11CEA58EB694AA
:1043E000F3CF1C6778DCE72E4B94C0AC2C77AD96EE
:1043F0000A5CEF1FD3A462C3433B2E70ED076062DB
:104400007A182044D8E4CBB6CF85C52FD48330FDAD
:10441000DE3B0747D41432FC3A8561FAC4A6950EF8
:10442000979C48D06DE015435526A7907E454D5981
:104430005233A1139527B5BCF65B2E1EAFE5F314DE
:104440009BB0084B9DB491F54CD2F87BCA0414B3D1
:10445000D7A2A7137CF62D9C02F5C67F831EB83821
:10446000C9BC6436E3663643D591844C8BE0179023
:104470004D93FFD52D27AEB6AE0D4BDA02B02DFD14
:104480004E48AA6D667209BE4CCA37C346DD21F795
:10449000E1078C9F1AFCC2FB46AE8D58018E9CBB77
:1044A000F88B889CA9471D65C7DD137103DCFFF5F8
:1044B000E5FAAB3D4773BB478D48697649FC48F444
:1044C00007CD4E8CA3DA382B38573BD5A11FDD3CE6
:1044D0000CCB2CDD8E0A3CB079416D5180F896F200
:1044E000A741DAF251CB4CD9F316E69F4CDD9E3B47
:1044F0004F57A98991A2C0BD5FFE90FFAD59149B93
:104500003A876B0FA672EF6097CC4002AEC63217A7
:104510007616E082647632299FDC41CC65C4590767
:104520008533E0FC63C212C849DEE439EF2231046E
:10453000FCE20D8EE9C8982E66B5E60860C5D50583
:104540004444E30BB2545E41891D7D5280177008CC
:1045500078BDA3AE39B515B253A0BBFD8162B726B5
:10456000D1ADFF3D9B553164772CCDE2B375D33A85
:104570000771851140D7DC4999D72A9CD843FD7C27
:10458000E6E76B289A08988B825AB34EEFC4CBA506
:10459000EEF3D54D92B8F07056E0E84AE43A9166F1
:1045A000E7E7EB4AE3D0A6275FAF6B4CCDCFDCEF5C
:1045B000551E8949D300B9E923344B013FB9D5C20F
:1045C000F2CC0324FAAC526ECD95D839F45A702D42
:1045D000112570080A5C0F2BDCFC684DF34D792F18
:1045E00098F2F58939611A4E5847D7F5E99EF8E5F2
:1045F00096C5BC0F01013AA88004B45979F754E973
:10460000C4BAECCB7F43EE38D0703E53255B8513A4
:104610003F8727D41C10ED8FEBD29EDAE2B212B99D
:10462000DF7C845087FB763D2D3D62B86E55E58377
:104630008115374F1D178353E2FB1C4F4E467D7E7D
:10464000253169340A03933F9BC5725414F2E26F1B
:10465000409154EC5C24CC9A4A2D6025E61B753FB2
:10466000854B06544141113655E1B1C7E0613E3AF0
:10467000925BD0A01D269DBA16C0EBFD0271376378
:10468000C63FBFC3BC6EBA2B17AA6C346D8BD987DB
:10469000C7613F629EE29A3AD4D9CA5F679BD80647
:1046A0004D744481009D1B3CC3631B5CF7756377AD
:1046B0004D75A15970663E4ED10748AA73C267A6D0
:1046C000197A15CEB86C3C0B69F021836D0ED6813A
:1046D000B1C666E9F058376E94D43F978EBBB98D5A
:1046E0009EC9AE151932BC9713317484AFFCD8D370
:1046F00046C3B2AB30590106C4E4B84ED756DF7991
:1047000024E56477A326129077D24CCF01C4EFA2A0
:10471000B8FACA41F91337504040C73B8712B4E793
:104720005875A5A2F1A3D0A351E24242338AD2F731
:104730000925FA7CAC95CA9034D14749F6AF76E5A5
:10474000A0A2F9C6E252755B4337BEDCF0A6706FDB
:104750004EBBA75E888EC8A8F892D97F401663A783
:104760000065802D99C3200EC43B72BE6256F4F9D9
:10477000F6AE272C16D299C53B62CC5D5B9BE492CA
:10478000B24C7ACA9A8C437BAF4842AAFDCBFDE17A
:10479000259EA36710E13CAB3DB81E3745BC0682A1
:1047A000C589AC59DB2BAF8D7996ECC73C5D27579B
:1047B000F0EFF232CBC2EBA603C4C3A98302DBEC59
:1047C000EE6A318CA8D33EA175B3235C3279DB97B6
:1047D000AAE306D6CADAAB1BB97B14CD3A686830B7
:1047E000BAC9F5AE62B29E75736BCE54F7EBD915AC
:1047F000F4B21DF4543F87A9FEB2B42F835822E0CF
:104800007C7D80F2F40B71FC547F7DDF55E660F116
:10481000F7635A5CF274713444ED9C2DFF467DFEC3
:104820008537A740606F127F0F21A766E7B27648F1
:104830007657DE5CBFA15EF7BD7F0CD52DAE0F9322
:10484000EDCC3BE0DA2495D170E266D43D6ED76BB7
:104850000A8BDC18F1B4C0D0B1E27CBE5C84055A8E
:104860006E84C5925A25B08175E3E62C41858A593C
:104870000FD354CCD5283A11FC3A2FB55995007C6A
:10488000FB321B98986C5EFFF91BCD5F1C2AE0C7BA
:10489000F4670902F07C313CE83EABB7CE2596BD0B
:1048A000E76B5341D9885DDC332BEA3E779939B801
:1048B0002762D9E0BD8156FFFFCC95C01CB85C7C57
:1048C000F927BC3832B0F4FF76EA6EDCF6D395B83F
:1048D000275E1A68497B398A6EAB6A5D5A9C0AF476
:1048E000EA1E6606AFC66AFD77EBB56CCD5FF75181
:1048F000DC9253C7312C951F1F2FB6D27FB987BECC
:104900002D7B991B86441080289248A014202F41AB
:104910001DE3858C881435251231E2006CE9D163E2
:1049200023777BFF8947900071004C4FC1A59A20E7
:10493000DAE20DBEA115D12779ECE94EC9B5DD212A
:1049400090A2EB6727B5C8746E822033BE06126B47
:1049500018A10C463A60DB4FA5804B232753F26326
:104960008157277DFBB640642F662320B1AC456B91
:1049700089B03601EA46D093A081C72194A20E687F
:104980007AE0C4C5822E3825E90FE9B766F1797857
:10499000CA0E101BD3BAFC822084A22D97B88BC8F4
:1049A0007C62E82A831CB92A013C230ECB39DE9FA6
:1049B000B1E2308AF30979AA8BBB966A5B594C2A1B
:1049C00088C0E30F9C4356622F8081816613F9777C
:1049D00032DA4CCF9A585B23247E83421A6B8C2C9C
:1049E0003B6E632DA2ED4C910D8BCECB72EFC1F2DD
:1049F00075FD286AA3DB67D4FFFDC7E68B799701B5
:104A0000169126D4DE80BE0F845A993CEAA3817F9A
:104A100008606D1EA17ED49A65948A155CA2027C02
:104A200008A52213DC5755B3F2DF815621DE538FE0
:104A30006DB1ED98F591519CBEB68273E69250CC63
:104A4000E2B6FCBBE4C893CBA51B6ED4716CF562D7
:104A5000327025D1B4E65B385DF0D5EA5CE4F07BDA
:104A6000114947C09CC417C2D54E4936857B09758C
:104A700041E114B8949754315DF5EB203DCA0F80A5
:104A8000026AAA19269F9B5C6E8C6050299DD9F9F9
:104A9000D395C8A6F6773DF91EBC6855CC60921D2B
:104AA0008579A9154788D16F3FA9A852EB5E7CF79D
:104AB000D0C8DE1A5ABDCF991FA9695BA45F55C63D
:104AC000E6BB899F09859B272AE9665C655282CBF4
:104AD000E230B3D0E9BE08115E42121D9EC37311CD
:104AE0000A4D66A6ED3B38B4A612E2FEE457DE108E
:104AF000A82A850D35DD9F245BF95DE0F73FC8CA24
:104B0000A086C0B812F5900D08DCE8CDEAD528A241
:104B1000152209C30C649B0A2E5FBA4C782093EAD5
:104B20007808613DD9B7320DA1CBA48F171A751D36
:104B30008B5A974ED1127522EDCD3862EB48D327B0
:104B40005EE7A5C5E06210D3C180FD84B0595E88E0
:104B500064A16D97D0F6B6C5785B4FB75FE1B64AF2
:104B6000384C80624CC59D3CF3CEC646D9A5022088
:104B7000D3CD6C0429EDD3A17D72C3A79F8615A761
:104B80005D616C08CEFD98050A0EBBA4134CAF8D79
:104B9000086C6D580E6C93D66B4ACDD6820ED246F9
:104BA000E31D9591DBBF2A058CB8F6678BD4214BAA
:104BB000527D76B6F11E13F4804B4DDD1B4DBF3197
:104BC000A25C070D2893BFAAF26F46EC8C58B5097A
:104BD00012EA14CFD2A12C8DFE6E4F9AC838CD792F
:104BE000D9B80A23A9A6BDFEF76FC28EAD5CCE412F
:104BF000CD02029453403C2A047E83CFD8640744FC
:104C0000E42824967F574B5036E2E5D0CC820368E7
:104C100054100149712402B134D06551E7B64AF20B
:104C200035CBC7B2FE4ACF6375E1E4D06A950C6B11
:104C300017719A536D774AF125B3C5DBE372D3B18F
:104C4000DE5CCDD7844421A6F4F366434E19663961
:104C500032306310D899B58F90729BF5FD8990F32F
:104C6000F52B005B25D061F46A43E236ACE92B39C1
:104C70007FE54CD387B5F71CD1B16403B0AD5608BE
:104C8000F9AA5BF950EE3ADC0EAA2CDDEAC0FE323E
:104C9000BA174E78BE2A15BF3EAB4DD90ACD57F68E
:104CA000E721AC9C902FB23837AEEDD6F4DCDEF5C0
:104CB000571989EFA39F1CB26FFB4CDBDF6BEB56E0
:104CC00058284CDB9ECBFE1194F5A077428C6E00E9
:104CD0003038231804BC7FB2FEA5962123FF48C7B5
:104CE00019CC4FF89F2D3C8411EF85580DE7033107
:104CF0007DA744DBB7CB3D852165EF2BA234F91BA3
:104D0000A58408874A80B1FF78A6BC01AD7DAB7D44
:104D100055C207C5338BB225E55035035825CF6FF3
:104D2000DC00B7386D9A918271FCEB4F9ADFE30596
:104D300023D302450F53AFAE7FE13D07F1B32D22E0
:104D400052C4A62D9CC04858EF826642099069C0A3
:104D500002BFA003805337265C902BC8DCC65532B7
:104D60002188240B01099B641BC463CF11724E265A
:104D700086E0220C9A5016B427D1A05BD707E0B387
:104D8000B52C0E71E2D9E227E95B39E9CB82BDE8A7
:104D90005A3811825F15F0702D3EBA12E147D4FFE8
:104DA0001A8BBA4B9389D4298EAD0280ECC52AA701
:104DB00043FB2580930C1E691BBDAA1DD30DC9A6FC
:104DC000C4CA551F52EC4A0D44C8A10828E8CD803A
:104DD0002A91AD003F2EB863FE1A78A918FE1C6711
:104DE0007BFB8EBE6B55182F69D9C5E18A733F676F
:104DF0004149284D7ED98831A10F88BFE38EA69402
:104E0000D4628CEDE78036F7D4E2E211B4635484C7
:104E100056958250AA45E99A7AD0E111FC75F58C35
:104E20007D0392721796F3A65FD34310DB218114A2
:104E3000E1115D3328813625B13472CCE58ABA752B
:104E4000E5DABEA00FA6F0142C82EFD2441B87F740
:104E50002DF4F7D352B6CC59A57278405C07F7A170
:104E60001BCEA6588D4C308CD521BE9D451B0FFF07
:104E7000EA4642B809751257650E6ED179D171169E
:104E8000AACAABECD612C33B7661A05BDCD4D9F4E2
:104E9000088698156EA31D575D45615DA63DFB53C1
:104EA00057610658079D3B342FBCEEFC537DB47907
:104EB00037F22816CFA2B1571E3D2360BEDF91D135
:104EC0002039E85C06475F3AAF287EA1508E85F70F
:104ED00076278710F6CD441D1352C811DFD8F9B6D6
:104EE000D74BB17B88B81B3DADCD0B58D3A74362E0
:104EF0002F1039E30FF2FB7E8EDDED0884793F65DC
:104F000032E0846048AB30EC50FF6FCD492EB14F9A
:104F10007202A6872ED11754F20DC11EC032ACA367
:104F20007B5E27E77423B6E2275BC26411295849E8
:104F30002767245CAD5014ADF9A086763B3EB6C31E
:104F400013750013DAAED16B6873BAC7B0E2908AFA
:104F5000C30DBA7943BEDC58280165A98076AB1C25
:104F6000956753DBA0B190D3B18B6366311426A44F
:104F7000CA655B6213BFE22C1B6EC61939E158A7E4
:104F80009668F38E62B8097492D0F0B156537F8858
:104F9000D59846D60500CB5DDB1E7E1038451FF246
:104FA0006DE42D7B98514117EA2BCA4189A8A9E1EC
:104FB00013A70F984CEC4700835BDD894AC9F95B66
:104FC0003C798E271DA818EBE2EE2DF1038FAAE3A2
:104FD000FAA9E7268C3C2CC92AD66BCB81053EADBD
:104FE000515B0B98FD6B1C842AC82A678C11BCAFDF
:104FF000595F0A9911181D3536D16E4F85790F8B7F
:10500000112222C78C44E863F431425D4B0638100C
:1050100044F09E9F0FFCB4BCFC4A8B9613C8A8EAD0
:10502000C007EC52FC20B212CA27D3B706761F582D
:105030001579186990D51486BEB79589B5C4BEBCDC
:105040001CE5DB9B843245AF7A66F17FF564112F56
:1050500093F586938C2240B85D844607DC0E104E93
:10506000050A4E9B44437287B54DCDCD35F0E6ED34
:10507000205D7A9812F016A7BD17F595F91AF7ACCE
:10508000D9E47B47750A8ACE662E7CDEEFEF81B7C6
:1050900065601EFE96748041F43ECEC286DE49FFF6
:1050A0001A525787CFED07B478C34DDC272DF7236D
:1050B000EF8A339550F1E8644BCD12DD70FB5CF064
:1050C000D2B58D9A49382E4196AE6864F607F8BE7F
:1050D000DAB8ADA73437BFFFBE54269FA50A7919A9
:1050E0002AF80F611D22B6E5F76FD3AF55A1CD5A4F
:1050F0000C840CFA4D8D809F5254E98827FBF77879
:10510000A35CDCF8CA99302D492AA546EE23F1218B
:10511000EDD01BFCFB65F0278707E047EA1A5DEA44
:105120003BFE7D6E87F894605B846344F1857F6FFE
:10513000571681A2C271326F538162026CD75360DD
:105140005EC4C87AFAC60943286042448A9BECFFD1
:1051500028745C8E85F37065184F4B29291AE57702
:10516000EDDE83F6B947D6205161E62824F7644680
:10517000CFB30146B113BD6671B3417D28742C10C5
:105180008DFB8CA5C5282BF172A8294524DC50671E
:10519000AE6B8D80096E9B93AE5ABA2CFA9CFAE2E4
:1051A000A7B8DDA53B7D9023E80E69B5F38D646556
:1051B0008FEA0DB62DFF9F29230436D664DFFD2923
:1051C000E5B802032ECCE60C7916E929F093E4F851
:1051D0002A88D300C65CBAA7BA476FC0837CFE0199
:1051E00083E6CB4F6F0F1928EC8B49408A6C7F9177
:1051F000B4B1B4423CBF182184783CF03C3DD72D7B
:10520000E06E435086063E73CDF85FD520C68F32E0
:10521000B6B4A3B97C8835246261803235FB8C0D2D
:10522000E16A93BCFD01C3D52BD9882B152E65AF40
:1052300046F356765317AA746361E78AA3040AE813
:10524000FC228E1BAC42CE75D44F60810BA94DB4AD
:1052500016C080159513D6B4DD4AAB555C1054F8D2
:10526000D543E5AE9C0F57C92E5322560CE513C902
:105270004D5383EFE03F4EF8DC43237222050D8649
:105280003E77AAB0BEEC70C3A98C6E5F9688FA8296
:105290003663ABB1EE55C5347F5539021AFC2D6229
:1052A0001FEB5B7F07895AA29D559DA110CF75FC0E
:1052B00046FB1E7E9791FB341FCB12194CCBFFBFD0
:1052C0007C2AA81D9F0B7E7D0417DC30AF9E9D8C31
:1052D0004ED80F5F0E663D9D116ACAA2DAFC333DBF
:1052E00049D9091E074DBA38A847335820E11D3F58
:1052F000B3C2D43FA6DDBB3F3F847D52DAFDE380DD
:10530000581F84CDA0826F9BE3DCC6190664523B14
:1053100076F041047327B171584EE5CC7804EDA3C3
:10532000B1EB224F619CEDE00541B8CD0FA3FF56D4
:105330003B256EC75D91B5E2EAD1C118DB93D30B73
:10534000CCDD07D4007932A20B28FFD80536724B8A
:1053500022ACA4C790D435CA96042CCAA69453A7ED
:1053600001C3DA8BED47F5AEF172BBDD558F6C2BC7
:105370009C03A30AD1E523C77F41E3C17B7E36812D
:105380001CE86ECFFB72B92193A847525AAAE66C6B
:10539000BAE981045FCE9F23E1773242004D3B564C
:1053A0005D0C6DECA56FC8E80B8B6DF8730D42EECC
:1053B000CFF4EEAB307DDE4B6063B65BE03F7C3418
:1053C000029BB983B8E1BDEDBCADEFC562EAE090E8
:1053D000ADB88DA7461C9CB65A6E49D4A27B597AAB
:1053E000D7A90C740FCF628E75EF650393A67AE38D
:1053F00076B90D251B2078A14AFF6575795BA82534
:105400001C6D17659C667C4BEC46E6D2564EA83F59
:1054100096616ED13CE517108842E5DEFA9294F76A
:105420009F70E78225035EC8AD53E8DD0FC7F0BE6D
:10543000B6ECA3E895A72E1CFD3DF793721F56E826
:10544000A454A9D6E4C24D8F987D6774012C89833A
:105450006F56B6959976580604D6E52F3CFC77B77B
:105460000DC3A0B8904354E14D61BD509A63543EC2
:10547000B2F7A3519F7948C0709118D122AD72D56F
:10548000600EEFF506FC5E7256AA6A3CBEC8FE02CC
:10549000B7E42B5E90AF1F1636386A891EDCFF0317
:1054A000E749ACD8D98898310E6BE896614D7ED02B
:1054B0008B1F82470FEDDF71073EE3B9EC5DF96C9E
:1054C0008A486924FC318025B977CFB0666C65D9EC
:1054D0007E8BCE92588F8DBBA97ED155863851BC1C
:1054E0003D340D98D16A1A7190ABA690CF6DE599B5
:1054F0000FFBF21F5F2940C8EF5B893FAFFAF3BF94
:10550000592106CB800410202800E17F90245060B0
:10551000E8E0050E881411211C34123398345161CF
:10552000B22502288105902281C94C899125D0623B
:1055300050AE6642891591230985CD019935D16315
:1055400040400204C044122450604244D06452647B
:1055500048500305C854132558704345D874536503
:1055600041418206C14592265161C246D165D2664B
:1055700049518307C95593275971C347D9753A1EB5
:10558000529C4C13820C1828CD146C47922C5868EE
:10559000933CD7D48A1C1929281C7A9A9A3C5969B9
:1055A000D4FDDCA8830D982AACD86BAA932DD86AB9
:1055B000111B3A068B1D992BA1C6CD6C9B3DD96B57
:1055C00042480A0CC24C1A2C52684A4CAD945A9963
:1055D0004A580B0DCA5C1B2D5A784B4D2EE687D5C9
:1055E00043498A0EC34D9A2E5369CA4EDE53CB2CC3
:1055F0004B598B0FCB5D9B2F5B79CB4F78250317D6
:10560000580496B88484303014A0605094A470700C
:10561000FD7127468C9431311CB061519CB471717D
:10562000C54FEA528585B03215A1E05295A5F072BA
:1056300003153ED98D95B1331DB1E1539DB5F1737D
:1056400044C02214C4C4323454E06254AB60553FA9
:105650004CD02315CCD433355CF0635505894C63AD
:1056600045C1A216C5C5B23655E1E2560EB18D2E22
:105670004DD1A317CDD5B3375DF1E3578320F3D3D5
:1056800086260303868C383816A8685896AC787836
:1056900056996D588E9C39391EB869599EBC7979D6
:1056A000B49D4D08878DB83A17A9E85A97ADF87A96
:1056B000CF2933598F9DB93B1FB9E95B9FBDF97B5A
:1056C00046C82A1CC6CC3A3C56E86A5C8624019C33
:1056D0004ED82B1DCEDC3B3D5EF86B5D6900068627
:1056E00047C9AA1EC7CDBA3E57E9EA5E8CEDFC2732
:1056F0004FD9AB1FCFDDBB3F5FF9EB5FBE8ED9004B
:105700003A0096C1A00614A000A05F35B02654E070
:105710002A6036D5A81615A127C2C0E3B83655E1D0
:10572000E166DE8AA10794A28EC1E080B127D4E2AF
:10573000D3372BC2A91795A3A94147F9B937D5E3A8
:1057400060420684E04616A4706246C4D32A5274AE
:1057500068520785E85617A5787247C5A8316CF0DE
:1057600061438686E14796A67163C6C6D84337492A
:1057700069538787E95797A77973C7C7479F3B2125
:10578000D7A9F31FA20E1CA885C868D3B22E5CE867
:10579000EAB444CBAA1E1DA9BA058FC9BA3E5DE979
:1057A000B0F47E89A30F9CAA42DFC48BB32FDCEA3E
:1057B00042CA89DCAB1F9DAB3B3BCDCBBB3FDDEB96
:1057C000624A0E8CE24E1EAC726A4ECCE07EB5EFA1
:1057D0006A5A0F8DEA5E1FAD7A7A4FCD0750FC36BC
:1057E000634B8E8EE34F9EAE736BCECEAD8DDA6B78
:1057F0006B5B8F8FEB5F9FAF7B7BCFCF64824D6204
:1058000065822098A48634B034A264D0B4A674F023
:105810004C4B209EAC9635B13CB265D1BCB675F10F
:1058200095FCC472A587B4B235A3E4D2B5A7F4F24F
:10583000BD17132CAD97B5B33DB3E5D3BDB7F5F3A5
:1058400064C22694E4C636B474E266D42DE60D94A0
:105850006CD22795ECD637B57CF267D5630BE56E35
:1058600065C3A696E5C7B6B675E3E6D63507F62D49
:105870006DD3A797EDD7B7B77DF3E7D7770EE28261
:10588000CE26A9FBA68E3CB836AA6CD8B6AE7CF85C
:105890001E788196AE9E3DB93EBA6DD9BEBE7DF9E9
:1058A000B7F92E63A78FBCBA37ABECDAB7AFFCFA07
:1058B000BF19EFFBAF9FBDBB3FBBEDDBBFBFFDFB28
:1058C00066CA2E9CE6CE3EBC76EA6EDCA6027EBCA4
:1058D0006EDA2F9DEEDE3FBD7EFA6FDD6AFE7FFD44
:1058E00067CBAE9EE7CFBEBE77EBEEDEAF60FA8948
:1058F0006FDBAF9FEFDFBFBF7FFBEFDFFFFF3C2E14
:00000001FF
