:10000000000138FA2EC84E4F525F473100000A36C1
:1000100038363150000000000100110A9302000040
:10002000010000080000FF00020000400000000086
:1000300003000020000040000300002000008000BA
:10004000030000200000A000030000200000C0000A
:100050000300002000010000030000200001200038
:1000600003000020000140000300001000016000B8
:100070000000000000000000000000000000000080
:100080000000000000000000000000000000000070
:100090000000000000000000000000000000000060
:1000A0000000000000000000000000000000000050
:1000B0000000000000000000000000000000000040
:1000C0000000000000000000000000000000000030
:1000D0000000000000000000000000000000000020
:1000E0000000000000000000000000000000000010
:1000F0000000000000000000000000000000000000
:1001000060218C0D44CEABA07040684D1046A70511
:10011000F7EE07659FE795AA7850614C3B46BA71A8
:100120000B21238FFF0CF3A2EE93745DA9DAD606A0
:1001300047577D0595AD7A4786D16A45C72DF8C8E2
:10014000D7B38689B062F0476A9394EB8A61F16213
:1001500070AEE2F4B88BF06726EAA880A0892D255E
:10016000174D696271F2BC6AB690185645E8B187BE
:1001700037576284EBE9449A2746A8E27D1A07655F
:1001800092E56B28BAFF08830E28E997953C33382F
:10019000729A2DF8EA7D1924E5462BB6FA5D59646A
:1001A0007B8BACBB840D73BAA74BA8B58FDCC4EABC
:1001B00031FB0B4A703A38D4E046FAAB601A7894B7
:1001C0001CBB86012F279F2BD39BAA0075EDDDCB8F
:1001D000CCDA2A6C8A4311B9F1900F211B3AF196BF
:1001E0003C37F3072BEEBEFA32121FD37BCBDCEA8F
:1001F00011030B070B4695618F27E593CBF91BDFA6
:10020000A0535F4FBC7A9C3D6C22411191556050C8
:10021000F514ADBF3725619E2652E358E793D0CE43
:10022000C5866BE9939C5B826D23C173F5C4F47F33
:10023000D27FA7778E66E5970D53610628BC0DC364
:100240007EF13EBB84C39351FBBED788D3193E3A9F
:10025000CD2337B8213EB632CCEE61A12532D13064
:10026000C031AAB53A4172863D2364A3A5A3508844
:100270004C31A7362576B55319EBE5E3AF73F33B65
:10028000680A09198191D1082C579F1A25B47E1C40
:10029000BA7A85168C60107B06BC6080A642D57445
:1002A0003D6B0415F875B8C1B3B7CBDA512FD13A0D
:1002B0006FF9ED902FE0449A7FD9C1566050FDC090
:1002C00027BB76B43748FAFD922E8010A6CC7AB1BF
:1002D00016C8486AF43EB97C8B7CABEDE602F97C2B
:1002E000C44B8B7F574F9E14A7AF40A5476FDA9B37
:1002F0006FDDC88352CD1839E879EDDB699F76A9A7
:10030000B3E086A1B217FFE49B654A1C5CB4543D80
:1003100050902DD60C747D11463BC7E882C54D6CBC
:10032000D461C5C2FB66E20DF5E97F42D326D5A0B4
:100330001143818CD70E7400B95132A62EC82060AB
:10034000DFA291259600B0E61989AD7047E65060AE
:100350006CE3572A37521121F8B4D5C6DA6FB61AB2
:1003600066B0DE0DC3CB1381D279ADB2F658DCA4F2
:100370006AD1AEC7EE6891E59A882E6039658FAB79
:100380001A5A4C87A1FD4C550AD5F0F84DAC75E8CA
:100390005298293E11AF4D06FA3CD4CF9A32DFC0B5
:1003A000432F7A07B516771A6C2BBFE3CB0821E5EC
:1003B00053E63AC9A89DB4EB231EAEBCBB187C44DF
:1003C0005AB4A281C057E2CE7CD86D0C82A8F4AE9C
:1003D000B9D826CD15DADF1D5A6AFB1A685ADACA6F
:1003E000714A7103235DC623293179B157C1D86A97
:1003F000137C7280CDDE1B0BCEC412B2246ED96B7F
:100400009560881BA3756C6DCBC2DFD6B45E1FB23E
:1004100038F0DA98A28F14A16454E7F8E7B60AF12D
:10042000D061269BF39F5F222D83452B15EC8FB265
:1004300050118492CDF791383DD116B66646F3B788
:100440001C4007D574B6D7BB73DD6C96587977948A
:1004500056308B9A2CD1C44EBCE03F2EB41453F3CB
:100460001D41879785E3E3B957FA072919E5FE9AF5
:10047000690583F9C4533B197C35459BEDD016F8CB
:100480001E745193C96C35110E510C2729D11408D3
:10049000764E0E191F7CBFB0C5C55E393D4D29741F
:1004A0005BF5CDCFC7EF9031C8D18E25C9B20959C0
:1004B000379FA4423F7D3F9294FCE3074022148B78
:1004C00026F526F086EB20370635D99096CED30157
:1004D000C94D443B3ABC7E9D587EE306A4FFDCBC7C
:1004E0004F097A58812D3CBF01F8E09A8F6DDE9B51
:1004F000EF2A6DDF975D9FFC5F06AF91442FF3F904
:100500009064A36580041020102040409024506027
:100510001072E20E88141121183041419834516153
:10052000BEE30243810590221121C0429125D06291
:10053000996EFE13891591231931C1439935D16301
:1005400040400204C044122450604244D0645264CB
:1005500048500305C854132558704345D874536553
:1005600041418206C14592265161C246D165D2669B
:1005700049518307C95593275971C347D975D36723
:10058000D68EEE46820C182812284848922C5868BD
:10059000F43C8C2E8A1C19291A3849499A3C59690D
:1005A000734F2AF4830D982A1329C84A932DD86AC9
:1005B000D40D8F8F8B1D992B1B39C94B9B3DD96B4C
:1005C00042480A0CC24C1A2C52684A4CD26C5A6CE3
:1005D0004A580B0DCA5C1B2D5A784B4DDA7C5B6D6B
:1005E00043498A0EC34D9A2E5369CA4ED36DDA6EB3
:1005F0004B598B0FCB5D9B2F5B79CB4FDB7DDB6F3B
:10060000948020108484303014A0605094A47070C2
:100610000C9021118C9431311CB061519CB47171DA
:100620000581A0128585B03215A1E05295A5F07222
:100630000D91A1138D95B1331DB1E1539DB5F173AA
:1006400044C02214C4C4323454E06254D4E47274FA
:100650004CD02315CCD433355CF06355DCF4737582
:1006600045C1A216C5C5B23655E1E256D5E5F276CA
:100670004DD1A317CDD5B3375DF1E357DDF5F37752
:1006800006882818868C383816A8685896AC78786A
:100690000E9829198E9C39391EB869599EBC7979F2
:1006A0000789A81A878DB83A17A9E85A97ADF87A3A
:1006B0000F99A91B8F9DB93B1FB9E95B9FBDF97BC2
:1006C00046C82A1CC6CC3A3C56E86A5CD6EC7A7C12
:1006D0004ED82B1DCEDC3B3D5EF86B5DDEFC7B7D9A
:1006E00047C9AA1EC7CDBA3E57E9EA5ED7EDFA7EE2
:1006F0004FD9AB1FCFDDBB3F5FF9EB5FDFFDFB7F6A
:100700002744A6CEA00614A0302244C0B02654E050
:10071000F7020305A81615A1383245C1B83655E1D0
:10072000552701A5A10794A23123C4C2B127D4E261
:100730002E5527CDA91795A33933C5C3B937D5E3AE
:1007400060420684E04616A4706246C4F06656E431
:1007500068520785E85617A5787247C5F87657E5B9
:1007600061438686E14796A67163C6C6F167D6E601
:1007700069538787E95797A77973C7C7F977D7E789
:10078000562E3F73A20E1CA8322A4CC8B22E5CE82B
:1007900074192DC9AA1E1DA93A3A4DC9BA3E5DE980
:1007A00019FD1F35A30F9CAA332BCCCAB32FDCEA4B
:1007B0000B1B2EEEAB1F9DAB3B3BCDCBBB3FDDEB15
:1007C000624A0E8CE24E1EAC726A4ECCF26E5EEC49
:1007D0006A5A0F8DEA5E1FAD7A7A4FCDFA7E5FEDD1
:1007E000634B8E8EE34F9EAE736BCECEF36FDEEE19
:1007F0006B5B8F8FEB5F9FAF7B7BCFCFFB7FDFEFA1
:1008000024822490A48634B034A264D0B4A674F0B8
:100810002C922591AC9635B13CB265D1BCB675F140
:100820002583A492A587B4B235A3E4D2B5A7F4F288
:100830002D93A593AD97B5B33DB3E5D3BDB7F5F310
:1008400064C22694E4C636B474E266D4F4E676F460
:100850006CD22795ECD637B57CF267D5FCF677F5E8
:1008600065C3A696E5C7B6B675E3E6D6F5E7F6F630
:100870006DD3A797EDD7B7B77DF3E7D7FDF7F7F7B8
:10088000268A2C98A68E3CB836AA6CD8B6AE7CF8D0
:100890002E9A2D99AE9E3DB93EBA6DD9BEBE7DF958
:1008A000278BAC9AA78FBCBA37ABECDAB7AFFCFAA0
:1008B0002F9BAD9BAF9FBDBB3FBBEDDBBFBFFDFB28
:1008C00066CA2E9CE6CE3EBC76EA6EDCF6EE7EFC78
:1008D0006EDA2F9DEEDE3FBD7EFA6FDDFEFE7FFD00
:1008E00067CBAE9EE7CFBEBE77EBEEDEF7EFFEFE48
:1008F0006FDBAF9FEFDFBFBF7FFBEFDFFFFFAFC15E
:100900006021F50D7923B1FCD06A400244DAADC113
:10091000520DA207F68393CBA6B464936110A69CF4
:100920000B002367385B44E4BFC5C60EA9CA250186
:100930001D6F208BAD32307CB10B43428F572EBEE2
:100940008BBD90DF3F0336A72F9842286B40F3BB47
:10095000884187F87736E0402712B0F4633AB25AFC
:100960005965B1E13EBB101CB61B140765076D3A13
:1009700043417C9AF1AE1E664F138141A0515165EF
:1009800082EA771C366ECD75E45AEB4E46D2DAD247
:100990004A9A257B6D5A8B2F5ADA4F91A201B22DBC
:1009A000D88C8EA128134E8503FE69C2274F2B0FCA
:1009B000518A2A0D45E03884DBBDC6C6A081320FBE
:1009C0001BFF0EACA26CFE210369E90D178ED86ED9
:1009D0007269AAF229DE40816296E740FE5BFA3234
:1009E000A6CB91013C6A3B6F33BCB92B14495884A8
:1009F0002B907602B3B5756DCBFBF92F6F1F0E32BE
:100A00001362A2511475937074252312505BF21275
:100A10009CAC82172CE792B266D29234135655776B
:100A200092F30314B7B5419D1396627841C7B38F13
:100A3000193E009B91663D72254A4D5E534550A874
:100A400026C006EBB8A6443B6C1FEDD21A90937BF0
:100A50005AB2DCC8F4F39074CC726127631692101A
:100A60007F6455EB5547E1E2559F205661C1511314
:100A7000992F8711AD1C503A2573E1A5A5D25036A8
:100A8000866AAA39B9BC30C7ED8FC9A7969C87D7AB
:100A900076FA6899409F984644D8CA3CE0BB983B98
:100AA000F6EBE95ABC284F3C872BB33F37D39A85E6
:100AB000771B8DCC3BFF0E5E45334A5D1FCC7B918F
:100AC00017CC493C512EB806C68A9D39B6390571F6
:100AD000365A191D5E839858A19A98385AD8847B43
:100AE0003F4B987C3BAFCC316F6BF1712CCA5B658F
:100AF000753B8F19703F39656702641E8EC15AE0DD
:100B000030B767A08321B50F7827427488D8F8EDF5
:100B100012F087C03274EA2BD00D3A807844F68404
:100B20005981A42186231618CDA7592E4E0356E0CD
:100B3000260326852F959BE0F9B9C583E3F37668F4
:100B4000B4BC659DE640E3E54A80C4D75B423D8086
:100B5000A7EEECE117D44CA068A5E64DE609D863F2
:100B6000F6B0020D819E3EABF67365C0F115D0A6BE
:100B700051AC2B8AD16AB3A17D9145D4F953206A37
:100B8000B6876F69DA715FBA522ACE42B0AC5E9A0C
:100B90004A3E32026DE1B1A402C1E1C42ABC062082
:100BA0005BAB9499678A9220E8493FAFCBADDE18E2
:100BB0002FF90FCAE1E5C0A4C01C6C3483EFFD8798
:100BC000F228F18AAD6DBF53F49A46C326EC111793
:100BD000152821318A97B8A0C598CDF76AFC5167CE
:100BE0002C692F7F572DE2EFE3346DAB8B480BE17F
:100BF000C7C470327CBD1D95C41938AA7B6E33E919
:100C00001E60A6D19C6DE8F4FAD685DFEAC434FFF5
:100C1000F797233AF6F696D4ACC1582A91343A6A3B
:100C20005261DB8F350586F181D0D9DD25496D0F05
:100C30006D178C4AF71D16B55C424693E7B656967B
:100C4000F40A2034E2A4C9D11462605940840AB580
:100C50005450031F90B4C8D02D44042F2814F54FCE
:100C6000D341A16BDDE3348C0DC4C2D035E0087DE7
:100C700015F7257DD5F3889705D484CE4907DEF88E
:100C8000E625C163F72E5FB10445D8D70F4CD0C518
:100C9000EE343314D6BAC446E5DA49DFE05C797C39
:100CA000230F3E9ADFA8DFB768C19F60CF8B158303
:100CB000D01F3F9B94A24236F14341D642915E60E1
:100CC00046A84E6356D2DFDF0ECE87A5421E8FF3B5
:100CD000566AD0429132378283D4CC9CB1F5DE2261
:100CE0009849E16598EB5F212909EA5B37C4C2F8AE
:100CF0000F0ECC92965BB382470543D24B9D00F911
:100D00004D7BA15FA445B17FEFDBCF46DF63A56FCD
:100D1000EF7ED70B31ACE28A78E9D84C98CD5D9D57
:100D2000B5633F6C3567E89D5E6F61F4255A73F9D2
:100D300089520D05F1116CA67B31C05B246A043E1B
:100D40000F13F70B4FA41609AAA63E050D9721CB4A
:100D50000712A2AECCD0A166F0D8C1DFA9EDD4565F
:100D6000F53E210037AD2CED6B897C898896E9240E
:100D700031556386DB8978637913A26789489329A3
:100D80004F770E4C90EE1E0CADACC06039A85C5E87
:100D900068180A49B225E6F47AE1D40BE2D2F59458
:100DA000789B98D70D6F6F4F2BD76447F3F451B7EB
:100DB000271E748AD89FC207BBF334FDE3D25BD1F0
:100DC00060CC82E4F8FCC0834AE8A315E16E40974A
:100DD00035DA5011905D95715FD8468D813C68AAD7
:100DE0007BB32603673F14F10B71EA8CD191DA2CA7
:100DF000736028097013206D4BFDC74C61FF9C0781
:100E00007CA7F51F4487EA362690C3121496102D4E
:100E1000B5CEC08EF4166A5DA8D2EEE73C4EF3CB99
:100E2000AAEE7DCECAD711C331F4418D55A6BD308F
:100E3000727E969BB5291235A62BE24335D72F8CAF
:100E4000F0A2DD1EBC4612DA6E50B8FBF84F5344D8
:100E5000AB3240A79CE9352E0546065C28E475E2D6
:100E60000486C147FD95F239F1936CA98DF00D34DC
:100E70008DD6B19F3DA34027DB8E8267C3D12FDD86
:100E80005B8C9B5AC9C299B87671E955F675F175B4
:100E9000F7712B06C1D798B97E61E8545EBB1E7509
:100EA00083E24965FF6D3F3C154B68DF7453C728EB
:100EB000CF89CA77F79F2C3DE0426BE1A7C27876D5
:100EC00066362C587C37DBC34EECC3BB1694F47AE1
:100ED00014DD8819977ADC2D21026D4A692DF9F706
:100EE000C04BBD2E07296BB36D14E2819BEB0771DC
:100EF0008D9EC822359B07398FC9B8F0C49F3A1D13
:100F0000A0FDE5536001D1A68BB845511244AB3B1F
:100F1000FC6CC781D0944E9DC7C3E68180CCF9ECB0
:100F2000DA447904EE4C37C751FA45CFB1A58F8E1C
:100F300021170CE7691166250B033081C6B3D10771
:100F40002F15A71762EB34772766C1D788E2E252E4
:100F5000D7C9F85899CFBE30039AA987FC94D0B06E
:100F600019C70AB66701E0E44B9C31799147686D77
:100F70000AAD053D416D15A67F6D4A85A0C0D147DC
:100F800042C3AF857670DEA8167FED975E51C235FD
:100F90006765AC0A24EEEC5883A04C4BCD35DF538B
:100FA000310A7B8CEB269AEE8749437C526FD0AA9C
:100FB0002B99D6B7D519FE8265D9C936935DB6E4AB
:100FC0004CA8A271143CBDAA74DF6D8C056E5EEC5A
:100FD000D1C8418BAABC9AF8A3FEFD8E230D68816F
:100FE0001B0C4C85F3983F264F302F61F36DC24E9A
:100FF00024082E508B7F212269B6248B99EBDCAF1D
:10100000444BD19DEBC595EF19C047B0D47FFDB2DD
:1010100013F0F397CC4FF4BCBCF1E9D74374D42E52
:10102000C27C26A811E50BDE81C19DD911A177FFF5
:1010300062DC06F64868370972F1440C7DA796F524
:1010400083204587A6C397B5D4900462BEF354F9B4
:10105000642C21D102B476A501186175C4C73C0A7D
:10106000A5C4B41EDD2C34B70BE407B0B165FDE2B6
:10107000EA51B0A79577BDD7E21B0995ADE2BB2237
:101080009968AEA20AECAA676848685DF9F989F721
:101090004E43AC96F59E46DAB0D89EBCAE88DC26B0
:1010A0005FE9CC85DFA841B525D5EAFE03D05FFC1A
:1010B0004F422C966F9B27BD074018990BDD02FD10
:1010C0003CCB8D9A26752CA770F493A6B81D3500DD
:1010D000DAB81CDAEEDE3FBD41339440C02FD8E6CB
:1010E00028980F61104BF6498895F9014CB0CDF660
:1010F000C02DBF62475E5E103601B607F38058BE52
:101100006020810D34773A2FF1CEB976E8A674E4E9
:1011100076B17E218CF696747810A34C3DD6D360C0
:101120007FA12C0FE1252EA96C5B525D93C7522342
:10113000C9E9290549E9806FE21660C277579061D5
:101140007890F50BC84114007470E121CE23BB9157
:1011500030D223C7805C150120818545BB8AAE7ED5
:101160002164BE8B6CC116FFE8836E7BB69A3BB3DD
:1011700013442001814B1F6507E6CBEC5D2B5E0518
:10118000124AA9A7338E3CA3E8D7BDCBEA5F72BD54
:10119000DE6B238857A16249657F4FE936B98C0B16
:1011A000D32E29A5BBDD6525ECD729D5C3C590B6BF
:1011B00073E668A8B1E29FA0CD798907F2D622F73D
:1011C0005258EB03E6821C683465ABE379E9C953F6
:1011D0002A78E4007DC3E480044F7BE6E0F85FC436
:1011E000F7B9D401A1B2178331982E67AD6B0E0AFF
:1011F00001A7280978D36CD26D7CA0CABBA8B862BD
:10120000167FCB33BC54C73F4442CCFD04B61350C9
:101210005C122AB79CF65011E940695EA656F3307D
:10122000BA315FBD8949320841436253ED27D40684
:1012300035F1FD159591B869F59FE7883FA55216E0
:10124000B0302A1B8CDABE76B713BCFFAA7319D252
:10125000DA32DB769624373A58828890E60797DAB6
:1012600025E4BC9DE10B30DC32E489C051143056DA
:101270007E7542E80DD70C9C23C688F26B041B07D1
:10128000CF108913E62C97351FE97F5EEE2E500FA5
:101290000A62D65B8250BB389ED8795F430102193F
:1012A000024F92A19DD7997A5A8949D3AF7D0F7584
:1012B000D7C38928FDFF52784F5E48D2A542FFF080
:1012C000862CFB1A635DBD2A571B8A1EA8DE7C583C
:1012D0000E3AAE158C3E19EB183EF95E367659ABD8
:1012E000571A0B96A718D9337360812A921C666C23
:1012F0002FF94B12B0593FB9BC02ED1BA07FB4D4FB
:1013000070FC8B2D78843057656317AC0B7CB51F50
:10131000CB5241255BF497E0069287C18BB4778668
:10132000F59C6DC19BE516E30F8206CA71C305AC3F
:10133000F9B34DE0DEF593087137CC5981D79DE5BF
:10134000F462E78BB943C3C874E6CEF6A84850E010
:1013500008722B8895A9954F19D2917A10FC753394
:101360000167E689251998B82F6CD4880C964A44F1
:10137000635B248AB3B59183B975051B864829320E
:1013800076882C0F698C3CEADA6ACEF222031CE7DD
:101390008689277692CEA2A65A1AF3C6B84CFE8C3E
:1013A0001BF520879BDF73A52349EFB81B155EEB68
:1013B0009088AF7793CF66A45B1B7F66E1A27EED3A
:1013C00028BDADCE2CCA92E9CB349A0A0155A47936
:1013D0000A7F110647DA9B741C8B8DDD3A6FB3AF21
:1013E0003DA1095CEB4A988A0DFC2F6180ED91F5D7
:1013F0000DB90D8EA357998BBB7C091B5FE90B2997
:10140000F7003FB110E4DFD31FC249926C245007AC
:1014100051B584CE73141DC663B69A934F54F7B07A
:101420001D69089F7A93B21A6F8305AD8F4576B315
:1014300099F11A9595C7BDBC67576792CA55F3587D
:101440001FE5872BCFA8E70B161DEB79CA59D5F2FC
:10145000542DA5AF13A5D1238E7C9028D17438715B
:10146000D1A151F349B45800837C197B3B0FF0F2B2
:101470007957EF7216A884D724F632BB3DE61BF1EC
:1014800036B88D07C6AB0C356CC82DDA7D2C5CBA2E
:1014900016648194D61C197D0458EFD8866EC2F666
:1014A00093E957FFDFA8DFFA4F29CCAD8F7F13F503
:1014B00083141246ED7D11364EC8CFD4876F06F4E3
:1014C000E664E6114D893060B2B460C2381FDFFABD
:1014D000B3DB18B42EDD7069241869F98E16FD1778
:1014E000071EC591230505410A146C3439E55DBC1E
:1014F00032F32D754BADB9FFB17F639A25815C9AAC
:10150000BFE20644D2FBE73B22DF736A82A4ABED65
:10151000770AC7AE8890F3F0A7D663C18231BA25A7
:10152000635B359E33732F792FC36752C38D23DFDF
:10153000EF636AA5D0D4646C9E4A114CBA32246C15
:1015400040C4A815E43AF534908CC306DA06A1012C
:101550000488A289A885D8285C802C4A2353F29A53
:101560008129A6007EB317E546014024E99E7E6BE3
:10157000034CA10A36D09D4539F18005B9A5CE2589
:101580005C9A18DC8373BF3320D7BC47F2F58D65B6
:101590006D10E29FD384BCF65B5E9F06FAE5806423
:1015A000E01656A1DC6B6725BF4F160591CF581684
:1015B000282F51EE345A4F2342846CCA64DD9D704B
:1015C00043CA018588D1146A54A24A2CD45BBB6AF1
:1015D00032DA0C800A0BA6A013FC03531E9C511296
:1015E0007BCB812847C9E905AC96484C9D167967A5
:1015F00073A6270292667C3F5B7C34B022862890DB
:101600004E6981923B62D9097242E2DA2C5AF2CADF
:10161000B3618251F4B26556456D941E94BD8C72CF
:101620006529A01DC707EB8EC9250223BAC77DA473
:101630003F7E151C6DB5B7B41CCE4650A5BDC23358
:10164000D4A10019049FC1763429E45B8DD4D78BD3
:1016500046D5801895D3D6CAE092E1BFA2F292F6A1
:1016600046A3E109EA9F3785E103606CC38792E8EE
:10167000473100130D5FB331AE13025154CE777171
:10168000DD5057DF8FAC99681048EAD22ECC743AFF
:10169000CE78D65B8A7E0A282C479D5626439040FA
:1016A0005839DB09E725B6B14ACB745585FCCB4BDD
:1016B0007DD18916AF5C583DA7844E493322F83955
:1016C00047AA690359259BC39CECC95A9979D91932
:1016D000362468E69B583A3D97B0C81FE6CC8BD2BB
:1016E0003FABE9EA6B4898331A604958E80F07DFC7
:1016F0007834F74414A0C424BEC2EDB37F8F994759
:101700005E316F052078B7A6CFDDA543A136F3E49F
:10171000E811532AF126B0CDF88079C780A628FABF
:10172000204516E7EE5C355DCEA187F971A597D906
:101730008C1602954EE8742573C66432A8D79D684E
:1017400039F8DB4B1AB57FA210AE5D860BE269DD7E
:10175000A034A67A90D2F1867872415903F218FB30
:10176000603C6180AF1135C377A9C6C6CB9C2519F3
:10177000DD31B40029EC99E5DA01452D69F58CC518
:101780007294F7C9A2F0C5D54D503A5736C8DC88D7
:101790003C784F8F6A1AD1B24208B2A5C876A2E847
:1017A0007A3D69758C5529366A1369BEE92B7BA889
:1017B0007A1A2E8D64613ABB04A432568327EEDA7E
:1017C000CDBC1E71178718CB5988E2C3A86AFDEA01
:1017D0002037AE012A5E0BEF5398E3C23E96BB2042
:1017E000998D8A884ECBF9E6C7894C24BC2ED8D96E
:1017F000AF8BC389C1D3185A1BAE12C09BA6D9E0C8
:10180000A481CD3DEBD897B68C1EC3D48E554DEB3D
:10181000ACB1208A000479BBC3303E6DE59BD0712A
:1018200038F3AC9BEAD9154D7A4B979FB5C1B4BD3F
:10183000B8F55A953815EE0F455BF59E455F85BEA8
:1018400064B0DDD65F84978F0D66A3F443E0F44E59
:10185000AB56919E17DFDAD7B34A61CE84901FF85A
:10186000BD27A04A43B03BD4B50F5D9431055A0B58
:10187000AD9C6AD5FFD34C3AE1773E71EFA71CB31C
:101880006C638D279E70C169CDD5E10EB44858B404
:101890004E4A0294942E7E165E63B4D48656F13678
:1018A00080694C65B55657FE3FAF19D5002DBB2951
:1018B00054E47D940BFD4A462D4412568540FBEDC1
:1018C000BE55286D3534BDB1B602E29ECC5E6B09C3
:1018D000AEB7C7DF8E0E7EFF417EF6E586D982F277
:1018E000FB4F8D1D1C4B8DDBE2B7E882576DA55C6D
:1018F000432E2A6CE9E83D35BF028EC47F4480BE8A
:101900006051470D412D16DBD09B7302ABF576D8A5
:1019100068B865DC48F61163C1B4BB3A94C9B0CE6F
:10192000FA2621FDF5813F6C66C8C6F51A78F322C8
:1019300071367C0C356F978CD98AB201CDDD37AE0C
:10194000C4B386A9B8C651FD00411D4268F4D066F3
:10195000EC228D7ADE36E8235C92C1471689556108
:1019600039F17AA9F9BBD134116463CE1687F660D8
:1019700013500D580D7532ADDF81CB4861F135DA6A
:1019800062A03CD59688933B65344ECD6DDDFB5807
:101990006AB07DD4F1C91FA6DA833E0B3A4FFAEA4A
:1019A0007B2E750543D3776802AD661CA11D8CC5DF
:1019B000733E7404B69934176E47CF55FCCE55E686
:1019C000184C84336D15B9F132B83B4112C21F2E49
:1019D000CE6AF4301ABE99A73AA88F0F22FE406251
:1019E0007DE8E1018958184CAEC96B9EF3BEDCBBA3
:1019F000DCB23EAC503F6CA529C9490DE34C7A904E
:101A0000446213D74400B11014AC81FF1057F4DDC9
:101A1000741495A77B107975E54B9E8E38C6FF0E22
:101A2000BF03E77ACBC30029D952A32DED1508DDFA
:101A30006DB16A1E2A2465B0DD8EC211C7B47F2C39
:101A40003FEB000800143A321602E07E8E3D7450DF
:101A5000D3546BD58C35D23A3CD47017E299138AA3
:101A6000788BA4B6015411302F6500D5B2617EEE9B
:101A700025B318197050BDBD5BC6611D2287F513D3
:101A80000C088B56A129E87B16A489A7CCA8F64799
:101A9000CE64C45B05C11804DEEDEE1BCA8E923D18
:101AA000340D22B26FA74982EC2D4E03C94FF4D7F3
:101AB0005382AF8DB56E9B962EB9EF8AB95F75399B
:101AC0007E2297E6116C9BCCE98AE81D52738BAAA3
:101AD0007301D00015BAC42D809A2A7DE6038A1EB0
:101AE000B8A7FDC19DCC19251D0B683C9F7D03DF68
:101AF000042398E877FA6630277BE594240D4E8E10
:101B000040AAB80D60FCEAA030A6AFF254D8BDC31D
:101B10002AF0879266D4B4A84B1A4350B4CB3EEE59
:101B20005981B672610780A4F1A548801DB9D5A27C
:101B3000AFF100F6AF936654F0B763C3BC483562AB
:101B400018AC8484F814182E03E60E2190AFABE98C
:101B5000D9B0BCC73C34543AB200E4A06F85D36E10
:101B600065C78A2F67BC14C451E244872599B5FB29
:101B7000EBFE0292E6B5622D01F1C150B6F353D6E9
:101B8000E263F08E821A1AB1F22A588AB1DDD84582
:101B900028F8AC01B20A3E2918BEAE671E4CD342EB
:101BA00033DC2D02928BE3C419A7CA37CB9F0645BD
:101BB0002AF92C03549B9099FBC8C189C33A3D6A0A
:101BC0003BF5082CC2CB10CEB27BDDCC92A7F1AE98
:101BD0005718AE00A0214AA2BE9A2C8D3A78126600
:101BE000C0210F83A9D269A3736BCEC853DCDFEC8D
:101BF000B45A7830540D91CD03F9CD8F414234ABB6
:101C0000A906E014F4C1F6B1AE26133DB0411DF3B0
:101C1000177290D3A868CE2E3CBE6337E500905A69
:101C2000E514F19BED585549F5423C90ADA3FD8973
:101C3000DF6FA3369837248EC2379A36C5BE157229
:101C4000A4D3B81950B995B24CB26EDB8AE0154EE8
:101C5000356D2135ACC194B30470246C58AE71F16C
:101C60009A3D5D09AF2617B0C181A79635E42CB423
:101C7000CE94A137A12D1668450C26B5C073D408A3
:101C8000330E92A08F0A7441F6AA789AB55DF85582
:101C90005D442B0E154F5F66153EB0071ACCF3520C
:101CA000E730C3D8185ED645EB99EA21CF1F2655F9
:101CB000151F5FC6904E9304FF4E0899C7BA1D7A50
:101CC000B02A6A9F52ACC1FEB23A62DD963711BEAD
:101CD000FE1C9F3D564EBDBFA0982C02069CA1FB4A
:101CE00023CE298BB97A8DB64FE66CBC57157CC4D0
:101CF0003BFA773F2A3D8C970799AC60B21C5E296E
:101D000048048884000C18206807BD4F24C6D2629E
:101D1000F337A0FE8C14960118094961588E57C1FB
:101D200061C82F0FC904906C918E196217577364A4
:101D3000D472876789D599039035C18EF035D16308
:101D400020C56D0947C6051C425CF109A8D488CBA3
:101D50008CA4A28D17501598089ABE0A6F4F33278E
:101D60004B402100F9E53336AE914AE775175C2404
:101D70004DB32F0AC5D1382E99C2A905A7733A6869
:101D8000D84AA9F5E20D102E1628306892AE566397
:101D9000769C854D8ADC1129A03949F8DA30F8E1C2
:101DA0002B6B0A30870C1A0A171C884AC9297B6CCE
:101DB000637B7605631C99651F397ECB8BDF5B697E
:101DC000484CA90A02FBB42D24A04CEB80F7B108C3
:101DD000CE0A4802563E964F489AA0092094BDA0CC
:101DE0000C252B8491F8189458ED20EDE9EAE9824E
:101DF000B4DB850E9B3FEFA461C9980D1B420669B9
:101E00007CE2409CBD85308110A0D7D0AC748D7F22
:101E10003420DE1E08FE39310BB16943BCFF771553
:101E20007D03F3C98184821215D7E852F575873096
:101E30006DB4BF989A94B92019B19973E837D569F0
:101E400024407E19047733B5EA02E0358A067689A4
:101E500003BD82139E113592247247095D147FA839
:101E60000F3F0110873636BBD383A37615DA53FFB5
:101E70000DC60011C6F131DD07E44032C7F5D2F5D9
:101E8000606AAF5B828989181209605856BDEB7889
:101E9000CEA2E51FDF9D35241AB8DE790E6C987648
:101EA0005E3F4DE587B4B01AEEA8E80597ADF87C23
:101EB000446408EA8B9DC11B1F80E15BFF99A6F07B
:101EC00006C48B94AEAE09FB0C26C95AF1EAAA18D7
:101ED00010BA68E00EE3E6E226DF08F4A6F87D8893
:101EE000C32B281C9F505FC1C78789DA8EBB1FD5C3
:101EF000375BA9240FE243BE277BC79FE7B30E23BE
:101F000018FC0200A4066C8030544CC030D65CEF44
:101F100093F0A97CB2121D303A32A0E139B457B126
:101F20007B81D759A5AF9CA22622C49D193BD275AF
:101F30005154E628AD16E583390ACDC381E70AEC92
:101F40005892DB7CC47734BB063A40CDBB8FF56931
:101F5000A851BD83FEF6A45840124B875200A889B1
:101F600019C70E4759B8F57784E1DD2BA83131FD4B
:101F7000ADC2E4A711D37D2DC75F4586F8E1D4D467
:101F8000C5E8ED5EA2371488CB3A4C05D2AE586353
:101F9000123CE0EBAE1E65893AD40DC97A8449A59E
:101FA00043D3FB85F20E90B7372BB4EAB7CD5B3A3B
:101FB000533C2CE9AFB795CB813ACD7A38BDD3CF1E
:101FC0001ACE8E4022FD1F2D589A02C3AB3DBBE7AF
:101FD000AE3EEE82B89A190A1A5EAE468176BA52C1
:101FE000A34DD18819BC1A23C79B18C1A1874F23C1
:101FF0000BDBA480E0DB7525CA99634485790F8BE0
:10200000DB00774BA02ECB365FA364DA3244F69226
:102010005E70896C5304D84E3C724BF1C45B27AAA6
:102020001D3F26930378769F30A294F211C5B72DF9
:10203000551189E1CFEC4A152EB2E5D9BDC50E0C7C
:102040005C12DB9BA435B2194CB262DB8962328729
:1020500052BE849448A4B9AE83A024DA0F844459B4
:10206000F541B1049D776C1915334EDBACB1B2F27A
:102070003F63252D4321352D0577D8400797A7FCD1
:102080007CBF8FDA2671F6C832AE7CF86D2A7AB33F
:10209000E11EA93BC8BEBFF83FBB6548E4BFDEFFF9
:1020A00087FCAABD581CF245B7A3E49A6F2DD80E41
:1020B0004F524267656FB1B43BBFFDFB7BDA1CF446
:1020C000FAA8A3FEBBB09DB8163AC6D177127E0718
:1020D0006158285096D7DF3C0612FF103E456DBC74
:1020E00077A9AAB374B9411588B9AD2E766B58D0CB
:1020F000574B449CAB2C3B12677FCF9D7F50B1BEAA
:10210000A7BC82CA9489388192352341702156FB3D
:10211000C2ACA0DE9C513908D04337C65872BC9A75
:10212000D6637F0495B0B82AD18B1746CDA11D295F
:102130009671CD059DA6B9769F29A24B9BB14363AD
:102140001EA20EF96CE181BBE6CA00ED6F3F616033
:10215000FE9F3089F2AB91CFAFF40B015877466CFC
:1021600081762A44A1914A290C81C85DEE83F66DDF
:10217000DBAE6A08E13764DAE621E3B85976C66176
:10218000160FA980B88E1128D2829F4E4D285E7EF0
:10219000D9F80D290AA6406B3A81A09AC038FA7284
:1021A00007EB7DA3FB2979D51D39AB4793AFC3C896
:1021B000B19BC06BF8B01BD26928914D6DB9912FBE
:1021C00003FCD78D6ED2190E6980B40E1840FB93B4
:1021D0002A78B9026A2E7967DAD66103FE30A6E45E
:1021E000B816E8F19977E28155E64D6CC978F92E79
:1021F000FF26280BB55AF88FEE68F4E2599DDF4BA5
:1022000064D1209B2C8414363429898320542C7F5C
:10221000DF222961F4697D737CE161DA96B0D23006
:1022200025806FBFC814D3120F83C380F584057F48
:1022300057D3A704EC95B72C0535537E359B7372A5
:102240004144CEE9E4B7B0DE2AE701742FC3D38B53
:102250005E92C851839190333C313058F49675B2F8
:102260001B23AE93EDA7C6302DF862BB6EA7538B30
:102270007333C1E1827C12340D9383DCEF375288D3
:102280007AAF4B1AE70E7736A258485763DEDB7BEE
:10229000DD2A25897818717DAACACA1B5E8BBCA667
:1022A0007F8837B7DD8C1B21A35949559FA9F1EFD2
:1022B00055F9AF0C34CDB13F4FB96B91A15574AD09
:1022C00086FF9EB7FEF959A965D18118BE8E8DF1A2
:1022D0007C2BAFB99C18D059FA8AC8EDBE244C703B
:1022E0003FCD4305D03E3EB36D59EDF1A8E9DD3554
:1022F00037DEAD7F95C9188F05C393F0A4DA5AC0B5
:102300007A42A7E5B9F6EBAF3E22A5CF0B76503F58
:1023100012F08729686BFE2C7CD0C530BEB953D72C
:102320007B4127E731830E6585C168498ACF3AA290
:10233000A9E3C58C5693DC58078F27824BCA75A139
:1023400022C6EAF0985F4AA0AD25848479E2B0F312
:1023500093ACEE8A26E9B67AE800ACDEC0B195C54A
:10236000A1741907DF3569A0797743B38F610282C1
:102370003BAC0586561041ADE9013CDCF15B557D77
:102380001CB62F68C22A202376A805C8D32E5AE58A
:10239000221BC224E7977EFC00D8CF61D5BC7534E0
:1023A000435A8C01A7EDB8AC69296FAFB30BDAF4CF
:1023B000F8A9896BD3D99DEABFCB4DC483EF2AE43A
:1023C00013A8A250A6BEEE1D760CB1712B49FF13C7
:1023D000305BAC9622AD932620403762C2EEFC10F3
:1023E0001BC9AEF99D497F2DDFF4CDCC8D690A8ADA
:1023F000992DE480EDBDC75FDB09AD853BC95EE289
:1024000058006D102C02C96DE7D112DFBCA27DC54A
:10241000122EC711AC124E38A3DAC4567C81880E36
:102420007FE1AC7C9F78B2A48141C0D4EB45EC0F36
:102430006D11EC93F494407C3EB3E4937D8023B122
:102440007AEC85ABBEFC4E1BD490049E8AE0A6902D
:102450002ED7869492D154757B706067E0D1D6AA4E
:10246000A5D7989045B5D4FC0BE407D9CD97FEFDD0
:1024700055EA20C295CE352D27F744D14995480815
:102480007CA88FFDA7F1DBF42219EECE00048B555A
:102490002C6A8CB9966133DB2A3A457E3EFF8DFA71
:1024A0001D692E32750DF7144E9A4DB1EAE82AF2E5
:1024B000C1E8DB1C6B4FE3D92B08C5196E9A78A8CD
:1024C000A6FDEB1EFE3E3AB33A6CCDDA5D80AB0161
:1024D000303837609681C6412405FE20F80DFB7028
:1024E00079238D9F871BD83CB9A94F21DF8D077FAA
:1024F000AFEC25DD2F13560356F36F9FAC0C73F230
:102500007B27A1BF28ACF12610C2334090244400A1
:102510005120A4F0F030652C7D77C37B1C2551D66B
:10252000583765FDCC9D33474E51C60295242A721B
:1025300077C060608989D9235E531F4598308163D5
:102540000E70AAABDDB91A669BE4A04EA55DA0B1E2
:1025500088666947125537A898C242292906A1639F
:10256000E133E07CCD27A10359656B16A6CD6059F8
:10257000FBA561979079343CBEB1EB052C1D3D293C
:102580007CD88B05C71C5AF05FB0E99EE52418186B
:10259000CAAEBB4B8E1D1109DA29CDB4192D59399C
:1025A000FC8DFDF7930C9C0A1B34FBAD9396C82A57
:1025B000F95B28D4003D9D6B113B36D61B20956BF3
:1025C0002CCC4F8E54AA6D2409DFEC9CA17EA06D0B
:1025D00006080DC850A01AD69A98924BAF028151A6
:1025E000831D32081C309CE56D00E9EC269F14F138
:1025F0005EDB858553D9FCE611016AB0DB7165E0CD
:102600003E62DD91039A7050D7C2A2AF16AC702023
:10261000367205538A8DF091A8D2195E1D309598B7
:102620000405465E0581F4925DB818FB94B1B8725A
:10263000389A83008F91B5F37D78B75EBDB17C1178
:1026400061A2D5BF3136FCAB945263A22B7B068BC3
:102650006923A7982A2EE511D982DCE0470BAD3E0D
:102660003DD9429726C60CB91D75E4A032890D806C
:102670001F1CA5D238277DA840753D76226A738835
:1026800086AB281E809D606744A8CBC3FF565A7551
:10269000BAFAD6C10C8D71099E33E45FFE651F76D0
:1026A000C9F509C50588BC7A175089185B45983764
:1026B000178D2BF18E9DB96B522448AD40BCFF2085
:1026C000104CCEB625CF84B3068A72D131FA858AF2
:1026D0007468345F3B2EF5A25A7C6250BE2CDB70CE
:1026E0005580415A21376C1AAAD2D3A5741224F806
:1026F000FD68ADDA3A2F75A006DA8C1F207FA8DBC3
:102700009460FB5DA4071C8069954260313714E03A
:102710001096E3046A17192100CCE9CCB88CD201D9
:102720000961798EA59D9542D4A18BE9C2E19062A1
:1027300041717A8D2D0747ABC66FE4F9BB3727ADE2
:10274000A053EA8270B9108C5AE70524169C56B43F
:1027500052AD01DED004192FB0854126F87AE96A1E
:10276000AF4D0F4DD9C5D53F2101CA8404951879C5
:10277000DDBB634A6F73651DE8F7EC1D1F8DD7B78E
:102780001AF4ED37249A14C86B9CA941B33E5C7FC0
:10279000D8B0F208E71B51E95AF313C4BA32192929
:1027A000E3EFABC8A10ADC5AB7CBC1A65B3E982ABF
:1027B000AD9F6BC72B0BD50B59C44FF13D3FC90BD8
:1027C0000293688304B4ECA37403A7F5079C907389
:1027D00012D840E6095DA1223692E7001C845FBD55
:1027E00059C9C1E516BD50319FF9C6C6F363606192
:1027F00053A40D650DA5498B617AECEE0E8D117019
:102800003DE007D0A18F34B0546B32DD00D4F61A0E
:10281000610B84179DFF35914495C6CA60D48AF731
:1028200011872994248EA032D6E3C05F69457618BB
:10283000D211BE01A997A1B3CB37AD9773B9542C70
:10284000BE70763A93C2C42BE40ACE19CCA1A8FE7E
:10285000E6F921500A2C81FBBC4066B9A1549A5478
:10286000A597E4D4963108396FE7C5973485B6F952
:10287000FF51A91D9AB305A29A33A995C518ED1A5F
:102880001E18D392208B8C818DFA6E07E84C2C7D1C
:1028900016A38E9F2F9F65F938358CDF840E2EBBD3
:1028A00020B0C5FFA38BBCBA0C43029AA5CE17BEBD
:1028B00062030C18AF93B9FB72276D1B0D0EFB3E24
:1028C000A6DBC29A14858C0891E751FC2200FC54C7
:1028D000165E5C7A998E896899DB4DD0C6019E425E
:1028E000A9C00F1E9499007E40820F9CBE8D099B4B
:1028F0009FC7ABB41E2C45B57A16E76A3F1BD8BEFE
:10290000000CF299F32E1070102C401016CCDCAD98
:102910007BC1D182F8B31171183CB30266B0FD04DB
:10292000766C805232A462B46285C01283D6EB16F4
:10293000091D7348FCC963F8193DC11366DD1DAE5E
:10294000CFC2004DB3D46DF50EE044AF8F71A12618
:1029500061B28144E3E6EC60662CE02007FE6C6324
:102960007BA32E8D6EF6A33349E3C00F485AA59F73
:10297000EEA18B08A9AA376B672C60060075A80723
:1029800021B808588200E05A618CB74DE924BDE9AE
:102990000A14FB428A101979E51A48B60584B20D6B
:1029A00070ED58898301987A13D668D9CCDE5CE142
:1029B00028A9895BBC90997B2B69364E24DFEA0FEE
:1029C000EA4575013D6ADBD3DCAEF082128C5AB762
:1029D0009CDC6A44A3A3B72DE56A3F8450854E165C
:1029E00098758CA5738F656BE7F129C94C9048F5F4
:1029F0008B298109AB9CEE22874B757CBB91DB2D2B
:102A0000048CD20EB4F2CF35E56D6000065F1389F9
:102A10007FD2DBF973B6C2CE1CBC9923C44B7714AA
:102A2000058D528E3C7A10EF222C5628D41103309B
:102A30000D9D5344B9914E16EC7CE1032985F5CCEC
:102A400084D1B11488DB0160ACEF62040717FE7912
:102A50000CB1403504C53524F343ACF3080A8EB4F9
:102A6000C13E5D10057FE47426719D87C7E00DFBB4
:102A7000355588CDCDA6863EB56532D0277D06B4C6
:102A8000714D28480773903A2125DE22CFA67EFD9E
:102A90000E94DB5C987E4EC01EB4912B214E39867D
:102AA000743B5269E7F08FB117A510285429832988
:102AB0007C0F53585075C25B68AA13DF5F9A55A408
:102AC00026582611404E3168A341158D2C04F6BCC2
:102AD0000EA88AC2AE1DB7302B2EC7CF64E2F7FC1A
:102AE00057AB1118FFFCD33122F74D2A479B0D6ECF
:102AF000FBBB547A305FB06B83CB518BD80E7FF227
:102B000053E6D403A00AECD2F8DDE4DA0AD7F78062
:102B10000BA205D19F9B15F10846459118443794A7
:102B2000210F76C9A10B94F2CE01E53D83170D4D1F
:102B30009FE885D3A91B6DD10EBE77E8C7303485D9
:102B40002ABEA71BB8423FE10AB1ADA4A8E972FFB3
:102B500050ACAB88A733B6C9A74E9A827C443738AD
:102B6000D5217DE3F1F78EA0C60D78D75411BDE9CC
:102B700096D1890D2DF736ECB85A71B58771366448
:102B80005593E60FA2021CF83226B4BAAAA65A8DB3
:102B90002A16FFCAAA12E5DB0DB7FBB38CD16AE98E
:102BA000D5AF2E5794829CFAC2E6CC9A8DD0DA8F9C
:102BB0002B177722543D29543B3735B9E1C7EE2F07
:102BC000A25BE28A828FC6B71814ADEA479DD26134
:102BD000035A03728A9FCFA086BCE045FB083F568C
:102BE000239B882EC2CB6C7C73670867174B3B31E5
:102BF00094D98D95B24D78A962516C348579BC1603
:102C0000248ED6C4647F024D43A56480EDB57295D1
:102C10005F3625C1717433340F1E658182B001B3F4
:102C200052A6A4C2DF97364B022EE482CE1F1F9617
:102C3000D91DA5C369D7B1928828E583096C08FC22
:102C40005C388A99DC81E8BE9328D8E7A2E19D90A0
:102C50009715DA13D49139B6A3CEBA92A2147B7029
:102C6000F23C5745E045B1E6C28D58C7650F6A3B57
:102C70006DAD6597D56756B1BCDA51A5EF8D1CB324
:102C80002686DEDB5CF87C47C7E8E23CB72AD03F0B
:102C90005D3E2DC9D526D6DD4AF58BC3FEDADC565E
:102CA0002787ACCAFE98BADF40F2EC8AA3C3D8FCEF
:102CB0002F975FD8107DBB3E3FB7571034985C54B8
:102CC0006E4F289CAAC09D6776E66E8CCC5EC25380
:102CD00034DF8C667133AD12A19E5EC8A4FFF1BCD7
:102CE000E5498AA76D32ABE577E791F9539D7021ED
:102CF0007C27A7DD212EACB9070648AB4505EF328E
:102D000012F8EB44E866EF2ED031DE46A8CAFC6D1F
:102D10001A143AC5B0FF176560147E82615F2B5E9E
:102D20005B7CA4CFB9FB10905F5AA36206CA65B161
:102D3000F79960C0599115EB47F4F301A08D6265D6
:102D40009F6E3DD6995314416870E149C09BA37FA3
:102D50009022819FC6A9639E5C8C43BE30F5777E2E
:102D6000B8BA844D330676FDC198C23D26E19A106B
:102D70006AB32F0847D1E8745D75CBC02B03B868E0
:102D800047FF2C0E3D3C3C974E46C5E5DD03F997C9
:102D9000531FEC65B7E39B93248C835A2701A6B499
:102DA0009CE529F538BDCFB5C5BAF2B5A9D723B58D
:102DB000EC3DEA903B7F9F0FE07E4BF14AC32058E9
:102DC000F658A9697DBE5A2A324C590CD75E3AFC96
:102DD00070DA580B93F3FE263AD069C688E7B0093B
:102DE0003BCD34CACDA8396F555E6641AD6B3361BA
:102DF00033DBD8D5D4B57DE2F89B670EE1FAB0603D
:102E00004E804BBA80066BB75B8341D8F461767F06
:102E1000D7DC5E8F8C9439379C820147CC56DD7E9F
:102E20000E05D5EF459423322D5A8B5D214772183C
:102E300054A744ACC23FB793E2C242D0FD6CA87C19
:102E4000E0A20619202B511494D22E99F206FE34DA
:102E50002C782B1A283F583A8F03EF58660B187AB4
:102E6000BAF00394212BD176AE654E89D102C1B15F
:102E7000F220005749A6C0B24F03D023D8C793C74A
:102E80005D882E9DEF8C38380E569D54CC53FAD267
:102E9000CA6434E24E8DAA392157EBE3A43E3A0EC0
:102EA000A649AC1E830FE3AD2FD669575A4F547510
:102EB0001D714DD68F9DB13D2FDBD519E73FAA3F40
:102EC00074279E13B8CAF233AC6CC6F9A8EA9373A0
:102ED000D932D2528C22D286B2676A9DE47B5FD00F
:102EE000D732C9E76349B251A8012A938576111AEE
:102EF0002F0C84126343BA6E9FDE4744860C581F22
:102F0000B2FD6779FFFB867B38409AC6CF5C667F4F
:102F100038A715CF38944ED4A8B6C93082B406E588
:102F200060B773C3B983B75D7E9E651405239C07A4
:102F3000FF973F82F31636C6F9343181C11076E52A
:102F40003ABDA5E11FB7B594B045EADF745436AD7C
:102F5000B330F4E04825B426BCB214DEAAE5BC8147
:102F60001967040CD377C6095395C0438F613FE9B5
:102F700051A82B8A8EA41B2ADF0530D7C3F0686CBA
:102F8000A2EAF353621F8FA8C0514AACF9D61CE7DE
:102F9000A3E34CD2E5BC1B09FA9408CFF1E6FE8C02
:102FA0002EF67C11A30F9CACA4AF485E07CD3DEC80
:102FB000A2F65E20C21F9DAB70246CCDC3D7AFA418
:102FC000996DAF7306BFBDCCC85A3563F6E9E967A2
:102FD000CA67E4C94A2DBC2E047DEED6A49C53409A
:102FE000F3B80223D17FBB01D39BB31D73E865AF58
:102FF00051EA03208DAC1322598DFCDBA24D34AB7A
:10300000367DDF1DEB34952F94E79951CC2427743E
:103010001E9C2623946899BCF748E76BC4346E5E07
:10302000777C57D011E54FD7A5581151CD25A796DC
:103030004D526F185215EEB48DD1D92CC535AE9ABC
:103040009BBC4D9BBA242E49561460B1C619CF05BE
:10305000A5AB866A4CA594365E844657057477D531
:1030600066F18290D7F7EE19C183FCCD88899CF96F
:103070000D07C19A8A243B3ABDD40E687DF29E7238
:10308000A668AB8B662074BE0C0F9BDE8E51F19A46
:103090008EE56C98A8B99CA6DB45985FC0D2F8BBBA
:1030A0007E3CAA3AE825BAED78886127A7CDFA7761
:1030B000D0E19E7C1BFD06DE3F3F65FF17068A912F
:1030C0009D80D380025EC1115D94BFC7E4F695B8C0
:1030D000F6E79C40AA36C1FF3F8CD08680F99E9BC4
:1030E00066EF5915BC8860B6D56F0E0CC90D9C48AB
:1030F0009759E0F4E9D942377F7FCC206FFB0DBCB4
:103100005907E4EBBEE67205557FE325AF57B26F72
:10311000F757C70B75E41947A2B21A0308DCB7AC1E
:1031200061CCE90FFF027144AEC3F38725563A6DB7
:103130009A67435370E5954561D9A10E66B1218721
:1031400080460FF96463B3A851E2193F8E8656C9D1
:103150001A8CF4D8F0DC01E8A7F25435FE96DF278C
:1031600053657DDB0595DE25699F6E4B88573922B7
:1031700061337E0B325D76F3614C60415D046768BC
:103180004A216BE2FFFDBB68ED19E9C9C92C23E1B7
:1031900058D1E26D2A0FBA4D4874B10DD7B1F898E5
:1031A00094FA0C87BDF5788578DA4CC75329426CC0
:1031B0003328288A4B18F07E7BE08744E3BFC2396E
:1031C0007ACA5149667C4A6E9B64EB9FAFE81E1F2A
:1031D0009EA686F0DDD41D48599AE74287855F3A5E
:1031E0007B70758377963B272B1B4814F585A9CAFE
:1031F0002CA67E89A53FB86FCBFB8C278FFF9494BC
:103200005D87C57CFA175BB6A3A6E2EA86A58FFDAB
:10321000480C27CA3A65D92164F60F10E3C603EEBD
:10322000E2C1AC130576549D53434CAF465B11C1CC
:103230000415DA36F3A7B7B47D19EDDEFD79EA316E
:10324000D442796FDEC6F03074E5E0BE14E77BA9A6
:10325000B34FD89E6D2217335C0863EEBC383378C9
:1032600085C7519D8DD5532D4A831D8DADC20F79D4
:10327000B24F50118FD012364775E7B3DF17521B8C
:103280006659CB15187DA42A6E2A5AA8909BFA423B
:10329000A2E7F3E6F13C3DB9A55A4BA6E63E622B08
:1032A0007CAE09A56F079AEC154B6A5B52CF986804
:1032B000B4035E77E75F3FCE60CAD652A70D0A74AB
:1032C0008FC48B43FE27BD697D96BBE0B4497B9ECE
:1032D00029B6F917B6D5DBBC3E2C6650A678F7F0B8
:1032E000F3AB15729E7B5F95E8B26A6CED6FED4EA5
:1032F0001E9E2945CC2E3F92011BF3DABF31E372AB
:1033000009F1800DD8ED12608459E73D889AF78C59
:1033100010ECA98C282107A24634A442D8FF43EC24
:1033200073BC6FE6748350262741A457054516FFEA
:10333000806D10BC29021AA1340C41C5DB32D4C007
:1033400060C68EA0C076253048820EC23064F3A6D7
:1033500050ACE63A17DEF23A18A64AC8387087A78A
:103360000921798821605DABBF0E4674031C3F9F25
:10337000494E053DE82147C38603CBCE0823D1E360
:10338000E21E328E150F91A47DAFEFADEC5F54EECF
:103390005218C48F92EDDBCC020A0C660E5CA68C30
:1033A000EE7A2D0ACB8DC7CF8CC9696B7AE67D7515
:1033B00066BF2C7493EC53269B49AF9383C171E68F
:1033C00056CE8AAFF05618C974152F4C9CEAAAA3A2
:1033D00015A72B56D0FBE8C16318AD8D0159FE121D
:1033E000A34806038C2DE2512B4F4C2493A675E382
:1033F000A0DFA8C454CD9B727DF980569BB39FE299
:103400009B10454DC45F98BDB4335B9E24D49F5937
:10341000BC106A8800E5DB4762507D5484D678B3DF
:103420004783A5845EA0154D804B021F2525A70666
:103430001511BE9252E453652FAB0E97198A780589
:1034400063A0E4C49C76EC1B66EE8D90ACF270B089
:103450000ED2243794D3D73402F586B33CC5C7B413
:10346000050FF69B41B5381D4B01846077E342DEC2
:10347000ADD5EAFB0D24331A0603EFB1FDF7F7DDF6
:103480005E0877BA0A0BCB4508480E6E5A3C7CF0B2
:1034900061DB8C6611E09EDC6058615C865586FFBE
:1034A0007D8F0F9C63703E8049AC0DBC3A2DA7DF29
:1034B0009BF92F21107D3F812D03069FF09D5C4AD3
:1034C0003C35F0239E7E9E130998919EBDF769C4FA
:1034D000C2B5F5C0B4DFB1E25D8C98CDFEFE7F17BA
:1034E0003D34780143BD30C1AFB1CAC5F436C4AE76
:1034F0000C1BAB9BB5DB3180C5086B0BE6F2FFFF05
:1035000000D8FCC086BF73DF1A00B70213CB67AACE
:103510005A35010130EBE18C4021C3ABA291AA23C3
:1035200001018038B2C26FB7B13CE4BFCC2074B2A5
:1035300009118103762F20DC8433EDBE69AB53493A
:103540002095C40960F7139456AA424450959024DC
:103550002E32750A73E4EC67E0E0C1473B748F9349
:10356000D6A300EC7E756DD95161F14E7E1E0FCD54
:10357000F94D2D41ED5B95439E93F09D87EEC7EA93
:1035800002080808B172E7BD082D69E8E8A8BC592F
:10359000441809097527192F08BA06505243F86FC5
:1035A000030993CCF9F26875AC598841531B5A6CE6
:1035B0000B19890B45E09F2F23D62B0B0BED7A2996
:1035C00052CA384D93CE55C509687DF6ACF65CEB12
:1035D00002BAA786AA897E207C9014D6FCAC83C64A
:1035E00013699285FB7D65D10EC5CC8B897ED5FA9A
:1035F00059BB0BEF0B5A97D95B9590747E685C7939
:10360000C436D95263FEE63811920000EC040E80F5
:103610008614A1EFB46A9D3C7B43EDDCC25660F496
:10362000F1E9A645C607A7926BA701D1F569897F85
:10363000CD361E15725248C5F94F82738FE506DEEE
:103640001BC224303FE393CB2A76CE59301F41680A
:103650008CD684AECAE300F2DC01A1152605D04564
:10366000BF4581E9A50C9A742B7689F06C13E2CBE7
:10367000BC29F4EC7757F45F3D288D5A62C7D7DC3C
:10368000CF988998BD123988F2574C58EEAE647EB7
:10369000CE9EA2EF4E8DBDC49FBD3A2B9442FBC37C
:1036A0007F0BF3616F258BDDE7A9E05AD8CC59FB7E
:1036B0003407A8A98599BF7F1DB9FDFB87DF9B2330
:1036C0007E340B5EBE488E8A2876C651AEE59AFDE2
:1036D000F05C81E7A0BE7ABDDE09B91DA64CA1D27F
:1036E0001F36AC5A6FF0383F297681E8501E7ED3E2
:1036F0008FDE5594B71B0F733F20AA1D7B8F753E3D
:10370000200204801882F21D36A00B590212D682C4
:10371000674E01BB5942971B3C23C72B785B64E77C
:10372000210384C261A0A5E0113B7945FB239C07DE
:10373000AA069E413575B7AE2631C9C5E813F7E232
:103740003A1FA5E1DBD81534A5E6A260A0F8ADE7E5
:10375000F53A8596D2EE118137CEE6C3184928E5B1
:103760003B5325C4DE779E59B12AA6C0717755E830
:10377000EDA3898848D31BB439646487698674874C
:10378000A60A0C88F28AFE4CFC47ED37B7DE5FE7ED
:10379000A20A8F635EF19FF3654A49899A2B3E1115
:1037A0006C6E8D22630D43E8E82BBFCA07DFBCE5D2
:1037B000F49F0DC62A9B19859D44A6C4C318BE6BF1
:1037C000F2C841777208EEAD2D836C8CC05E4A431F
:1037D000982109EAD83CECC87E3DCEC384793CCD23
:1037E000A3492BCCEBE61CAFF5ACCC3B531DBC8BFB
:1037F00072DF3947D3A433A21BA2ADC21F91BCAF65
:10380000444E649D27A232B234AE2CD0D40E52FF67
:103810004C5E619C6C87A6B1BC785071EDB316917B
:10382000478AA702A505B225B4B2E48201F957F48C
:103830004A11B233AD97B5F1CC3DE1CDC59377F1E7
:1038400023202083514474D4062E0DA034F26E79C7
:103850002456A7288CF6F8B89F09459518D2F53F4D
:1038600065B09B6DDDE71789F52574D5111995D6DF
:10387000AD3358D7E7DF14F67F316491F507FFF8D1
:103880001E102DDAF967BEBAAFBBDA8EACCC8B9DB9
:10389000599129CCD61C3FF9CF3469C7C599DC08AA
:1038A000E78DE8D826EDFF44B761D97A8F5050F7FD
:1038B000231F2129F59E1EF7A6AA5B8D40C58B24E8
:1038C0009391289EB6CA72D2C1CE68E9F6EEFCFD8D
:1038D00054388392C61CEB7B4605C3D0EEAF3FF253
:1038E00067498A54A7F0B6D2E269F563789D5DF81E
:1038F0000F5F5DDD4848D4191F32449DFFFFFFBEB6
:1039000050044C6E4918B18BA442B725E8A66280DA
:1039100020D2D5C73BF671B5E32BBAD5C224F267E6
:10392000413E886EF90170DD29D23F96E9A7E20297
:10393000AE8660ACF26BF3F762C07E23C838706A63
:1039400050F01602C7469D65F167294BB8237CB835
:10395000E4D521083D26B0235D804B231873C49A1B
:103960000E2423F9696B1027D11AC486053B4159EF
:10397000DFD3C40FD98232AFC691CFCAE2C90EE6F7
:1039800064F9CA48E2A43E27A64AA3A76BA8DCDED6
:103990003547DDDF9872E6F4625A6829DEDEDBD354
:1039A000A8735DF637573BD7A3D72929035F5AD0B1
:1039B000AC8662BDD9031B3845D689E04CB9630992
:1039C0007AFA02ECC0AE9F59B614698CD033386CC9
:1039D0008AF6154FDA3EA02BA05C13497B99DC1FB9
:1039E000F7B98201A3DD96236CF9F999136E332E92
:1039F00081DE09E5DB8A3AA7B35D13D56B617529D2
:103A0000D99817108E949336E5F41BDFCEF4D3FDCE
:103A1000D4122358F4B352C3444F67151C0F0E77CA
:103A20003F7AA6591543D302D5A20710F5643A7D13
:103A300057940276F517957CE54895C85348F77773
:103A4000C0A2633460F43470570C6216AC608A61B3
:103A5000745221F5AC0CEF3804F5679DDE1657392A
:103A60003D43B5ADE64104FE0D1E0BCCB5298B7B65
:103A70003FFFB39AAD0C1B3E1F75A6628CB3F23BA1
:103A80003C6A2E3DDC029B5DD955C9832E289EC51C
:103A9000D55156F31A8898B17E108FD2BE637F1E1F
:103AA000F90D52A1DD0A1B3C0F2DCBA55703BD38E4
:103AB000D2959E1B8E7F9D3DD05B45D0623975B2FD
:103AC0003E4A3DA7C748B6DDC600AF9183AA70F154
:103AD0004A3A543D4A58BF1EE40292316A78336331
:103AE0003FCBA69538BF943A5512D9B2B724DA71B4
:103AF0008F21031C0FDE33843C398B4FDFFDFB7FAE
:103B00007E9800C2F0E4B85DCD3B66DFE916F1E6D1
:103B10000B014E35C832C02A0052496AF7A336B9A4
:103B200053F34C08D9036C7F4EA18BD6FEA377E4E8
:103B3000771CC1CDACF53928C423311CC110B67D2A
:103B4000082025E4E1A4CABFD5ABD29EE0E2B20DC5
:103B5000A213A602EAA8113ED32DFE39918C75E876
:103B6000A1B08C80DBB4AD5D54AE139BD1635B849C
:103B70006D47E478E1D5B7D02233BC8EFF8EDF6A83
:103B800043AADA3764EC9EE985D568CECAAC078AC9
:103B9000429CF1C81EEE9BA682BEAB74E004FE8C74
:103BA000730FCC8418FF40A5FDD6CACEE9667F8F7F
:103BB000F0CEF2FFCB3AD9A6FB9CFC89E1737E8E56
:103BC0001ACEF2D1B84FBDE2AF7279CCD26ABF53F0
:103BD000527AAEB2F8DA9378B34550569AA739E0E4
:103BE000F3C9CCEE526B98CAB38B311B0CEBAB6AAA
:103BF00083CE0D8D2BE966ED7382B2B4B9FDEDCFA6
:103C00001E7922DBF520570B5F4062F7D46FCBB2F1
:103C10003270CE7AD4E5081066B3C691C3E9D69463
:103C2000FDF126E8DDA0D7FEFA21BF6A116E76C845
:103C3000ED6A0D95950737A0C82067890255F3B73F
:103C40009B39A4967442BE4BCE0C7619CE646D6639
:103C500014F614422CD1B4D92210636884D1D4F361
:103C6000E1A1E794252749F70BE572B28DC0559382
:103C7000D7C35C8C3989996BBDE7FF5CB07B5492EC
:103C80006878D997086CBEABB12E88B0082AD602E6
:103C90004E4FED94FFD17DB6610A1ECAF355A0F6D2
:103CA00093F40FDB89FD1FBCEC7F930E77A9B6FC64
:103CB00054BC0C24CF372436FF5B12DD0BC05EBA38
:103CC00012BCDD218F2538D8726D13D78E0698313E
:103CD0003794CAC22EDDD6FF26EE965F7ED0A5FBB6
:103CE000CB51AD3F0E304F6DF3996007973BF3F129
:103CF0006EAD44DB4E3AB9DB26AD089EB0D8F9DB99
:103D0000D884F44F6580F41130D1A0C026A617E8FE
:103D1000C101DC0E8E23937BD129E0C1E010D3DBFF
:103D2000C106E504E180D362B9ABE444A9A7F4E895
:103D3000BD6E22055291751261D1854507B1595268
:103D40001044420A5326E541F902CDC2049A61E5C6
:103D500088565E03F2E81501151AE24CBF84D37A47
:103D600029C77E47F975D2D955219040699E5F9B3E
:103D700006722262F751074C9BF3C85D42FFD007E1
:103D80004F77A9F7423A9A2EDB30E9C8F2F5352A87
:103D90008C47AA6C1ACCBA5222C73E493AB8D955B8
:103DA000B76B0A5049B5392C6BAB93EEB7975AE015
:103DB000B4FB0BB18FF1C210403CB24A5B3A636D69
:103DC000824E9AD77250B46A6A582B5712C3142D78
:103DD000623AF6019A7C03A61B8EE7405A3A566B6C
:103DE0008DB4DCD3D3CFA86F729F2B2D13C62C6458
:103DF00073DD035483BF37A44909F87B13717A0D2F
:103E000064501B1DFA8391EF355C27AB26FD07EA52
:103E10006C40501CDCA59070A3F2C013C71C777ACD
:103E2000FAF2995331E74F9FFFDF615F4A138BF13D
:103E30002741FD52F392443C395D625E6237C330E4
:103E4000BE28AFDB0424CD3246F1891008BA4160A8
:103E50008CC1DD15B424E377CC7499AFA4760E90B1
:103E6000443791E19461D1E26F5D09326F67B1151A
:103E70004DD1A35B7F43D06A3DD1075AE577B0F4BB
:103E80005F898DE732F39B79E96AC987CCB2DBF3AE
:103E9000E9BC88B69C1FD27DDE58961BC478DA39FF
:103EA0005E890D76B92DD03748199B49D6291CBC9F
:103EB000BDBE08B4B52DEA7A3BC8CD5DA8C3DB3BD7
:103EC000D18E5C50BEC8C2E1ADCFCBA3AEC87CDA08
:103ED0002E0D545FB6FB983B001A6FD88429D87B0F
:103EE000968F8C5FFD4FF1713725E6530E697E7317
:103EF0006FBFADD880BD185A4DEFED7B9F7098AD68
:103F000094F2258FE320402DF02688AE7D4752E4C1
:103F1000A82CA25E4B9456E5DFB052517827B9E742
:103F200095F3168D75FC92E551EF9CCF9CA5F0F8AA
:103F300011FC7E186921ADA501ADC4A3737374E5AE
:103F40000820F98AF2A496448A6AA18534E31516FA
:103F500033FA018EB246B4A32142E23478F2A55D71
:103F600059BDFD05BB1A35C328552339E1059E1DF2
:103F700096D70F2EB852F4858601E91851EE527685
:103F8000220E086C66DE1808F285888922FEFFA9D9
:103F9000553DAC56922EFA067519ECCFF8BC6FC998
:103FA0001BF12087157CBE0BF32D91CC8D42B4E71D
:103FB0009F7972CA0B6DFFE17419CB8FC34CE0A9D6
:103FC000F238E5979A6A9CF6CD5BEFB35A437AAE26
:103FD00014A2E436318A60051AA278C0FAFAB64F04
:103FE0001DA265F560CB7AC6C8CE798F2EFED8F4B7
:103FF00032FD689FB4EFECBC805C6E8E3B132AAD43
:104000009273CCD0C45F59F2F9F362153261760530
:104010004D106A583212BD265C661FDC8645B35EC1
:104020007BB1A0DE81AE3608202700D4B1E075FC5C
:10403000156075F6CD4E2BF15D97A6DC5B463FA370
:104040005B46905C9C442983FA9CC5B18C647406E1
:10405000983D21F194543C8CF89027DA3C5D32B7BE
:10406000A5C179D49D45A10FCA01648C8D6344C557
:10407000F751BC689555FCFAED71D50659A6D3F1F8
:104080001E79F4D986C53ADCEBAB5B62C83CFE42D4
:1040900093C5F95C6E9CA4BF041F969BE0B16FB7FB
:1040A0008CE57966D20DA3D16A83480A032B1EA042
:1040B00088ACC63E3F57BB1BCF256F61DE1F2B442C
:1040C000A6CD359A9EE99DFD4E14C2D1BDF1DFF516
:1040D000DAA58CDD115C64B8BEF9D69FDEFB797879
:1040E000AECA7391871616B3DE957BE1F16B503D36
:1040F0009A482D75D7E24032DE1E6DCCCAFB47527E
:1041000060D9628B93E673E01626BDC86170566471
:1041100069F283BBF090A312EFB4093758D4AE21F3
:1041200019E32C89410244A210DE3159FFA1501F2E
:10413000DF95094849BED46189B50B186C6EF0C192
:10414000208C7B0B743BB164E490AD4BF0C25420E7
:1041500070BBAF080ED09F2760C2F7250516AC00D4
:10416000D1233163B2499451C1E3E0291E4150DCAF
:10417000B07622F6A98C8ADB03DE6041E1F7C43712
:1041800062D14983265D3C25D22EE9C3CAA95EDFF0
:1041900042FA0DDCC595C426DA3ED0C25A8AEBC677
:1041A0001BEB24817C2A392C83CBAB3AB3A9468EF6
:1041B000FB6ABEA03F623A6A1CDBCF5C3B235566BC
:1041C000BD267CD3BA6BE723025F296C7DE8D6A0BD
:1041D00019A22F0B91EB992F225CC9D7DC7AA6E5A7
:1041E0007EF0711343E21B6C2BEBE83B4385242CE0
:1041F0008119E8F04F3FDA0F3B1BE8FFD9822A74A0
:1042000046A78352F1D03654A04244125063F22A9A
:10421000D3265A9238646A3E98D22071FC78597C31
:10422000A567D7888BA13288C039625005C732E3B1
:104230005639A7183965003C6533E3B387B7335760
:104240007E3319B4E5C4B5A134351D16B43CAE793E
:10425000CAA280135C567C3B6374D59DDC70CDF0A4
:104260001CE520056D4435B57587E491CDE0F6E198
:104270001CD4C055F5B5BF779DF35A174D77A08371
:10428000F90CA0B1468BC6B34CA9CBD59EA8F73983
:1042900036668514D6993F9EC35E5AB98E357F3BEC
:1042A000970B880D8C6F999A4EB84F413B897FF9D7
:1042B0001D6656C664B93BD1E79D6BF328D3FF87D3
:1042C0003E4A186CBD733C250E176CFAEE8C763C9A
:1042D000EE430F5F5EAE08FA04EDC81FDFD8F9E7C2
:1042E0007FA91D5CF649C5508E6D629BA55FFCB928
:1042F0003D19AAEF35D5BD9F2E500A59789FDA1F78
:104300005813E4017B4A6B2865A6FE08C227506D4E
:104310007A89EEE5759C22A1F8A17283B9F025A3F4
:104320006EF0000FFA4EEF37F1248D83C903F4735A
:104330001394B64439935FF89951A690CC17D1E8FD
:1043400018C0262C982457A629D5406407621E92CF
:10435000E742A485F8E603A3B874138BA5FBF335F5
:104360005BA1048799E1C2E7D11C87CE2C66E12CC2
:1043700069538787A6323658AA57C1E3C3D22CA700
:10438000D82EE5D36208BD234ADA088A4DAAF64E34
:10439000BA9E89716A19C9A6FA907744A23B5B1D3F
:1043A0007DE9C40FEAEDFF1817888CC5D3EE16E738
:1043B0001576E5866BB5A7E95BF7C1C48C1BFDC319
:1043C000F25B35CE4ECB3CA1E0EEC6FB02F058A826
:1043D0001BA5E6B67A7E11CDDAA7495AA07259A973
:1043E000D544886B67CB4370B369688CCB9FE8E199
:1043F000C7C48E2FFBD6D7EDFA7F7DFCD66F7CAE7F
:10440000767DD3967B02B4FD3440C85DE0866E3085
:1044100098F0A8675DC233B59C43E979CB3E73A69B
:1044200035D5050D65314DF04D4AE0727508CEB0B9
:10443000160DA43EC31335CE05E3EDDC7893F326C9
:104440003D7D203413C636B4BDF2C5957455E2B631
:1044500093A814622C7979F7D872E56F360B018E28
:10446000C5BCE7B6E5818AF7B54CA8948387D22D01
:10447000ADC239D64957350D70AC44B2FF1BF77A3F
:10448000B6086F2C666EC3F8A62825D86EDCFE121F
:1044900096DDF391711ABDF4AE3EA7829B5CFF33AB
:1044A0001F749FE152D43E504F8C0DD5164D7E1097
:1044B000A87353D96F2944F9FFBD4C506D5D7A083C
:1044C00006753A176B919DD9C9086AAB89EA59B745
:1044D000D038AD6AA56D9EBBBEFD6DDBDAC81C1D74
:1044E00006290215582D9AB85F6F503C377CC9BC1D
:1044F000F62B1B902B7B1CFD30B632D087FB45374B
:10450000D9D43BF0F7781695AF24FEE6000074216D
:10451000F88E36CBB2960A20ED7247F6081051613C
:10452000C106F54219016A09D18E8E020101F423F8
:1045300054148767F131A2F48B353B729935D163FE
:1045400040400204C044122450604244D06452648B
:1045500048500305C854132558704345D874536513
:1045600041418206C14592265161C246D165D2665B
:1045700049518307C95593275971C347D975D367E3
:10458000990CAEDE58F23CA5D2870608922C5868EA
:104590004E5E6B47D34F7E09C43CB3D89A3C5969F1
:1045A000C3038846DA5E7F6B6025CE3D932DD86AC3
:1045B000383D28F41B196B68DB8E340B9B3DD96B9F
:1045C00042480A0CC24C1A2C52684A4CD26C5A6CA3
:1045D0004A580B0DCA5C1B2D5A784B4DDA7C5B6D2B
:1045E00043498A0EC34D9A2E5369CA4ED36DDA6E73
:1045F0004B598B0FCB5D9B2F5B79CB4FDB7DDB6FFB
:10460000188496626D80C22BD41B751094A47070B0
:1046100053792513FF7C3546DAB493019CB471714C
:10462000C5493350052AFE726268E62595A5F072E9
:104630000DEEC1F364915FCEDDAE1E139DB5F17337
:1046400044C02214C4C4323454E06254D4E47274BA
:104650004CD02315CCD433355CF06355DCF4737542
:1046600045C1A216C5C5B23655E1E256D5E5F2768A
:104670004DD1A317CDD5B3375DF1E357DDF5F37712
:1046800066444C17062376786170895E96AC78781C
:10469000E6842D8ED798CB22DE1222199EBC797922
:1046A000970D5A92F465BCAD5CAB4B1B97ADF87A95
:1046B000DFDFA1590F278A7BE939EF7C9FBDF97BAA
:1046C00046C82A1CC6CC3A3C56E86A5CD6EC7A7CD2
:1046D0004ED82B1DCEDC3B3D5EF86B5DDEFC7B7D5A
:1046E00047C9AA1EC7CDBA3E57E9EA5ED7EDFA7EA2
:1046F0004FD9AB1FCFDDBB3F5FF9EB5FDFFDFB7F2A
:104700009460D94F20A95AE0418B4277B02654E0FB
:10471000E8775F894112E7BAF885B881B83655E184
:10472000207C63C3D2EF90D5A6273E61B127D4E2A7
:104730002B61B6D729ADA6E3CCA0C3B4B937D5E376
:1047400060420684E04616A4706246C4F06656E4F1
:1047500068520785E85617A5787247C5F87657E579
:1047600061438686E14796A67163C6C6F167D6E6C1
:1047700069538787E95797A77973C7C7F977D7E749
:10478000D82E0A9F57C0183FF42EF2C4B22E5CE810
:10479000AAAD0FCB2AB153E94D7B4BBEBA3E5DE9C2
:1047A0006D8F3EB9FA0B6EB1F390BA8AB32FDCEA83
:1047B0009C758BF7D8F799DCCB3F3701BB3FDDEB1E
:1047C000624A0E8CE24E1EAC726A4ECCF26E5EEC09
:1047D0006A5A0F8DEA5E1FAD7A7A4FCDFA7E5FED91
:1047E000634B8E8EE34F9EAE736BCECEF36FDEEED9
:1047F0006B5B8F8FEB5F9FAF7B7BCFCFFB7FDFEF61
:10480000FA0E20E75113300752A69EC9B4A674F0E1
:10481000727BD2D02C2D4AF14BB16325BCB675F119
:104820005F72976D6A835AB0F5080092B5A7F4F2EB
:10483000ED3928D37699B1C40AB71F97BDB7F5F300
:1048400064C22694E4C636B474E266D4F4E676F420
:104850006CD22795ECD637B57CF267D5FCF677F5A8
:1048600065C3A696E5C7B6B675E3E6D6F5E7F6F6F0
:104870006DD3A797EDD7B7B77DF3E7D7FDF7F7F778
:10488000552E2ADE608A825AF6621D98B6AE7CF8F2
:10489000EE3066D93EBA19F8D1BE8352BEBE7DF95C
:1048A000838F5ED927BD8CFBC23EEA5DB7AFFCFAB1
:1048B000D91BAB7C3FBB99FAFF08F99BBFBFFDFB3F
:1048C00066CA2E9CE6CE3EBC76EA6EDCF6EE7EFC38
:1048D0006EDA2F9DEEDE3FBD7EFA6FDDFEFE7FFDC0
:1048E00067CBAE9EE7CFBEBE77EBEEDEF7EFFEFE08
:1048F0006FDBAF9FEFDFBFBF7FFBEFDFFFFF83E02B
:104900005A4A68D338FF345D6E26A1C36FA0772B57
:1049100046E38D0C9AFCFA656014E4FE4B7362A4C6
:104920007F076181DFE7C2A7E2D24C9FABD6A6CF5B
:10493000F6E1FCA2B3A5678CA2C062537BF593E8B5
:104940005FC487689A09B122AB1F3640A8E6AC3C29
:104950008816DE88B07370B9A7F218F68274F06317
:104960001A8CF9B33227F13352E54B7C8B877103F4
:1049700037EDE06DB1D76D62618F4EBA2EB5B0C81C
:10498000D1E2F5472628A58320D2C5B5A91D2EC79B
:10499000737EF682A8EF9DA43342D859E43BF89683
:1049A00059CCE0D9FB9578AB70D3AB6A335FBAC210
:1049B0002228FFA4D9A3724F8BBB926E5BFC41CB24
:1049C00054F4B94198E2B949B1B835E3AA4B394D2D
:1049D00049AA89B73D4278B99EFD08BE801BF808F8
:1049E000830BDA89998039288481AA03ABEF24A448
:1049F000183B7414B37AF8AC25C5229C81077869FA
:104A00005773AC1DDA382471EB24A50CBC16F0FFEB
:104A10007498C18EF1B3906EE7356F335CF2FCEAA7
:104A20007AF2E1B9BD6F1C3F131DC483CE7D8B5B51
:104A3000A1EF73CC39F795B8572C0ADB504C59319C
:104A40009787E8E79E639151D4009D8F8E52D111D4
:104A5000C354A2A23BFA50825F1C63172BBA1032D8
:104A60000DC9A43A9F4B11305D1C9F2D8F195170B9
:104A70006D32D06DB5F2D023050EC78CA5D29077DC
:104A80005C89B9C5C6BD4E9786CA97253EF399D7AE
:104A9000F5F742161EFA52360C48821DECA4CE627F
:104AA0002E818C1727FFDAF2494BBADF4429797A35
:104AB0004CABC9B00BAFB75925091FF42DCB06D0AD
:104AC00019C32C50BE4EC4EB5E154F27AECB19E672
:104AD000D62034A694CA983B06074F86A67E852D1D
:104AE000AA35ABE59D76195B5405EA1CAFCA990C53
:104AF0004234FB443C33D8D8570496248577581A5F
:104B00008070662A30647FAF08DDC67A6324B56D95
:104B1000D7E220201CF4F4C466D05544B88405BE06
:104B20005F042578A9356BE30141B883CF9BD2EEB2
:104B3000FAF978CCD13036E2C64066CCE001308F4D
:104B400072E2EB9498C4E821DCF138CE071635C147
:104B5000D76E8715B2B7B4A3B830BDC180F4A9AC85
:104B6000D9048859BBED35C370E74F3E8940B56C19
:104B7000D11489781ED5F410058BD87CA34174829A
:104B800024B6E55B0E91E3B38655EF89761EA74701
:104B90005169003892CEE6A6443CAC4A8482D04F9C
:104BA000B3F06DE9B16967EB6951A419645D3739F8
:104BB000551D64C3934F95A435C841C66CFF95A994
:104BC00002937C819A697DD514EECBB2A84CFDEAA4
:104BD00020A7E47EB0E5BCC821B7346782593C6B9E
:104BE000980C73589BCD6068A82BB18704FFBD0952
:104BF00051A8F922B1483CCAA663F8CF83FD2165CC
:104C00005A84C513EE3B10B690DDC791CCA3942F08
:104C100054FD4E9E75520AAA3DD0852EC20B889334
:104C2000D670284F6C9B150D4BA48FDD7122B701F8
:104C30006EA1C5583D64313E0282449279678B5C17
:104C40006446056B9CE1553E770E6696AE91D5F2B3
:104C5000A0E3518AB67094D08F2C042084D1141A0A
:104C60005F30D01D9D4540392D1CC2D0028B95A3CD
:104C7000D5572607B76614B105D484F4857509267F
:104C8000588CCD1BF456D7DCA15562BA65DD0A9469
:104C900056F54696A66332C2AE387A097EFC9FFD71
:104CA000D47820679C6D9861F37BB205D112FF5ACE
:104CB0006CA9CD70AC73BD000744DE5AC547AE4049
:104CC00014D2CD9A11DA5DBB0E689891AC1DDD99B6
:104CD00037EA0D7096F95C0924A0CCB8098A1C6AE1
:104CE00028720F619FE8DD2D2D604DBBAD665DF82C
:104CF0006E5F26A597F8DCD025D44CBA87D89CEEF9
:104D000078FCF6FB283DFB64015EE325C1A0990F0A
:104D1000089432642C90980099B25A5094B675A3B6
:104D2000EAF8FF99BBB58B8DAEC39549C147D4C294
:104D3000A5635FFCB62430A243A46226A1CA5C012D
:104D4000D0C2099E000686207CE444E4DED531A76B
:104D5000641B812FB3AE4A9A581E6148A05330A6F7
:104D6000796123464102BC383861C246A942B17517
:104D70005333012DA137209AD8F54A05A152B0240A
:104D800038968AFFA3FF9CA548C8EB4E824E5CC8AC
:104D9000723C7E334A5EE1996230A9B645C32E96D5
:104DA00068EB24F7D1C4734E5E7769E19BFEAE5782
:104DB000D478B6A8B46DD920A8DB4B71A5809A74BD
:104DC00026AA8FBE3ABC3D289279D94C122F62098F
:104DD00056DC8A239B9C3BA6049A19C8A25B1B62E3
:104DE00079A608244A3217A8D7963533AB4A790BEF
:104DF0002B98AE4DA0D91A204973200BE15A780A9E
:104E00007B04075BFC06188F06408B14EC2654C00D
:104E100020B1A32BB4C4353EB834E0E46BB0318A82
:104E200065486D50BD55473D2F11FBFDAD750B7DA0
:104E30009C1520A6EDB1E53E471F99FC99B7B984B2
:104E40007C2BE3769434A37654EDDFDDD6663B1FEE
:104E50001CB23757B5BEB2389ED49E39E484157E55
:104E60008111AE49ED27D24FD181E67AAD67AF15FA
:104E700061D4A5B70D9727333F75E0A51FD252F037
:104E80006641B915CC779B3EB6DA0A6292A807381C
:104E900026B2AB23DF18F056163CE8649ABE31AE5A
:104EA0006740D8581794BE1669AE835564A9B8A157
:104EB000221D203A9FFFBD9B0D51021F9BB98E3BC7
:104EC0002FC826E3468B1422E96CEB13876DD6714D
:104ED0000DEA4B86A6BE8880769A6D51E6031A3E8F
:104EE000B8A6C111BC37E381458D5943A559AA1B0A
:104EF00031DF4A9C372D88EEFEFBEF33C7E506F61F
:104F0000F902E53FC2840FCEA25CE7A5A827084DB1
:104F100064F2A4879AE9974BB9B05E00382B094C2C
:104F2000E1E7A38499F637B28EC191C9BDF767EB6B
:104F30006491268505931416632666A6B1E766EA92
:104F40004897BB0DF22EA5B94AD2B06BAAE7F5A6D9
:104F500025C70189495413C9787247C5F009F46F10
:104F600065A3D680C92590AAD5E78ED8DFC6544E52
:104F700005D19C953D9D6438C48264557E5074E192
:104F80006E1CAD8E327CF75B68E8EF45B632B5A09B
:104F900067E765F2D45A9F88443CAC4A3922DFC89F
:104FA0006E882F51DD4F77824CDB2A7BF9C5FDAA35
:104FB0002CF78D06507DDE1476BF4C46C45D9E34C2
:104FC000A20841CEEDB59DA1405A9E63FC2E3DCE78
:104FD000035A0F8DB45C7F50047D496DE98712AF91
:104FE0004F4E882E9A343925D319AC198B939715C7
:104FF0006BD9841547CDCEA5127BCFCFA4D3226029
:10500000444B50D2730410720E127F7F0B54559094
:1050100085F0A7ABFCF43111660C1D7E43B4392C2E
:105020000DB826A89D7839D0912765674658B409F0
:105030007D1724862544C38E9DC187E9E355F97603
:105040009731AAD69DACB7B9A028954BA0863AF265
:105050006CD29A3E13AD684A0589C05EF814532E8F
:105060006309A6965D3C47397A1865DBE1E0577E17
:10507000154B471685B5044AE290B82A330A748C5A
:1050800046434413C6AA64B5F6E88D592151580326
:10509000011EA4B8A49A9EBF6C7386BDDE9A33F439
:1050A00007692EA0ED711FB717586857AD2B8FDF1A
:1050B0009C792FA1BB64BB97FFF91550953ABE1B95
:1050C0004639AA111EEA4914DA780ED625027671FD
:1050D000AECBBC9D37DEDE0256180F746EFE7FFD30
:1050E000357545FA387E81CE671B1B9C88EBD9B598
:1050F0006FDBAFDD2F3B98B906916ED2FFFFFFFF4C
:105100005ED1087B40156D6296DEC201F2805300CD
:1051100008E8A28CF5D6B03E93D2C3008F727BEC28
:1051200003EDDDB98711132F5A43835DCB81732EB5
:10513000F695882B34C86E7E475336BEF9F9B56CA8
:1051400026FD016F9A7614080E2449EFCB235C9B51
:10515000E822690DF0ABBF2890810AB8A58FD1DF96
:105160007F00FEA9D0C7998FDD93A9CEB1BC7A6B21
:10517000375622D8A998EEDB638EC55BE91724D693
:105180005D887B0849F2A1925820662BF2E06067A7
:10519000CAF0A50FE21A9A4DA165EA4F2EDEDB3365
:1051A000DC19FFF2FC67CBB5C7F97BB5F3E1E46529
:1051B000840928824B0C752FE8E168C185B9917587
:1051C000EEDA0C06BA6BE723E0ECCBFAAD1E74F313
:1051D000676906A2357BBA2B03894E373F8CDB7299
:1051E00081378C02A38CF7232C85CD356C8257D365
:1051F000EB2BE14706BC4620053CE2E4C0F7DA2D84
:10520000CEE2D775FF766F3F1EA703AF455A89439D
:105210002312D70B1CD22B7D96F7ABA2FC78583308
:105220003D7EA68B83D1B8DE6DAAA5FFEADFC2ED75
:10523000356F0D1E01D3B8BE555D087B9B82180AE1
:105240003FC256C970A6B04E94AA861678970382BC
:105250008C20F0577336B18F95016E8ED224106E6C
:10526000E953901CE39A11537984891E6107D67023
:105270006586C3D7C1B74C5203A1A4FCA5D2903612
:10528000F90C574FE6557D3700FC831C845387F596
:10529000F1487595263CBBF3BADA82B18544793B77
:1052A0006737BF172F3C3F492D18E9F5C5520FCF7F
:1052B000457B5E1D8B7F3B61B32BC9511FAA7BD100
:1052C000868A4018FE4E25D858508BA3AE6E33B652
:1052D00035DA6DC0B6F8B9D776135C1784BAD87BC7
:1052E000C78E8400682F16C397A30E1C8D14591BFC
:1052F000E34BFA153CBF449282118017D1359809CF
:10530000A96200A0347559CCB7A060F4B02654E06F
:10531000E1F2327CF2747D499972D9E9BEFC55E123
:105320001724250BC337973049071C31D1EB8FA0C9
:10533000A2F3E218D7425D0B144C5C67B93757B93A
:10534000A0000F805439B5297AB62D6C4BA188EE98
:1053500013132C585CA60EAA514441C94794D71583
:10536000E104A898818AE5A9F911398477E5C13665
:10537000C5C1E78D5DA767A81EF74EC499AE77EA51
:10538000D1F34FF3021D5DCCBE2C8480A54CA365E8
:1053900028E650CB6A5C1EADC5C5B23673F75BC557
:1053A00033E78C719BF0684297AF84D4C8D42BEC60
:1053B00073E40F5C2B58B3B51D6A496FB1022236F6
:1053C000A2BAFBCE82839627ABAE71D7D27FDC56D2
:1053D000AA1865892A1D2FABF69F24453362FCEB82
:1053E0004B1CEEEE6AADFD302D2FD165C30DE6E806
:1053F000EB1CA191A4E23E50B18A864732637E1035
:10540000B45A851A746498BF3CB16994CBD8D795C7
:1054100006426997CC5A1D3A98F0E1936FAD0BA5FF
:10542000A2DF076FC54B98BD13E768DE0A45D006BB
:10543000BDE606952D75193811E35ACEB5B8FC882E
:10544000A032B7D6FF01E8BEB9136B7C8CC115B290
:10545000AC904D9113A4196A724B63C9A6C0D49045
:105460004D94C6A6244337002BB3A17D8D65BFACF8
:10547000ED94898941A87D2ECF8165ADA75F54F158
:10548000D5478D67EF6CBEE21EC8D5D4B5427C43CC
:105490003078D015F72DD8BFC5419EEC363A5AB2B8
:1054A0006D8E2EDBB07F7AB50FD993FA4890F12F2D
:1054B0006586521166B31ED7B1F154C70803009731
:1054C0001D387593BCCC8D65EC08C257F8361DFBB2
:1054D00037ECCA2227C2D6242418EDA7867C3627AB
:1054E000E0EA59DF868FAEB8FA0942558FC89D2091
:1054F000B61F901597DDCD12E20BBED0A5505C9A79
:105500005A12A306AF40162C4E6407EBAA81A3CD16
:105510007037621AD6505E8A22CF477DA67023CE9E
:105520000F61E304E68119219D24383B1D1C3B26B5
:105530007193C84A0589979FA715B6A93D4A72C3BA
:105540000A55809EC044122450604244D064526484
:10555000563240E5C854132558704345D8745365F6
:1055600037A300BCC14592265161C246D165D266BF
:1055700029889D08C95593275971C347D975D367A1
:105580005875AB6D0A88C1F9CD97776A9825D864AC
:1055900004686A7F02C87241DADC6E4FA25C552B48
:1055A00059612B0C434EB581CA2929F503AF9FDB06
:1055B000733EEA4D856F666956F6684DEC21AEA1E3
:1055C00082071D4EC24C1A2C52684A4CD26C5A6C3F
:1055D00013DCDA90CA5C1B2D5A784B4DDA7C5B6D7C
:1055E00068718C52C34D9A2E5369CA4ED36DDA6ED0
:1055F000CBF64F09CB5D9B2F5B79CB4FDB7DDB6F10
:1056000029F7261C0CA0E8C3D0702CAF3C9CF501F8
:10561000D5C41E1320E74FC724A4C0F0D125D23033
:105620006205291124C52C1A757461513D1011743D
:1056300053D5E6B8F3C4509C254F6113A74AC2B6B0
:1056400044C02214C4C4323454E06254D4E47274AA
:105650004CD02315CCD433355CF06355DCF4737532
:1056600045C1A216C5C5B23655E1E256D5E5F2767A
:105670004DD1A317CDD5B3375DF1E357DDF5F37702
:105680008A052E248CC7C5042E56EAB22C528514E6
:105690006E547D14C630D0117E6D975AD481923DE0
:1056A000B90D7981BACA72C9BFD74BA7746D98F189
:1056B0007075EC609A6E3DB627AD48FAA50DFED424
:1056C00046C82A1CC6CC3A3C56E86A5CD6EC7A7CC2
:1056D0004ED82B1DCEDC3B3D5EF86B5DDEFC7B7D4A
:1056E00047C9AA1EC7CDBA3E57E9EA5ED7EDFA7E92
:1056F0004FD9AB1FCFDDBB3F5FF9EB5FDFFDFB7F1A
:1057000058804D498F4212ACFE71E7CB6F136B503E
:10571000729AA6C0F653C1E158FB8ACC78D272E7E0
:105720007B1D27E7DCF69168B5D386CD6827355D0C
:10573000E949F6C18653A666C2E399C5775A741C37
:10574000970C65C3E04616A4706246C4F06656E442
:105750001075641FE85617A5787247C5F87657E5A7
:105760001964E586E14796A67163C6C6F167D6E679
:105770001174E4F5E95797A77973C7C7F977D7E7A5
:105780000A91F7D318F52BE2FC68EF15D2FA6C6595
:10579000A2CE66E1E1EF106EF485EECFDA9EF26202
:1057A000A9E68E217EDFF7E219FB90CCCB0821E53C
:1057B000AC6972C991E09B1771436C4790DD5888C2
:1057C0001AC84D07E24E1EAC726A4ECCF26E5EEC09
:1057D00012BA0306EA5E1FAD7A7A4FCDFA7E5FED0C
:1057E0005BC995CDE34F9EAE736BCECEF36FDEEE0D
:1057F000EAB9AB8FEB5F9FAF7B7BCFCFFB7FDFEF58
:105800006473212AF2C6DFD40C5DE49010C48F517A
:10581000D316BC7C26E5381010CDC6902B32FC4840
:105820007BC6F61F9DB6151D0D5C66388D5D9735E0
:10583000EDD11EC8A764313EFDE891918286547374
:1058400064C22694E4C636B474E266D4F4E676F410
:105850006CD22795ECD637B57CF267D5FCF677F598
:1058600065C3A696E5C7B6B675E3E6D6F5E7F6F6E0
:105870006DD3A797EDD7B7B77DF3E7D7FDF7F7F768
:10588000AC672E33F0CAD7DC1E319783CDD00079B8
:105890003F9EB47451ED7C06B66E06B139BCF2B8C9
:1058A000AF52C7F299DB1F3AFF46DF71452B7543B4
:1058B000F6CA920691CEC504D5C91299DF669CF648
:1058C00066CA2E9CE6CE3EBC76EA6EDCF6EE7EFC28
:1058D0006EDA2F9DEEDE3FBD7EFA6FDDFEFE7FFDB0
:1058E00067CBAE9EE7CFBEBE77EBEEDEF7EFFEFEF8
:1058F0006FDBAF9FEFDFBFBF7FFBEFDFFFFFFFFF80
:1059000000000000800410201020404090245060CF
:105910000810010188141121183041419834516157
:1059200001018002810590221121C0429125D0629F
:1059300009118103891591231931C1439935D16327
:1059400040400204C044122450604244D064526477
:1059500048500305C854132558704345D8745365FF
:1059600041418206C14592265161C246D165D26647
:1059700049518307C95593275971C347D975D367CF
:1059800002080808820C182812284848922C5868E7
:105990000A1809098A1C19291A3849499A3C59696F
:1059A0000309880A830D982A1329C84A932DD86AB7
:1059B0000B19890B8B1D992B1B39C94B9B3DD96B3F
:1059C00042480A0CC24C1A2C52684A4CD26C5A6C8F
:1059D0004A580B0DCA5C1B2D5A784B4DDA7C5B6D17
:1059E00043498A0EC34D9A2E5369CA4ED36DDA6E5F
:1059F0004B598B0FCB5D9B2F5B79CB4FDB7DDB6FE7
:105A0000048020108484303014A0605094A47070FE
:105A10000C9021118C9431311CB061519CB4717186
:105A20000581A0128585B03215A1E05295A5F072CE
:105A30000D91A1138D95B1331DB1E1539DB5F17356
:105A400044C02214C4C4323454E06254D4E47274A6
:105A50004CD02315CCD433355CF06355DCF473752E
:105A600045C1A216C5C5B23655E1E256D5E5F27676
:105A70004DD1A317CDD5B3375DF1E357DDF5F377FE
:105A800006882818868C383816A8685896AC787816
:105A90000E9829198E9C39391EB869599EBC79799E
:105AA0000789A81A878DB83A17A9E85A97ADF87AE6
:105AB0000F99A91B8F9DB93B1FB9E95B9FBDF97B6E
:105AC00046C82A1CC6CC3A3C56E86A5CD6EC7A7CBE
:105AD0004ED82B1DCEDC3B3D5EF86B5DDEFC7B7D46
:105AE00047C9AA1EC7CDBA3E57E9EA5ED7EDFA7E8E
:105AF0004FD9AB1FCFDDBB3F5FF9EB5FDFFDFB7F16
:105B000020020480A00614A0302244C0B02654E035
:105B100028120581A81615A1383245C1B83655E1BD
:105B200021038482A10794A23123C4C2B127D4E205
:105B300029138583A91795A33933C5C3B937D5E38D
:105B400060420684E04616A4706246C4F06656E4DD
:105B500068520785E85617A5787247C5F87657E565
:105B600061438686E14796A67163C6C6F167D6E6AD
:105B700069538787E95797A77973C7C7F977D7E735
:105B8000220A0C88A20E1CA8322A4CC8B22E5CE84D
:105B90002A1A0D89AA1E1DA93A3A4DC9BA3E5DE9D5
:105BA000230B8C8AA30F9CAA332BCCCAB32FDCEA1D
:105BB0002B1B8D8BAB1F9DAB3B3BCDCBBB3FDDEBA5
:105BC000624A0E8CE24E1EAC726A4ECCF26E5EECF5
:105BD0006A5A0F8DEA5E1FAD7A7A4FCDFA7E5FED7D
:105BE000634B8E8EE34F9EAE736BCECEF36FDEEEC5
:105BF0006B5B8F8FEB5F9FAF7B7BCFCFFB7FDFEF4D
:105C000024822490A48634B034A264D0B4A674F064
:105C10002C922591AC9635B13CB265D1BCB675F1EC
:105C20002583A492A587B4B235A3E4D2B5A7F4F234
:105C30002D93A593AD97B5B33DB3E5D3BDB7F5F3BC
:105C400064C22694E4C636B474E266D4F4E676F40C
:105C50006CD22795ECD637B57CF267D5FCF677F594
:105C600065C3A696E5C7B6B675E3E6D6F5E7F6F6DC
:105C70006DD3A797EDD7B7B77DF3E7D7FDF7F7F764
:105C8000268A2C98A68E3CB836AA6CD8B6AE7CF87C
:105C90002E9A2D99AE9E3DB93EBA6DD9BEBE7DF904
:105CA000278BAC9AA78FBCBA37ABECDAB7AFFCFA4C
:105CB0002F9BAD9BAF9FBDBB3FBBEDDBBFBFFDFBD4
:105CC00066CA2E9CE6CE3EBC76EA6EDCF6EE7EFC24
:105CD0006EDA2F9DEEDE3FBD7EFA6FDDFEFE7FFDAC
:105CE00067CBAE9EE7CFBEBE77EBEEDEF7EFFEFEF4
:105CF0006FDBAF9FEFDFBFBF7FFBEFDFFFFFFFFF7C
:105D000000000000800410201020404090245060CB
:105D10000810010188141121183041419834516153
:105D200001018002810590221121C0429125D0629B
:105D300009118103891591231931C1439935D16323
:105D400040400204C044122450604244D064526473
:105D500048500305C854132558704345D8745365FB
:105D600041418206C14592265161C246D165D26643
:105D700049518307C95593275971C347D975D367CB
:105D800002080808820C182812284848922C5868E3
:105D90000A1809098A1C19291A3849499A3C59696B
:105DA0000309880A830D982A1329C84A932DD86AB3
:105DB0000B19890B8B1D992B1B39C94B9B3DD96B3B
:105DC00042480A0CC24C1A2C52684A4CD26C5A6C8B
:105DD0004A580B0DCA5C1B2D5A784B4DDA7C5B6D13
:105DE00043498A0EC34D9A2E5369CA4ED36DDA6E5B
:105DF0004B598B0FCB5D9B2F5B79CB4FDB7DDB6FE3
:105E0000048020108484303014A0605094A47070FA
:105E10000C9021118C9431311CB061519CB4717182
:105E20000581A0128585B03215A1E05295A5F072CA
:105E30000D91A1138D95B1331DB1E1539DB5F17352
:105E400044C02214C4C4323454E06254D4E47274A2
:105E50004CD02315CCD433355CF06355DCF473752A
:105E600045C1A216C5C5B23655E1E256D5E5F27672
:105E70004DD1A317CDD5B3375DF1E357DDF5F377FA
:105E800006882818868C383816A8685896AC787812
:105E90000E9829198E9C39391EB869599EBC79799A
:105EA0000789A81A878DB83A17A9E85A97ADF87AE2
:105EB0000F99A91B8F9DB93B1FB9E95B9FBDF97B6A
:105EC00046C82A1CC6CC3A3C56E86A5CD6EC7A7CBA
:105ED0004ED82B1DCEDC3B3D5EF86B5DDEFC7B7D42
:105EE00047C9AA1EC7CDBA3E57E9EA5ED7EDFA7E8A
:105EF0004FD9AB1FCFDDBB3F5FF9EB5FDFFDFB7F12
:105F000020020480A00614A0302244C0B02654E031
:105F100028120581A81615A1383245C1B83655E1B9
:105F200021038482A10794A23123C4C2B127D4E201
:105F300029138583A91795A33933C5C3B937D5E389
:105F400060420684E04616A4706246C4F06656E4D9
:105F500068520785E85617A5787247C5F87657E561
:105F600061438686E14796A67163C6C6F167D6E6A9
:105F700069538787E95797A77973C7C7F977D7E731
:105F8000220A0C88A20E1CA8322A4CC8B22E5CE849
:105F90002A1A0D89AA1E1DA93A3A4DC9BA3E5DE9D1
:105FA000230B8C8AA30F9CAA332BCCCAB32FDCEA19
:105FB0002B1B8D8BAB1F9DAB3B3BCDCBBB3FDDEBA1
:105FC000624A0E8CE24E1EAC726A4ECCF26E5EECF1
:105FD0006A5A0F8DEA5E1FAD7A7A4FCDFA7E5FED79
:105FE000634B8E8EE34F9EAE736BCECEF36FDEEEC1
:105FF0006B5B8F8FEB5F9FAF7B7BCFCFFB7FDFEF49
:1060000024822490A48634B034A264D0B4A674F060
:106010002C922591AC9635B13CB265D1BCB675F1E8
:106020002583A492A587B4B235A3E4D2B5A7F4F230
:106030002D93A593AD97B5B33DB3E5D3BDB7F5F3B8
:1060400064C22694E4C636B474E266D4F4E676F408
:106050006CD22795ECD637B57CF267D5FCF677F590
:1060600065C3A696E5C7B6B675E3E6D6F5E7F6F6D8
:106070006DD3A797EDD7B7B77DF3E7D7FDF7F7F760
:10608000268A2C98A68E3CB836AA6CD8B6AE7CF878
:106090002E9A2D99AE9E3DB93EBA6DD9BEBE7DF900
:1060A000278BAC9AA78FBCBA37ABECDAB7AFFCFA48
:1060B0002F9BAD9BAF9FBDBB3FBBEDDBBFBFFDFBD0
:1060C00066CA2E9CE6CE3EBC76EA6EDCF6EE7EFC20
:1060D0006EDA2F9DEEDE3FBD7EFA6FDDFEFE7FFDA8
:1060E00067CBAE9EE7CFBEBE77EBEEDEF7EFFEFEF0
:1060F0006FDBAF9FEFDFBFBF7FFBEFDFFFFFFFFF78
:1061000000000000800410201020404090245060C7
:10611000081001018814112118304141983451614F
:1061200001018002810590221121C0429125D06297
:1061300009118103891591231931C1439935D1631F
:1061400040400204C044122450604244D06452646F
:1061500048500305C854132558704345D8745365F7
:1061600041418206C14592265161C246D165D2663F
:1061700049518307C95593275971C347D975D367C7
:1061800002080808820C182812284848922C5868DF
:106190000A1809098A1C19291A3849499A3C596967
:1061A0000309880A830D982A1329C84A932DD86AAF
:1061B0000B19890B8B1D992B1B39C94B9B3DD96B37
:1061C00042480A0CC24C1A2C52684A4CD26C5A6C87
:1061D0004A580B0DCA5C1B2D5A784B4DDA7C5B6D0F
:1061E00043498A0EC34D9A2E5369CA4ED36DDA6E57
:1061F0004B598B0FCB5D9B2F5B79CB4FDB7DDB6FDF
:10620000048020108484303014A0605094A47070F6
:106210000C9021118C9431311CB061519CB471717E
:106220000581A0128585B03215A1E05295A5F072C6
:106230000D91A1138D95B1331DB1E1539DB5F1734E
:1062400044C02214C4C4323454E06254D4E472749E
:106250004CD02315CCD433355CF06355DCF4737526
:1062600045C1A216C5C5B23655E1E256D5E5F2766E
:106270004DD1A317CDD5B3375DF1E357DDF5F377F6
:1062800006882818868C383816A8685896AC78780E
:106290000E9829198E9C39391EB869599EBC797996
:1062A0000789A81A878DB83A17A9E85A97ADF87ADE
:1062B0000F99A91B8F9DB93B1FB9E95B9FBDF97B66
:1062C00046C82A1CC6CC3A3C56E86A5CD6EC7A7CB6
:1062D0004ED82B1DCEDC3B3D5EF86B5DDEFC7B7D3E
:1062E00047C9AA1EC7CDBA3E57E9EA5ED7EDFA7E86
:1062F0004FD9AB1FCFDDBB3F5FF9EB5FDFFDFB7F0E
:1063000020020480A00614A0302244C0B02654E02D
:1063100028120581A81615A1383245C1B83655E1B5
:1063200021038482A10794A23123C4C2B127D4E2FD
:1063300029138583A91795A33933C5C3B937D5E385
:1063400060420684E04616A4706246C4F06656E4D5
:1063500068520785E85617A5787247C5F87657E55D
:1063600061438686E14796A67163C6C6F167D6E6A5
:1063700069538787E95797A77973C7C7F977D7E72D
:10638000220A0C88A20E1CA8322A4CC8B22E5CE845
:106390002A1A0D89AA1E1DA93A3A4DC9BA3E5DE9CD
:1063A000230B8C8AA30F9CAA332BCCCAB32FDCEA15
:1063B0002B1B8D8BAB1F9DAB3B3BCDCBBB3FDDEB9D
:1063C000624A0E8CE24E1EAC726A4ECCF26E5EECED
:1063D0006A5A0F8DEA5E1FAD7A7A4FCDFA7E5FED75
:1063E000634B8E8EE34F9EAE736BCECEF36FDEEEBD
:1063F0006B5B8F8FEB5F9FAF7B7BCFCFFB7FDFEF45
:1064000024822490A48634B034A264D0B4A674F05C
:106410002C922591AC9635B13CB265D1BCB675F1E4
:106420002583A492A587B4B235A3E4D2B5A7F4F22C
:106430002D93A593AD97B5B33DB3E5D3BDB7F5F3B4
:1064400064C22694E4C636B474E266D4F4E676F404
:106450006CD22795ECD637B57CF267D5FCF677F58C
:1064600065C3A696E5C7B6B675E3E6D6F5E7F6F6D4
:106470006DD3A797EDD7B7B77DF3E7D7FDF7F7F75C
:10648000268A2C98A68E3CB836AA6CD8B6AE7CF874
:106490002E9A2D99AE9E3DB93EBA6DD9BEBE7DF9FC
:1064A000278BAC9AA78FBCBA37ABECDAB7AFFCFA44
:1064B0002F9BAD9BAF9FBDBB3FBBEDDBBFBFFDFBCC
:1064C00066CA2E9CE6CE3EBC76EA6EDCF6EE7EFC1C
:1064D0006EDA2F9DEEDE3FBD7EFA6FDDFEFE7FFDA4
:1064E00067CBAE9EE7CFBEBE77EBEEDEF7EFFEFEEC
:1064F0006FDBAF9FEFDFBFBF7FFBEFDFFFFFFFFF74
:1065000000000000800410201020404090245060C3
:10651000081001018814112118304141983451614B
:1065200001018002810590221121C0429125D06293
:1065300009118103891591231931C1439935D1631B
:1065400040400204C044122450604244D06452646B
:1065500048500305C854132558704345D8745365F3
:1065600041418206C14592265161C246D165D2663B
:1065700049518307C95593275971C347D975D367C3
:1065800002080808820C182812284848922C5868DB
:106590000A1809098A1C19291A3849499A3C596963
:1065A0000309880A830D982A1329C84A932DD86AAB
:1065B0000B19890B8B1D992B1B39C94B9B3DD96B33
:1065C00042480A0CC24C1A2C52684A4CD26C5A6C83
:1065D0004A580B0DCA5C1B2D5A784B4DDA7C5B6D0B
:1065E00043498A0EC34D9A2E5369CA4ED36DDA6E53
:1065F0004B598B0FCB5D9B2F5B79CB4FDB7DDB6FDB
:10660000048020108484303014A0605094A47070F2
:106610000C9021118C9431311CB061519CB471717A
:106620000581A0128585B03215A1E05295A5F072C2
:106630000D91A1138D95B1331DB1E1539DB5F1734A
:1066400044C02214C4C4323454E06254D4E472749A
:106650004CD02315CCD433355CF06355DCF4737522
:1066600045C1A216C5C5B23655E1E256D5E5F2766A
:106670004DD1A317CDD5B3375DF1E357DDF5F377F2
:1066800006882818868C383816A8685896AC78780A
:106690000E9829198E9C39391EB869599EBC797992
:1066A0000789A81A878DB83A17A9E85A97ADF87ADA
:1066B0000F99A91B8F9DB93B1FB9E95B9FBDF97B62
:1066C00046C82A1CC6CC3A3C56E86A5CD6EC7A7CB2
:1066D0004ED82B1DCEDC3B3D5EF86B5DDEFC7B7D3A
:1066E00047C9AA1EC7CDBA3E57E9EA5ED7EDFA7E82
:1066F0004FD9AB1FCFDDBB3F5FF9EB5FDFFDFB7F0A
:1067000020020480A00614A0302244C0B02654E029
:1067100028120581A81615A1383245C1B83655E1B1
:1067200021038482A10794A23123C4C2B127D4E2F9
:1067300029138583A91795A33933C5C3B937D5E381
:1067400060420684E04616A4706246C4F06656E4D1
:1067500068520785E85617A5787247C5F87657E559
:1067600061438686E14796A67163C6C6F167D6E6A1
:1067700069538787E95797A77973C7C7F977D7E729
:10678000220A0C88A20E1CA8322A4CC8B22E5CE841
:106790002A1A0D89AA1E1DA93A3A4DC9BA3E5DE9C9
:1067A000230B8C8AA30F9CAA332BCCCAB32FDCEA11
:1067B0002B1B8D8BAB1F9DAB3B3BCDCBBB3FDDEB99
:1067C000624A0E8CE24E1EAC726A4ECCF26E5EECE9
:1067D0006A5A0F8DEA5E1FAD7A7A4FCDFA7E5FED71
:1067E000634B8E8EE34F9EAE736BCECEF36FDEEEB9
:1067F0006B5B8F8FEB5F9FAF7B7BCFCFFB7FDFEF41
:1068000024822490A48634B034A264D0B4A674F058
:106810002C922591AC9635B13CB265D1BCB675F1E0
:106820002583A492A587B4B235A3E4D2B5A7F4F228
:106830002D93A593AD97B5B33DB3E5D3BDB7F5F3B0
:1068400064C22694E4C636B474E266D4F4E676F400
:106850006CD22795ECD637B57CF267D5FCF677F588
:1068600065C3A696E5C7B6B675E3E6D6F5E7F6F6D0
:106870006DD3A797EDD7B7B77DF3E7D7FDF7F7F758
:10688000268A2C98A68E3CB836AA6CD8B6AE7CF870
:106890002E9A2D99AE9E3DB93EBA6DD9BEBE7DF9F8
:1068A000278BAC9AA78FBCBA37ABECDAB7AFFCFA40
:1068B0002F9BAD9BAF9FBDBB3FBBEDDBBFBFFDFBC8
:1068C00066CA2E9CE6CE3EBC76EA6EDCF6EE7EFC18
:1068D0006EDA2F9DEEDE3FBD7EFA6FDDFEFE7FFDA0
:1068E00067CBAE9EE7CFBEBE77EBEEDEF7EFFEFEE8
:1068F0006FDBAF9FEFDFBFBF7FFBEFDFFFFFE23A52
:1069000060D9470D6A8607A2A6A21BCADA39726D42
:106910003057DFFE24EBE02D83B21A2858668B2314
:10692000FE83DBA8414279602941C463DEA78B580E
:10693000338381DCB16E102E216382B335532E6513
:10694000FF02A3463FC6059630AC00061023AD6299
:106950008181056908453B2D3AF4CE0832F03EBBF3
:10696000ED277D0001025548FDB7C4CA9F1BD40A1C
:10697000A3D5425B0FD78435A6F3D4F56237729A5C
:1069800062D14B05394EB9D5424A174E5BBC5E0405
:106990008A0F8BB3CB9894847DBA5E5BB25EA065A0
:1069A0007CF18848AB6F1A705CE4CEC679A91D6A89
:1069B000C77B7249749F8E81DB7E20B4A3435866E7
:1069C000EF379702020BF3D3922F8D22FA0ED8D60F
:1069D000B19AAAB20A59A22B18FCC60027905F529E
:1069E0007BB60903031F43519378E24699E91F01DF
:1069F000233B8D8302C49D43A4FD0AF3A2F9D75221
:106A0000001EA2DA637B5370B82F9F8DA966D10F49
:106A100044F29E7400166A4B36A4E25CA45FF27CDA
:106A2000D36322A8667BB6FEF44DA010FDC7477C59
:106A3000357F0D1EB56B1D3EE073400C5DE7527552
:106A4000587AA0AE0D5434587C829F582FC3D38BF4
:106A5000B7A243150C93DA339CB7A453E40EDF7846
:106A60000FA3CA1B2F47A5346D63F5D44567E564B2
:106A7000B2AFC1570765B5BB9479CA4FA2D252A82D
:106A80007B0A739279FECB877ECAD3565F7D7E14D4
:106A9000F1A68A94224AB47B7E74221B96B97FD5D4
:106AA0003F0D61D0E741AA782F2D29557D29392244
:106AB000701BBE9989BCB87BB36FEFD78B39300A96
:106AC000BDBAD9A3510E9B4396BA24F7628E857A3C
:106AD000601F2DBDF637B830DE7CF06F6A9EC0189F
:106AE0005B62AC72AFAF0D3082E981CD1E6D5B6130
:106AF0005B99805D0F8E8C399FAB251DE713577214
:106B0000A07C863A6041D3E250EE06820F64F5A283
:106B1000BFEDF45205D4B45E3870E47CFAB2D84CC0
:106B2000EB61F7828B49095F9DF5C20E1DE056B8F7
:106B300049C7E78CC17562AD115130CF15B82A3EF7
:106B40006D020AC60AC2D7228DE64AF9DF198F788C
:106B5000FDD6C2ED448095FFD4A441496F89D4E8A5
:106B60004F62802A818B84E411AF9C844A3D55EBAF
:106B7000098A9C8AAED31A0A1BF74AA92A28B7E7C2
:106B80009675AF8E9AF59FA50A55CDC553D0A5DE53
:106B90008668D38F2E9AD48896ECCF9380D16A6979
:106BA000E9BB8A06635D85A253E7DE88CC554E7546
:106BB000E1B32E006B4D1C2679BF4066C6D5DB8B3A
:106BC000996DAF73221C6E3112A6148E5DDE5633A2
:106BD000C69D82CFD2209EA06900CEC081FA9A25A0
:106BE00059B175CCCB2D67A2DF18C84227FC7F5165
:106BF0006D7A8ECF541D3EA944396E129BB3FCE2D0
:106C0000E4D0661BB83CB6EABDE26892B867F64AC3
:106C10007F16BEA3AC9635B114C0BB2E7CE49DB3E9
:106C2000DA709A3D3E03FCAC1B82E25E7B23319D11
:106C30004D5FA7D1B12D370967B7330C117077A914
:106C40004E574DE7AAB83014DE4160B809C2F4AE21
:106C5000AC193DD72C91DE4A68123B97C40DDBF886
:106C60009A32D4495345FD6B9FA4E076B5850593D0
:106C70004744A15BB4C2B117D1A0E1B706D056B664
:106C80000C1A47EB6AEC7E473A6BEE62F42AF15538
:106C9000EE51379F2EDF7ABFFEE885DF96DC84F564
:106CA000277ADEBA13EDC1B37E2F29B577E80367E3
:106CB000E613AB3BE0FA1C37F633EBB787C17CF643
:106CC000124EA3522B4C75614B68795E8EFF5C7738
:106CD00036C729F1275639D15468ED875E8C1DD50A
:106CE000CB4FE6BF27DE52B8B7AC299CF7DEDC51AC
:106CF000415FA3A2055B32F23E7F627281F8DB93B3
:106D0000E5FFF556B8FABC2D28DFEC4D6B5F6ADF66
:106D10006DEBF0175C531FFE6017BC4E3F328505CC
:106D2000D80577BF97676FFF7145C7BEAA8D23232C
:106D300072633E3C36906E6279E8C64E240C2EEEAD
:106D40008045BB89BE43B365FF82EEB99F99F3F7D7
:106D500031D46EDBB5BE1745608FEF4861EA52E76C
:106D60009C433539FBBF697929E3CD452A226F90D1
:106D7000727501EDF4272838C9F3E324E18B7F6AAB
:106D80007B0C04352F738574ED0FE909C1D2D7C58B
:106D900045D8A876F338D1FAD3A14DE97918DB8329
:106DA000C318640C38437915D35C1F4C33B2310ED1
:106DB000BF7B3E6E2B0EE34FAD5B3E2EAC5F2A0ECB
:106DC000742AFD69425C79F06A3842432D1F609A4B
:106DD00084FBAAD2213EF07ECABFC9D721BBE69B65
:106DE0007BB6AE08FC1318646B39CE412C1EE8B894
:106DF000FF3B744E7F3F705C161B114962E3DA8FD4
:106E0000BF25EA1DBC066B0A7479345DEA118DD189
:106E1000316A279133761537B09467318C11D0FBE6
:106E20007A7BA4727AF71357EE8641ADAD81537425
:106E30005713FAC3C25510EC20FB104FE25750F91C
:106E4000C4C4EE99114679FAB362314E56AA83282A
:106E5000D7D46BF0E2B7D851A372382F616FCC282A
:106E60003E3A204C059658746D7FC65B789E6F1A2B
:106E7000752E0F1AF53B1F3A67134FAABE1B7EDA19
:106E8000BD6A84E532EEC7433BD3F1046D4EFA3957
:106E9000B50A2D580EAED27DE568355F29DE8A1C15
:106EA0007F4E6A1A83A9D335ACE7CC5798897A907C
:106EB0003129C116A97F357B506C4A86A746DDDA99
:106EC000261DD2E03B2482F12ECC01538377914FD3
:106ED000DEBAD478B075B997489A0BD28F8EC0625B
:106EE0003FEE5711B965AAF3D7EDAE6EE94528D14B
:106EF000775BE438A1BFF81F21FF0ADC6C51070C57
:106F000018E9863A30844F7008DDA55F88DD703D52
:106F100010E133C092F431A7B823A9CC0C49F6A0F4
:106F2000ED617FE7FB0337C74EA1D368D1F26CED6B
:106F300049C7EBEFE6C73402C61464C502B59A969A
:106F40000097E889809781E63BAAE752CAE4057E6C
:106F5000F820853F9650F626D8EDB86845E56DB81F
:106F60009A642779CFF4F669E10C396B8940758A08
:106F700024B12B8821A41BAADDE1C7189FDFD6B757
:106F8000C7E5F9DE9AF09E12FC1591C7CA09A1E780
:106F90001190BE84559C4679F41DEC1682C5F1E42F
:106FA000DA7016B5246DFCAA87546FCC234D2F8F51
:106FB000D03C2C7493A36AEA8F59328AC58B71E650
:106FC000029311831B69BFD3E2183133CCC73E1340
:106FD000117DAE32223CBE021AB6158C0590D290BD
:106FE000D7A9AA83582F88A8A89635510E1CEC6DF6
:106FF00094057E533A783E001BA3D4C29C110DE544
:1070000032E0444C20F7DD837E40A55A8C96365FF3
:10701000B461A9D07868C81073D7C42E2CD91DB517
:107020005B854511B3374B3FB28447D415D596984D
:107030003BF1C55C956840D01763B99242C59F97F4
:10704000CB208A697FA62EAFBCC60ED98F1D709447
:10705000D8B0A5FFEDA0DC864642689443B4D620A4
:107060001DE7076950B15DA567670D92C89977FB69
:10707000AD8C04F241A48D11450D4BDAACC8CDB5F1
:10708000588CCD1B36FD023E4F2E01064DE9814E38
:1070900056BDD09667BA8E44365069B9F17ADC266F
:1070A000EF782047A7FC8A3C0D4557A10C35D8FC4A
:1070B000BF19F6913A6048E80239B6EF0BDD02BA23
:1070C000D9280A91303D0411892D4AD1D86EFDF19D
:1070D000A27AF292BF5C64B985DE13723EEE1CBCEC
:1070E00098EC0F98B65CD81188991D61082D5F2126
:1070F000DBA40CDED7E640B9DF0BB00C20FFDBFFD2
:1071000060D919423B96102A4BFCC0E015E3ADE66E
:107110000372DFAE80B17AB222CF47AFD030D183D5
:107120002B4602B8868159094E1DB3B8445B1262E2
:107130008593DA7B89E4EBF3552EFB01354A13F096
:107140008DC4CF84A091FE290E21BDB1A8E61D43B8
:1071500088075BD80807E367628F45AB16C355E91C
:107160009C18B5463CC1091E5D45B19C1133836036
:1071700061337E0B63C011CD156EF9066C8D9CDCFE
:107180003A96E34096A295D53C4CBFC329BE5860C1
:1071900051C476298A5C0547648DE544D4429B69D5
:1071A000B664F385E1006DAC78AD0D1551EA25ECC0
:1071B000CBCE82DF348FC5F6659144E6D324DFC79A
:1071C0007A3A758FF72EE94932BDEE41A6EE01EA13
:1071D000C4764E384A266E26A55FEAB10DF89208AD
:1071E000B8B2797BFBB6E7254BD46643EB82DC1360
:1071F0004573CA4D0AD95E2E9B2A2B491B2B8FF44F
:107200006225D5B6DA3D6C34C6FF0AF32309842320
:107210000CB4AEBCCEEAF331C98E47A44FAB0F1D00
:10722000D5C1ACE9DBC24DB4EEBFD6A6557602A6F9
:1072300059028FBE85983ECEC95CA311A308337056
:10724000AC332BE94740FB6286E5644AFA13453DBF
:10725000A0A32A933150A856852558B2DC0515C73E
:1072600017C9491EA510023BB5652786886799D5C1
:10727000B2A2A29E0D861F750340E3FC1D22AB71D6
:10728000561B0E6DE415CDBEB8B89D54A810BAE2D9
:107290002E1CBCDD48DBC4BFAD18957AA001BB6BCA
:1072A0009AC9BCA1874DBC3E2FD669579FA9F1C191
:1072B000356ACB1F4CE37B3BDFEAEB55A1013B93E7
:1072C000665AAA146CECB8D684ED6E424EA2DB77F7
:1072D0001099D4194AFB9AC4052D107AE602D7708A
:1072E0004638AB1E72AFCF35B76D2BB90D6FA17499
:1072F0008B1E423797C1BD939F3EE41D207FDE3534
:10730000701D2EF5C20617E0E2B1766DEC665E4B9D
:10731000F713036FCA96E0273B412367FC34098DBE
:10732000BCFAF0128192195F67B0AACAE227BF5176
:10733000650DA377A957D3CD68CC2C6006A59E3EDA
:10734000E429E7FF8093AAA9BE51E73B3E9FB8E23C
:1073500011D6470ED02B34D55649C52F381929A739
:1073600060AF81B97AA79AC3C5011B84BEF577992E
:10737000462C5E1B89826FE5CDF7025FD74DF3A5E2
:10738000F68857B31D9C1275549FBBCCD02E5D2838
:107390007E64C78A6A4D36A16B652E4EEDBAA55A3A
:1073A000E35D7D2CC10F9F1A736C2D6CED97DC4152
:1073B000230302767FEEEFAB5D8E106A0E7A69A32F
:1073C000D9108D8148879C4612BFA68EDC2369A503
:1073D000C621D17240CB66A6A3AF74EAFA8F395F9B
:1073E0009C892F51544DE8EC5944F1EEAEBBB54D9C
:1073F00050C5520E6B25EAA425CACF643BA887ADC1
:10740000257B92D2AC12BB4D0C5DE7DDFCA27D4B1F
:107410007E16ECD8AC566DF3D0CDA731C33279CC03
:107420008C956CEBC7B74134CE27A45975F4F66D33
:10743000D66394D18376B4D08621E5D960DDC2933A
:1074400006C3CF9C0E4479A1DEFE153ECC1CDAF9B2
:1074500024C64C9D3852FE20B076A2379C2FCB28F4
:107460007FC16492DD28B0882A54E0B88A638DA871
:107470006D22AEB78D020FF5BDA071D185D00AF88F
:107480008C64C73BF8363C13B6A822B476F9240CBA
:10749000102A91E002E1FF185CBA6C1BB0A43C2CEE
:1074A00093E94759F00F3CF28839FC0739B1B94EDE
:1074B000778FD614140DBDB3D3C42F8B6C8083800B
:1074C000CAB9501A4C07BC56B8DDCFA336BD91FAE5
:1074D000E01A3F99D65C705A50DD69114A9C84BF0E
:1074E000DEB8D81852AD41DBB720F79C6F3F5F6123
:1074F0006F2AAE9F403D13426F7F261124357D4594
:10750000377EA365B4B29722F7E04C4DA8287022CD
:107510003F94C4E2CAF691E1C1547A8BB36471FD21
:10752000BEE302B8E1C1C62F13C3FF621585AAE20C
:10753000A06F147FE9D1C7A8D96A2F45F974D1E8A3
:107540008044CE023FF61A94688FC149D469D0FEB8
:10755000FC2FA060904191CF3012F03818A29261B8
:107560000EE27709A19DE12BA8A363798A07F1C6F2
:107570008940100779453023CE8E769419F780DC48
:10758000BD478AB206EEF9B75DE8BD47B2CEF4F565
:10759000B535F6D4C11EB8221ED46C72A0DE116AB5
:1075A000B68D4DE9DDAD9C2CA7566B31EBA9550589
:1075B000DAE70BB1099FCA6F7BBD10AC407CA66BAC
:1075C000424802788633391CA90330F3EA8C426AB8
:1075D0002858084DB85D1F2970A04DEDDE78DB6D91
:1075E000973AA460A395E9236AD1390C98957BE971
:1075F000676A09B5CB2F19C5ED68A9631B322769E6
:107600004662C175FA34365C34C29F5BEA14F239C3
:10761000568182174CD39A9C53D5C03D48F3AF7B1B
:107620007D03854E7975303D9582065438C70FDF4E
:1076300095DF007F5D113C3CD94AC35E8B9AD3260F
:107640000C1DA05D8C40F7306C9DE03E15662170EE
:107650002C098518B4F3CE3A64722C300B76207165
:107660006AA35D7AA51CB5CA95831D33D707F46854
:10767000AA2E21ADAD0C213A9DA76351E515B73572
:107680006488295BB82D3E5451886E4BC2875ED505
:10769000414888E6227ED05A875843A46182DAF4B2
:1076A0003F190B1CFFFEDA78071082F7C52931B0AD
:1076B0006FFD3416F78C9B3D47856BC1E44610186F
:1076C00032AAE81CA615793398DBB753781687736E
:1076D0008E8A785FAE05703211FFCA5BFE1E5F7B3B
:1076E000BCBB59A1A7142033E3964958479F78E4BF
:1076F000E30FAD7FAF042D3291CE485994FF985FD0
:1077000097E0F7E598660B3050FB431D8786525B88
:1077100067C7A47E5792D0BFF8603EC747B2D88EE5
:107720009EE17F84C1C371AF490439CD605837628F
:10773000110C2606D710340CA1E318CC06D552E163
:1077400094C68B4A50A410F8A5F368E8BFA6F71BAF
:107750009375A67A280072A3B83580C338F29601D3
:10776000019A2C8B81C5D99337E19DA14505548C95
:1077700053A97CC52778916BE12DC1AB99B2F51B5C
:10778000DDCDF57EF629BD078655EF89E2AE50AA1C
:10779000EA9828F512ED91A4223EE5CEEA3077DD95
:1077A00018982F8273709A66536ACCC76C0EF89E35
:1077B000711F2EEED5BA31A693BB4F516B4D368853
:1077C000E6218C363ECC456A4C95484C8A49A3E369
:1077D00050A96D2026DABE52E6188EAF3AAC6891F9
:1077E00097CFC66BDB2FE5A8294F4C7463EB517321
:1077F000391C45EC5F3D1D15BFABC3CC443062E482
:10780000C342289DEF5F954F94C047C174F423B2E3
:1078100062F0DA97D48717B764B6CD16DCD2A4FC31
:107820002761262865C01B4F5567B2DFB390BC9116
:10783000B5C904FFE64F144C1D236749AB071E7002
:1078400059B8A799841F71BB3BF0C7D28C62A33390
:1078500044B0DA998C0F78BA37F1C6DE168A71EB2C
:107860005A81074B851E78BBBBC945D0352D4CB41A
:107870005557660D8D0F3FBAFA71B4D32A733A6823
:10788000C14A209566C9934516C84FCA966CFEB189
:10789000E4F8D29FFEECBF23663EEF9341427D9C0D
:1078A00025692E20DF9E9E1A577368D71ACDBE8594
:1078B000B7C00CF70F7D44B8FCD9CE9B87448EFB34
:1078C000A68DE99ABEC7BC264E5866CC5B91E3BE36
:1078D0005420D4426EDC67BB7A18EF1C7C7C2CF9F8
:1078E000FF900F61C7AD5C9E173E4A559E1543F74A
:1078F000AFDE1691A4261E381F2394D2A5FE5CBECF
:1079000059B6E581A6E61555DDC2ECCB44DEA9BC2F
:10791000F3705183580B95F5D443304EB13CD1C12F
:10792000FC619683D12BBA176BC342F8AA7B419FA7
:10793000110DE1432D919D8A79E98E4E3590040019
:107940000A22BD463F36D024E41FE1B1B6DCA7C20F
:107950008632FC6096B617D8628BBF46F6F8FF00F9
:107960002CE400BC3AC78D6905E5EBE404A5BA2414
:1079700071D3D8E909418BFA9926CDEAE18F7F6A64
:107980005A918AB27D32BBBD72F10B4739E6E3E909
:10799000456589190A0BF8B6AE4B234665BE0283CE
:1079A0001C0BD00C0B369568A75AAA456CD22DE952
:1079B0006BC0A20FF46EE3DA7BE01D09E31A2464C6
:1079C000EDAAA6F1D42E724806EC8BD5AD2BA7DA22
:1079D000F03A49A27E3E4E269A2F45E01A2F4D08D6
:1079E0003B6D0844BD4A3BF10C68364D68F7D9EC55
:1079F0001F2B600C4FA0936E0FFD02B16F1F2C0A5E
:107A00003AED8316FA39C1936C84FC53FD22F038A9
:107A100043408274D9E70B3A26431BFED35DACDAB0
:107A20004E5501145676C692B400781155F6A52924
:107A300033350276ED8483374E42DFFCCBB59AB006
:107A40001BC1DE17C9843ECF6E453B5F000F931705
:107A50001C54EAEB5CB6C87713D2C28468D3D2AAAE
:107A6000857095BBC1E1CD36D51EC650AC613B24B7
:107A70008D83C8B712C44E59A261145169970CFA8C
:107A8000382D8B1EA5B342EDC75B61F79428B7C8AC
:107A9000E03888C95FB3306CCD4B5BF6CC7712DA37
:107AA0004892AE96D4B686AF1F5A96F5C90807D14C
:107AB0006F402F5987B6C72E4AFE0068D04C9F7B77
:107AC00016CAF31AA4CD1EE81D3DCBE3AD17C78D32
:107AD0009EFF8AB299C74D7F489A0BD2F0FE9A0654
:107AE0008F170BB112D2C8AACC09ACA328838C3C47
:107AF0009BFE0AB0E151BDF321FF0ADC5B1340603D
:107B0000A4805F64DEBFFD331AF566CD9033B5E621
:107B1000FC35A42EFEBBFED2F86144C7C0B40EEB08
:107B200019F0A22D72F4E61FB2A19F36FEF27787FC
:107B30007BE0EF8592A6A30C76B1C30F81B58E09C9
:107B40005EE28B22809E41A9B0302DC2C857241B13
:107B5000FB63259A888E50E70055AEA6D67FD706E0
:107B60003583F60D1EB5B7D6B9BD2F85CFCAA0A4F3
:107B7000D133A772051E96C701542E443924C1EA99
:107B80006DCA6FA8737D15099C28408AAAAA5A4419
:107B9000523D6EDEA2AF18063AB816FC15CF37E993
:107BA0005B2CEFF02FFC95079902CAC638C387D12A
:107BB0005399D6E1A364F75880D96136E58B9DA926
:107BC00032CE272E3D4F3AAA0A4DA76F0949FF939F
:107BD000AAEB3820903E03AB4E18B872A953E04090
:107BE00059B0728DA8923F510B4F4C745A114B43B0
:107BF0003BDF4E16A08A99C1CF19B7702ED36862A9
:107C00000AC2A62A7702743B52178DC3EA1334B214
:107C10000C97235D8B3BE5E2021B0DDC72C8D6940A
:107C20004107617E023E60215317E7EBDDE17648B4
:107C3000381724933D15EEF9C2C0D7B002557749E5
:107C400036E5873BDF554469B911EAD934F615B6F4
:107C5000542D8B98CBD0E7D1244618F54889D4B45D
:107C60003341FDFD836AB7F48EC4470EDB6B03F925
:107C70000D17706B59F01628ED71BCF2A441127EFD
:107C80004653C0459E711D98CD85428D78CC8B9D05
:107C90004E432E1296FE51B49E49E19B50DC8E9CC1
:107CA0005FAC5195200DE7906580862E8F507E4009
:107CB0002B790110BD9E4636BBCA06B387447F416F
:107CC0001EEDD39352ACC5D24E15EC66748E7AD8A5
:107CD00091FD8E9BA6423911D26516D603133F0241
:107CE0000712C59358544B2847899201AA17E545B6
:107CF000A7B972902E5B7ED3EB8562293F28F402F0
:107D000058E482BAE0C5F22DD510B749A8DBDD02F0
:107D100068D9F20CB2EF930B0A3462D3A009DCB736
:107D20002485459F7E2231FD12B1E1926AA78B67BF
:107D3000EE939A7CEF77629E79E8BA47DBCA53F9F3
:107D4000783F8309A020C32B1FA0BF4B3806A50195
:107D50008803010BA830CA2A20F218234594D0C802
:107D6000F2087E5EA19CD52B08D96723E99A8ADBAD
:107D700071AE000A594BB1D361F3980DD0959B5A5F
:107D80003A9609012E961B0B13AA13F35C4ED79E4D
:107D9000F13FA8F6B22CFB86C15AC95939CC5166BD
:107DA00063C03307BC3C398B33204AF0DB385AF0D0
:107DB0006BD066062B6FFB017BE0BE460B4F5BF181
:107DC000B9CC4A87963F7C8E2AEA11D82D905A2D3D
:107DD0001081A8689C2F7DAC15BDAA42E21C236BC4
:107DE000D3CBD16B11AD9E8C6B96314843EF896A32
:107DF0001133280934A2728CEF0268B217F97AB0F5
:107E0000AB38D77CBFDA6834E6D342F831E891EF7B
:107E1000800E2213B46BC45D5ED071D19F5FC233FC
:107E20005F837E99AB07FFE541FC0B51EA489A2935
:107E3000A1EE63176A55F5354528E75D19DE100890
:107E40008F228E9FFA7053142CC7C1152B140AC5AC
:107E5000D6A280B8F274FB16C420BE5ABC30967805
:107E6000D52320FCCB74910A95B39950AC9A553721
:107E70005655649EB551BF81E98E4015CFCC403A2E
:107E8000BD1A0B12CB7A5B7816AA2C5EF642C3673A
:107E9000549C8A58C81E621C993A32BCB6DE807562
:107EA000810BEF29FFA9BEF45CAA495357BD9BE79C
:107EB000A3E66B1FB7621536DFEF8C5DA7C378763C
:107EC0002610651356D32BA878A55D15A4ED7EF179
:107ED000B1FF8A1B3122C0995E090DEF648C6B746F
:107EE00027000113CAD6AFB30A3D81FD2FC9C9B916
:107EF00004157610C2DA73679F336D1D1C793AC082
:107F00005B25A53FDE01B53F7AC0BB4C13C470FBB7
:107F1000201AFC77076CC81C0692A7E1A0B7D77B94
:107F2000CD9C75540D9897C27B3E2FC14351B5022D
:107F3000D669535CBF75FDAE3FC2E73C1A55F66388
:107F4000AE36E78BB2B910085AB21AC24404A9E29D
:107F500072D0544F4CD21B0C72F6CC7C3820C4A784
:107F60005F2E8048FC5812093EB2C06A3911775919
:107F700011D19CA89624F10619AA88CAD386558DDA
:107F8000028B8EB2B0BDF7EC123FA5CB6D2FDCA8F3
:107F90001085D0020E7CEEC73EBE82071941FEA8B6
:107FA0005E8F4DE699BF97052B2EA7C96C2F5E708B
:107FB0005985503A485F91779C9ACB859C7749D3F5
:107FC0005AB5A281DAB1F70F8D4DEFCAA20CA9897B
:107FD000127DF2824E2DBC19CE05EC8C50185961E1
:107FE00003939D7237501A0138B313C1CB9027AC5D
:107FF0000B82230493DB933841F99C55A597ADA2DE
:108000009F1062983379D5D37B89621C0BE4D50528
:108010007609F39B866DB72BE3B2412A475A70CAA3
:10802000247324642AE7F7F0E95EEC93BCD5074D8E
:108030002E11E2A064F546D63D9767F93A33341C19
:10804000D0BD85D544BD30785A15519D5862B36373
:1080500094503C9AD425B3A17C0301673594849055
:10806000D121A0430DA505D328618D75FD63746CE6
:1080700055F7250D4990691ABD39615AC50C296A11
:108080007C8F8FD99E75B14E50C84F18DECCC3F689
:1080900056BE1E5E6EC8A7B3469EEFE3C37CDCBB34
:1080A0001D09EBA99C11BDCB57620B5A8F417FF77D
:1080B00095AB12923D1DE69EC54BE5D4915308F752
:1080C0003DA80D8442503FFE168EFBD315AE36BE42
:1080D0006C27279967D8F7851E9EF2D221FF5B0691
:1080E000D3A94CBECAB4271A1732ADD35D64FF9E24
:1080F000EF26AF994BB4B9731F22A4D2FFDBFFFF69
:10810000A83A826134E692BADBA4D3A490245060EA
:1081100068306F8AE8CC562C6034A13E98345161A7
:10812000C4F14A0DA1673C2D91F287E99125D062F7
:108130000DF30302E9CDC62CA8D3C7489935D16306
:1081400040400204C044122450604244D06452644F
:1081500048500305C854132558704345D8745365D7
:1081600041418206C14592265161C246D165D2661F
:1081700049518307C95593275971C347D975D367A7
:10818000547A0EA4E2D45725ED0C91B5922C586880
:108190000A9CCCBD1A6F2F88248C038A9A3C59699B
:1081A000A9F98005E3D5C7253C733DD6932DD86A40
:1081B0000B19890BD8E2149D433D83E89B3DD96B95
:1081C00042480A0CC24C1A2C52684A4CD26C5A6C67
:1081D0004A580B0DCA5C1B2D5A784B4DDA7C5B6DEF
:1081E00043498A0EC34D9A2E5369CA4ED36DDA6E37
:1081F0004B598B0FCB5D9B2F5B79CB4FDB7DDB6FBF
:10820000F6F6410080A0E5ADD4EA604B94A470700E
:10821000D214E07D1C10F8257C69385E9CB4717125
:108220001DA422A82EDA49CE46DE47DF95A5F072BE
:10823000CDC753198585B7FF440944589DB5F173DF
:1082400044C02214C4C4323454E06254D4E472747E
:108250004CD02315CCD433355CF06355DCF4737506
:1082600045C1A216C5C5B23655E1E256D5E5F2764E
:108270004DD1A317CDD5B3375DF1E357DDF5F377D6
:1082800047802EB8B0A83E941455605C96AC7878C0
:10829000F1E21AFE3D9BC57D554094569EBC79790E
:1082A000A7F6E918BA4DB07B9754E85C97ADF87A19
:1082B000CF8837961F9DF93B8F3BC5299FBDF97B22
:1082C00046C82A1CC6CC3A3C56E86A5CD6EC7A7C96
:1082D0004ED82B1DCEDC3B3D5EF86B5DDEFC7B7D1E
:1082E00047C9AA1EC7CDBA3E57E9EA5ED7EDFA7E66
:1082F0004FD9AB1FCFDDBB3F5FF9EB5FDFFDFB7FEE
:1083000020020480E80FE9E20E962CCDB02654E05E
:1083100028120581D014557A9F34AEA5B83655E1A0
:10832000210384828FD36B77CE50AEA1B127D4E2E4
:108330002913858376EA6A2E02286681B937D5E348
:1083400060420684E04616A4706246C4F06656E4B5
:1083500068520785E85617A5787247C5F87657E53D
:1083600061438686E14796A67163C6C6F167D6E685
:1083700069538787E95797A77973C7C7F977D7E70D
:1083800022F772CAD9F538EAB690A50BB22E5CE88E
:10839000EFEA61866A48F5E8AAB81671BA3E5DE967
:1083A000FD580EEB8D059D2A3D9AEFC7B32FDCEAF1
:1083B000C321A9906B4C24A10389C55BBB3FDDEBB6
:1083C000624A0E8CE24E1EAC726A4ECCF26E5EECCD
:1083D0006A5A0F8DEA5E1FAD7A7A4FCDFA7E5FED55
:1083E000634B8E8EE34F9EAE736BCECEF36FDEEE9D
:1083F0006B5B8F8FEB5F9FAF7B7BCFCFFB7FDFEF25
:10840000445AA49F24863CB06E31627CB4A674F0BA
:1084100054B6CCE8AC9635B1FCE4BDD7BCB675F12A
:10842000455B2612A187B4B29FD147D2B5A7F4F21B
:10843000765EDEC4AD97B5B32D0604DCBDB7F5F3AB
:1084400064C22694E4C636B474E266D4F4E676F4E4
:108450006CD22795ECD637B57CF267D5FCF677F56C
:1084600065C3A696E5C7B6B675E3E6D6F5E7F6F6B4
:108470006DD3A797EDD7B7B77DF3E7D7FDF7F7F73C
:10848000F9E05B22A68E3CB8568A06D7B6AE7CF8D9
:1084900035623222AE9E3DB9648FCE98BEBE7DF964
:1084A000E7416037A78FBCBA3729C0A8B7AFFCFA3D
:1084B00055668940AF9FBDBB5F639ED6BFBFFDFBC6
:1084C00066CA2E9CE6CE3EBC76EA6EDCF6EE7EFCFC
:1084D0006EDA2F9DEEDE3FBD7EFA6FDDFEFE7FFD84
:1084E00067CBAE9EE7CFBEBE77EBEEDEF7EFFEFECC
:1084F0006FDBAF9FEFDFBFBF7FFBEFDFFFFFFFFF54
:1085000000000000800410201020404090245060A3
:10851000081001018814112118304141983451612B
:1085200001018002810590221121C0429125D06273
:1085300009118103891591231931C1439935D163FB
:1085400040400204C044122450604244D06452644B
:1085500048500305C854132558704345D8745365D3
:1085600041418206C14592265161C246D165D2661B
:1085700049518307C95593275971C347D975D367A3
:1085800002080808820C182812284848922C5868BB
:108590000A1809098A1C19291A3849499A3C596943
:1085A0000309880A830D982A1329C84A932DD86A8B
:1085B0000B19890B8B1D992B1B39C94B9B3DD96B13
:1085C00042480A0CC24C1A2C52684A4CD26C5A6C63
:1085D0004A580B0DCA5C1B2D5A784B4DDA7C5B6DEB
:1085E00043498A0EC34D9A2E5369CA4ED36DDA6E33
:1085F0004B598B0FCB5D9B2F5B79CB4FDB7DDB6FBB
:10860000048020108484303014A0605094A47070D2
:108610000C9021118C9431311CB061519CB471715A
:108620000581A0128585B03215A1E05295A5F072A2
:108630000D91A1138D95B1331DB1E1539DB5F1732A
:1086400044C02214C4C4323454E06254D4E472747A
:108650004CD02315CCD433355CF06355DCF4737502
:1086600045C1A216C5C5B23655E1E256D5E5F2764A
:108670004DD1A317CDD5B3375DF1E357DDF5F377D2
:1086800006882818868C383816A8685896AC7878EA
:108690000E9829198E9C39391EB869599EBC797972
:1086A0000789A81A878DB83A17A9E85A97ADF87ABA
:1086B0000F99A91B8F9DB93B1FB9E95B9FBDF97B42
:1086C00046C82A1CC6CC3A3C56E86A5CD6EC7A7C92
:1086D0004ED82B1DCEDC3B3D5EF86B5DDEFC7B7D1A
:1086E00047C9AA1EC7CDBA3E57E9EA5ED7EDFA7E62
:1086F0004FD9AB1FCFDDBB3F5FF9EB5FDFFDFB7FEA
:1087000020020480A00614A0302244C0B02654E009
:1087100028120581A81615A1383245C1B83655E191
:1087200021038482A10794A23123C4C2B127D4E2D9
:1087300029138583A91795A33933C5C3B937D5E361
:1087400060420684E04616A4706246C4F06656E4B1
:1087500068520785E85617A5787247C5F87657E539
:1087600061438686E14796A67163C6C6F167D6E681
:1087700069538787E95797A77973C7C7F977D7E709
:10878000220A0C88A20E1CA8322A4CC8B22E5CE821
:108790002A1A0D89AA1E1DA93A3A4DC9BA3E5DE9A9
:1087A000230B8C8AA30F9CAA332BCCCAB32FDCEAF1
:1087B0002B1B8D8BAB1F9DAB3B3BCDCBBB3FDDEB79
:1087C000624A0E8CE24E1EAC726A4ECCF26E5EECC9
:1087D0006A5A0F8DEA5E1FAD7A7A4FCDFA7E5FED51
:1087E000634B8E8EE34F9EAE736BCECEF36FDEEE99
:1087F0006B5B8F8FEB5F9FAF7B7BCFCFFB7FDFEF21
:1088000024822490A48634B034A264D0B4A674F038
:108810002C922591AC9635B13CB265D1BCB675F1C0
:108820002583A492A587B4B235A3E4D2B5A7F4F208
:108830002D93A593AD97B5B33DB3E5D3BDB7F5F390
:1088400064C22694E4C636B474E266D4F4E676F4E0
:108850006CD22795ECD637B57CF267D5FCF677F568
:1088600065C3A696E5C7B6B675E3E6D6F5E7F6F6B0
:108870006DD3A797EDD7B7B77DF3E7D7FDF7F7F738
:10888000268A2C98A68E3CB836AA6CD8B6AE7CF850
:108890002E9A2D99AE9E3DB93EBA6DD9BEBE7DF9D8
:1088A000278BAC9AA78FBCBA37ABECDAB7AFFCFA20
:1088B0002F9BAD9BAF9FBDBB3FBBEDDBBFBFFDFBA8
:1088C00066CA2E9CE6CE3EBC76EA6EDCF6EE7EFCF8
:1088D0006EDA2F9DEEDE3FBD7EFA6FDDFEFE7FFD80
:1088E00067CBAE9EE7CFBEBE77EBEEDEF7EFFEFEC8
:1088F0006FDBAF9FEFDFBFBF7FFBEFDFFFFF0D98A9
:108900003B30FFFFBAB40F8FA44281CA2A003B6FED
:10891000B721A0FE3C767141D042E0BEE632B86E8F
:108920003BB17FDD252131FD692927441317B04B69
:10893000B2B476AE7667E7FCAD53F2D4CBE4F56E15
:108940007BDEF56AA24613453902B521CA66C06EC0
:108950002A5027039E2771AC0271E020E08EFF6849
:10896000FED3F0DB2D36B880699E4F0716E799F8E5
:10897000473122D8E9BF7A24E0936F7AA632E032F9
:108980005635E34C270A8C4CBDDE58B56D1CC9C763
:10899000AE7AFE6C1A7EEE4C438AE8B6E43B7DC8A4
:1089A0003DA9FEA5BBF73427E9ABCF07335FBA007B
:1089B00033E64128B3536C77AF5B1484A30DC1C475
:1089C000F62AF597D84E88242A4CC84C68F7A17E21
:1089D000716803F2F2A6B720A546E80C2527399264
:1089E000DFB03B4F83CFD170D3EDC6E769F703EF1C
:1089F00071FCAF84B4D93AC7E09B67B21B1F9EF2EB
:108A00007C306BBFD664DB5494B478F4EA57F4FD41
:108A1000A9E64A1E0EA651D1B8CA0A5E0C307D4C9A
:108A2000A1A55309BDA1DB3D41A72851C7601B1675
:108A30008FA3C123F393583C9D35A5634035102C7B
:108A40000EC0EA07E42EC7BD2A5164591482398941
:108A500019F4828AAC05F438640F7317A58A127171
:108A60000BEE9443E54FB334DB831533B29F93721F
:108A7000F9B32EB1B6F2128861C11032BC35E535BA
:108A8000788EC117D45D1C9C2E56C455EB467CF8DD
:108A90009E1A72502AFECE5C1B4BEDD4A643903A30
:108AA0005558437ED68B70D9879849DBCDDED6DB0F
:108AB00037A8089AB76258A44D74023F4B43DD763D
:108AC00092B2E05F06AE58A16EAFB4F36E1049E902
:108AD0001823CABB26E008680E706D506462A6FCBD
:108AE000D78E4BB8BFEA433103933CF16D72056CEE
:108AF0001D23265E0FBBD87D8D9B1C3A20A299803A
:108B0000801126E4DD0250D3315DA3811054369AE2
:108B1000E8061D8C9A26F40E3803676E78B442B9C5
:108B20007FE1801F1BF637E24932E649CF20F0ACE7
:108B3000D03424ED096436209941A7EB81C834E58F
:108B40005773202BDBA4BA19081075708841AFEB5E
:108B500016552328D0E611E818BB13C83810347A0C
:108B6000C131E40C9981E2E48B474317195BE5734B
:108B7000B863C7286097AB5A2177EEBA3915B5EAC2
:108B8000C564DAC93DFD90A54C2D686AFCD8FF8DFF
:108B9000520EED082A2C7DE91C8FC1646B3895DAE2
:108BA0007A0469213379F7A56738FE8E0CCDF84E2B
:108BB000B7E80926D51974A46FCA6E8B1F1B386AD3
:108BC000C23864BF804EEB2512A344C10B49FF821B
:108BD000253FAE72FE99E20B04DFE3C02A003EE9B6
:108BE0001D4CAA88C3DD1EA60DCF62C394010CE6FE
:108BF000C7DEAB24BD2CFD2605CB63C2997DDC9E70
:108C0000DE71A01DDB6BCBEB6D89C50FCF81D54F1E
:108C1000BC107ED82C871DAA47BA806E43C5536707
:108C200077474FF65A6C07DE81C11B1F19D4DA440F
:108C300015A204128AE1DEBCAD31C60046930AF5E6
:108C40005C13504BDC9297EB4C1D76960F62D777F6
:108C5000E7F6A51F554C36E644B5B92A843003B46F
:108C6000D1A1ED6551A53900495215B34E055A0BF6
:108C7000F0B158F5D377D6B3466D10C59D3EABFA2B
:108C80006479A81526BCD7FC0E45C0D578FDDD94C7
:108C9000BE186E9C097C3BD9AEC105D45BC0BFF940
:108CA000754E47FE816D3067CE8C4DE5734073077E
:108CB00017736554DC77657B2D8E069F2FF8230490
:108CC000A21A50DD84CC3DFFB688779EAEEAD2F181
:108CD0001152CA3BBA45CE34405BADDD9E275AF0F7
:108CE000CBBD64FD27A9F513CFA7ED2FAFEB76F130
:108CF000BFFF2D35CF3556BC415B8EDB007B563731
:108D0000F92B8406987AD220D0425B025046666DD9
:108D100029E1A2C1B0EF179A5552B624FE90E4C7DC
:108D200059BD864F11676347A9BBC64F6802710CD6
:108D3000B69528A760D26CA521CEC74ECDF5D54FEC
:108D40003854FF463BB796796C55219BDFE61D38BA
:108D5000FC327A0E0837574B028F29261AF648BC88
:108D600079ED235993BA794247D129C5E99B304619
:108D7000C93FF20C2E2F452F27D42278831570027D
:108D8000FB238C0E8272DA082DACE13142C4ECA5D3
:108D90002B9A5240F4B89B13555CE8F620AF73361B
:108DA0005B488E47137F7309612C354CF5896778D2
:108DB000CB7A5506087FB87BDB5BB046374647F673
:108DC00081B8E1DD4345A342EF1928478878F96A65
:108DD00032A9A84D155D3FA0027CE2ACA25B38BF72
:108DE000832A03F3A1419B8ED707A32D9EFFB9DFF2
:108DF000F06BEBC3B6AD6C5EFE7F5F2BA37FA7B2BB
:108E0000B104815D9C80B9937479455DDC44136C39
:108E1000D3127A58F46BB37BE797C0AEC634D2FC5A
:108E2000D880A658BF07FB8FD5C3575F02215914BE
:108E3000356AA71E37F746CE449E04CC6637B2107B
:108E40001A2226B9BB2C82F96A40095B6014227B86
:108E5000B3C30551AED4EAB4A183C0F6D016DFFE89
:108E6000154503AA695E49BBD5D38A15B52C30FDDB
:108E70006B702F1AC98ED137091F2B74CA170E7C3D
:108E8000FFF68B7D2A12397817DE931AAE578D14B0
:108E9000364188C61918905F033CCCCFE6B88C3BAE
:108EA000B86B5158AB3CDB26AC59EE57F06DE7D1AF
:108EB000BBFB56A6B74D1A20DFDBD056A3950A1E82
:108EC0003DEF8B72BD21149782FB4CDFD468DB47EA
:108ED000D0F60168345E207B8AFFCA82BE350670F8
:108EE000A0B37C160B6CBCF571596EFA47695B45F3
:108EF0009FAA89B4F17C185AEB9B141D86EE9FB093
:108F00003A0325C0C0CF1EADCB05E53F516650CC1E
:108F100010C1E4FED6B226650623444902A5735E5D
:108F200005E179C0DFA638AFF1417F806160E77766
:108F3000E9D7FA8513D057A159D3CC81F8411FC086
:108F40001E44EF8B1DB6E9F7C44540E982625CE23E
:108F500052B0AB05E872F6A39B3253F5805134B59D
:108F6000333E6DE218454F5DF3A4185BBC1BB5E3BF
:108F700011518B57A4D134C244B4059781F5CC610B
:108F80006D6EAD37AA8A9EF20AC84A85C9DFFF28EE
:108F9000523DF08686AF9F03FA58EE8B82D0F1E403
:108FA000E3681257E06DBDEAD3A9EFE20CAB7DB9DF
:108FB000EB793690947DFC8B01D8CCC817A4687DE2
:108FC000561152A99ACC15757A7B31ECA8D6DE4E93
:108FD000C9FBD3CE7BA25A56FA57F040F2EEDDD74A
:108FE000EA6F568DDB3F96A5E319754548A81CAE80
:108FF000CC5D5BEB62B77362AA954FC1608F5EE098
:10900000E4E1BAD206F215F0CF85C52F8C5D1FFFC3
:10901000ECF0DCD32EE933BC045063FCB3D4C2942F
:109020001B92A5638923DFBD5543ED9037D8F2FF2E
:109030009515A39EA2F546D6A001E94E85CED6B3DE
:109040001CC6C641DA6295B2486260F9942F03F9F2
:109050003EAC4DB6004437BFFCC3057AB165D6EED1
:109060001DF280392B9817490AA3E75DF4D311F05C
:1090700013766F14AF55B0B52F818DB48BC310E547
:10908000190ECDB79E75B31EA6286C580FD65F8BF0
:10909000B6F82B94E69AB4FA0D586B627EDD4766FB
:1090A0002FAA2E2077F57699F7AE8565E94DF8273A
:1090B000411F5810F17DF946D67C105D0BDD06503E
:1090C000C639A291DE3492B1084F8FE3CC5A99FA97
:1090D000AEB92DDFD645BD87FA9406BE89CA98EF92
:1090E0009CEC0F61984DA5D8CA9A8CD5BA7D5FE5E6
:1090F0005320ACDF0FBD6DB767D2525EC54B18BEB3
:109100003AF32606C8AD162D6807A983982508F0FE
:1091100036B48CF78028E028A0C035E0FF745DDD10
:109120004E8121FD2D8139FF6952EA498570690C14
:109130000115894CCB66E0A1C9DB64BCA46E5389E0
:10914000D37CB1493F3A24FB00D94E06AB895E2659
:10915000883258089E53782A0A6A29F17FCD5548EB
:109160005905DEDBE7F116828E40E6B2ED3B06F5EF
:1091700037F02F0A4926AD658B7FAD332F527F6ABA
:109180003CAC0E25996C4C6AD24E16B5BB4ED7EE50
:10919000DC073BA44A7A0B6BCACBCDC476AE5961CF
:1091A00089360CA5BB0D991A6BD97BEB936D9ED7B5
:1091B000DB9D204FB308980B49E9222F9ACD9B6481
:1091C0003CECFF4E4045EF23031AA13F294BFB9394
:1091D0009E7FAAA21F1DD98008384F64A25BA66299
:1091E0007B302BA17732398E6DC447E8130BE6B381
:1091F00019DD2AEA996C3A809E6AAD0B1B1E356216
:109200003A21039F1F751A3EFD53E4FD2046547614
:109210007491D4BC20070C3BB8C30B5E1CF5123D07
:10922000C5E7FE9FBF7E43AF6D11A3FD99A5517B9E
:10923000DD1500A9D811105FA9C2875CDDC6C4780E
:109240001EC54A1712DB00A005E6AAB7851E89369F
:10925000CFF1C81319509AD2625D6595E48BF2780C
:109260003B61251490DE8442F1104116E9AE077A85
:1092700041D1C01379F212E858D642F66E4D0FC4B0
:109280003E7B067D46EFCD3076176F1AD78C7EDA9F
:10929000DE1C88A0B0F17BA0291099BA5620D872A4
:1092A0003F7ACAB714F799B82B2068988714FE7CC8
:1092B000376AC37E9781BF36A8091D381FFC3D352C
:1092C0003EE82C7C72AE85606E1722187B93E720F7
:1092D00044F8F61B38BECC58FA69EF50A7C345E2F4
:1092E0001770EAE27C83BC1339EFEEFC6CA31B41E0
:1092F00043D85610F722464E8B07985FA003FD52C5
:109300009704EFB3A77C37B00AC02FCF045DF7E412
:109310003EB6B6CC900316D12A88AE8580A6F6E577
:1093200086AFE753616186E0B150E24777A59BFEC7
:10933000718A83AE976FD73A07D1A7493EB59ADFB6
:10934000DBA00089B2A921A456D3CA690F41F7A6B0
:109350005060EEA65FFEE346408CEBC85794FB18C6
:109360005730A0C4D6EB6695A4E76771CDD07A8359
:10937000A931672A29B7680A868BC77C8130B4E592
:10938000EEEA08A8FA1A1AA54C2DA5AB8DCCDE0280
:10939000EA78A302A91FEE9542CBEE8985DE55E659
:1093A00098FAA6EAA34F941A4B0C25499ADF9EE53A
:1093B000D4F921849454F6A8059F2D4ADBEA44E6AB
:1093C00030CEAF09B0A129ACF4EE4A2894C3A16114
:1093D0003A3CF4CF5DEAEB0E1F34BA915790BED2FF
:1093E0005DEE2D2ED4E76E4D2C67C88E916F431322
:1093F000536C76806BBF607BD604526B8241B11A8E
:109400001C7142D2A4C62CF2F4656B65F42473225D
:10941000723329D32AD63D01EE8C0F933E3472234A
:10942000194687991D0FB2BFE499DE278D3757F68D
:1094300015344CF09677A5F1D176AD90E7B2567E13
:10944000626251BC19B800EB2BEE6094D924D705A9
:10945000AC2B1168383C31F8C54ED0713C9599FA67
:10946000BAC35E95DF620D3B108C9AA90A25572579
:1094700017C358D578B540D2ACF52FE449885422AB
:109480005EADC51B1E063AB532AF4873495F5EB884
:109490000833A1DB330E4CB2BFC89646864588958B
:1094A0005F989ADE214FA01767D687F94C2DFB37BE
:1094B000173444382D1B1CBB04FC2742D87FAC70EA
:1094C0005EFDD393DE31DF23D299509EA5D104BD3A
:1094D000AAC2ADB55762C8007E037B9F2A168330AF
:1094E000774BFE9D98A0C2414FA51145CD1CD85188
:1094F0006FB98E5FBA244EACFF7012AE84F71A407B
:10950000DDA46B6A8172EF552790334050DD840CE7
:109510006F942A5C5C90ACD2D057E0B09ACBDCCC94
:1095200051FCA0D9513EF2B7D1250C44AFC51A9BCE
:1095300037B5A3EEB7B4972EE6B3C60E02A6A8E3DE
:109540009F5A75D0105B3CB036C1B7E28260711291
:10955000814DA27AF487918D6D06F455C00960D7CC
:1095600081A7B600935EF86401A1B25DB1AC376B20
:10957000A5C3830FD537EFD8E308E007619588646A
:10958000047AE34BCD72BB4D2A94BF4E69AE4F02B5
:109590006AD1CE0430E209E4A5DA7ACEFDFC310CC2
:1095A0007DACB7AA3CEFAB9E5FAE6B2FABD625066A
:1095B0005B198D0F7432BF9EA0CFD9B6A3C62C07FE
:1095C00015CA1DDCA21D3B21690469EC97A0BB6A8A
:1095D000CA6AF098913EE0411A90F780972AFA649F
:1095E0007BA7E10110B3187433B85D4A1A95796806
:1095F00033695BF0915F4190A2712EF6DAF938671A
:10960000A805F572149B1A369E9FE4FFAA05925096
:109610005E6821532862D0374834C8150CC75BF602
:109620006C6A5FA7C9161129C1BE82FF972159979D
:109630008D862359C37F1230AAB70AF01DB8F75E92
:10964000DB3318E00D3C938BB5A05C4FC286995775
:1096500024B2D457EA643C91E6894015EB5580F872
:10966000940303E91CB88D20609755466E40197528
:10967000B5FDC8249B05B5C2669DC007220BF5AA9F
:1096800038EA54E746889086B11C817B205C0CD96F
:10969000DD66AB93B60E3131BB3CC80F0EAD5F5CDF
:1096A000674D49172B0FA313D7CBB3414747193544
:1096B000DD7B05E60FBE62B62118EF56079992488A
:1096C000E1391C119E3047C73639B95129AB497B66
:1096D000111A58C49C25777F7E7858289F8AB17EBE
:1096E0009A819DEAA6E2D06BACCE4BA16D7ED0C133
:1096F000F8B4AD4297DDCCC6E517FB92A4C2D1AA5F
:1097000024504770723C7EE2CA06A56FD7E60EE68B
:10971000E061A42768746C7C00CDACE203718FE932
:109720005FB309841CBA7D8165A19FC0787F755D98
:10973000FD91820ED13068AC95ACC483BB480FE973
:109740005BF2D25BDAD4163B2866B79D90AA251946
:109750004030FE04CEE658019210B0A0C09669E3F6
:10976000DA01277B383AA9B0296A446C89E5C1FE41
:10977000D0AC7604BF9F91FE418CE34A308F76EEE9
:109780001A992A82C2D73905066A2F19355188E7F6
:109790009550B095609AB49B623EE55AB55CAA14A8
:1097A000388F2574F7ED1E5D258A7F8781D05EB0E6
:1097B0002A19C557ADBE150E059ACBE617A1DCD9FF
:1097C000C111F33055CAB70289956AA02787A20153
:1097D000EA686FDD4AAE327E41E96D927A20D28F1F
:1097E0001825E581B925E2014CF8E4B1086633F5A6
:1097F00094282C0C5C5968A99704511250FA4CD04B
:109800005C6AD64DDA22DDF32BC09BB52F5742FEA2
:109810004C5680D3E473DCF23DCD82D7E7A80AE34F
:10982000DF8B595D096F38740DAB391D00CA8FB8D5
:10983000114C7CEEBBF5D575717F447C66A9F3BCF9
:10984000C2331C923B4CC3B86B026249A462830BC7
:10985000CC3EFB2E2CB5FCB3C40E9E23F59435FAFA
:109860003B6FB0EDDDB837BBEC03B294D5F374AC0D
:10987000EC2BDA62E3B616468289312B3D91EBEC94
:1098800009F5BD25D888DD3BE66C26DE272C6B2844
:1098900085DD234555B99C617B1A275A214F4BA979
:1098A0000E832C3AEB7C30B7C063EAF78F4097C940
:1098B000EB511664B75241F866B40804E0D18E2F1C
:1098C0007DCE9B78994C77B56415B3D84198C9EC97
:1098D000107A8390D621BCB081800D221FDAFABFA6
:1098E0000702F293DF734DB071908E214D00F87531
:1098F000117A226214F0D5EA84DFCB0B6FFFFFFFF1
:1099000060C9540D1FF57270EFDEC20AF0F5B76D35
:10991000B2F89DCE7333B03AB4AB423118722B60BB
:1099200019E9B3F1E1D0412FAB433B9FC3DA736632
:1099300050516418094B1C41430DB55C593DF3D09F
:1099400010371E6807E4B37790063CB1F455707B7E
:109950009C22C94613548298C32C6744CED4E09805
:109960007BD2ACA9FBBEF106875FA404699AB1B7AC
:1099700037F50CAAE05D13879DBD41B021F122228D
:1099800021FE0E2529898B17AAC840B8C0C4D4A5CA
:109990006ACD8A04B0EF3B84DE2CB4F0975E570B9F
:1099A000F0F97705FDB94C89902B75498B105A3029
:1099B000531C8F46DB5A53B2433D22125FED87683A
:1099C00014DB24A16EE9CF4F4AECE37E42E8A3B258
:1099D00074E86A09AA953220507AE80FDA9179C6BC
:1099E00093390A11688721D13328CA43ED1521F52F
:1099F0002A19CFAB00A3372284582AE017D9A43FF5
:109A0000270489B3FCF6CBC56AA7915F6D5F743BF1
:109A10004D1480D2D3C3D848DCD2185C5CD26D2AF6
:109A2000FEA601ED55BB9A70A1DA438F4DE38A3350
:109A3000356B0D1ED377B5B6669640EC0258636859
:109A4000BEB310AB543932751CC11D497B14E37B86
:109A500012152AE0746111381C834DD4E433B175BA
:109A60001EC19DE5D575F6748EE4E4FD4567BD8A9B
:109A70009BEFC5554175D1275902CDDAD5F052F586
:109A8000790C5346356E507BAD99C9D921DA93F2E2
:109A9000B50A2D13DA6F13994C60823D5EC084A223
:109AA000EBF66A1AF9294D996F5A6CD796DB13D0E9
:109AB0008B39DD99DF9F4B7A245B45E600406B6074
:109AC0009C3EA7B1A61538B7004C811FAEC85AFFFF
:109AD0007065E135AE18DE300A8A015E8E9E517CDB
:109AE0004F5AAFE1402F3AEC6D58C0F155695F9D78
:109AF000B49E428C8D2E99392159ED848D71793522
:109B000092EAD4C2E8BFDC230ADCC68A8817D353A2
:109B100010ED17C3F6F4110C83759BCB80C7F6418B
:109B20001D3373E70114BAC68B41863DE1A38487D8
:109B3000115A241CF993341FB54DC3CE8BC83CEC8D
:109B400032E6CE272F1A3726A491606B2B1B50CFFD
:109B5000BC76D3060AA593287472E6CCACF41879C7
:109B6000B57DA073DE7637272590E4C04859F413FD
:109B7000CEE25744BB9E7CC3AB01B8DA42957B1A58
:109B80009668F7CA0E9D7A757D48BFAD724DA06587
:109B9000481AF80F947376A6020AC766DCDC2AC35B
:109BA0007CC50377C5BE9FE80BD0396BCD435EC043
:109BB000ABDBA5902B2D22FE9B49AF5164A9E23966
:109BC00045FF929F22283FA5A96FB5538AEC11400B
:109BD0006AB73126EDE51DF14FDBFFCE9D009DED0F
:109BE0005DE3751567B296EFC6CE7A8DCB945113AF
:109BF000A7E28944CB5AE08F97FF872CF36A5D0573
:109C00007D8DC1D2B40204B34C52100103D087E061
:109C1000766D86F425F41443188ED62CE27317B3B0
:109C200019D74FF6F2B636E84CC51B590F5CCBB1CD
:109C300055E55A284115FE5CC5AF6594E1D91C7005
:109C4000027EDD39AB469535CAE0A7964E84345B7B
:109C500080A9F908B6D55FB6ECEC1121440914D1FE
:109C6000B050DC09762D1349AADF6143A5D782E9FC
:109C70008E93FF0294A8103CAA71FCC9EB57440ACA
:109C8000228E19939E1C3CBEB6C1E1DEE6D96094DB
:109C90002F1E844EAEDE69DC8AD8B9FAE8CCB77ADA
:109CA0007E844965E9791D3C39634D058D3C9655A7
:109CB0009079891697AF42B4411F86B8C10F14B886
:109CC00031F158DE75FF1CA3B68C4FD70E1E0A5D0E
:109CD000DD6AAFEDEE5A2DBD3334CE223EA3D7FC64
:109CE000DF76523DDD29B8A3F714CAD8A7051FB106
:109CF0005C9A57D7FF6FEB34BB7EE155ADE39CDB3D
:109D000016A0B34DD25131DBC25F61A090245060E8
:109D100058FAFC4E707FEC28A9D265CC983451617A
:109D2000FEF1F4A3C1F9906071F415C99125D062D8
:109D300099E16AF20D912CAC79E4144C9935D16318
:109D400040400204C044122450604244D064526433
:109D500048500305C854132558704345D8745365BB
:109D600041418206C14592265161C246D165D26603
:109D700049518307C95593275971C347D975D3678B
:109D8000C26B814A12F118F382082A88922C586813
:109D90008DF869F41A6E9BD022B1CB639A3C596955
:109DA0003F1629808B893F17D34FA649932DD86A38
:109DB000CB7BD206BBFF35247D5BFA2F9B3DD96B55
:109DC00042480A0CC24C1A2C52684A4CD26C5A6C4B
:109DD0004A580B0DCA5C1B2D5A784B4DDA7C5B6DD3
:109DE00043498A0EC34D9A2E5369CA4ED36DDA6E1B
:109DF0004B598B0FCB5D9B2F5B79CB4FDB7DDB6FA3
:109E0000C463B1168484303094CACFDD94A47070DA
:109E1000579027518C943131A852CD5E9CB471710A
:109E200048D701AD8585B0327574315D95A5F07266
:109E300068D65C958D95B1337D647C5C9DB5F1737E
:109E400044C02214C4C4323454E06254D4E4727462
:109E50004CD02315CCD433355CF06355DCF47375EA
:109E600045C1A216C5C5B23655E1E256D5E5F27632
:109E70004DD1A317CDD5B3375DF1E357DDF5F377BA
:109E800081F6EA18868C3838767DFD5796AC78785E
:109E9000A1FAEB198E9C39394EDA7B5F9EBC797939
:109EA0004F812AF0878DB83A872D4D0397ADF87A08
:109EB000078C2BB48F9DB93B52CA48529FBDF97B8A
:109EC00046C82A1CC6CC3A3C56E86A5CD6EC7A7C7A
:109ED0004ED82B1DCEDC3B3D5EF86B5DDEFC7B7D02
:109EE00047C9AA1EC7CDBA3E57E9EA5ED7EDFA7E4A
:109EF0004FD9AB1FCFDDBB3F5FF9EB5FDFFDFB7FD2
:109F00005B25A53F30EE626DCAA6B99FB02654E02E
:109F100013F0A93CA81615A168500D3AB83655E1C2
:109F20009E872DF45E03771251EFDDCFB127D4E287
:109F3000516C838EA91795A33DB73CEBB937D5E398
:109F400060420684E04616A4706246C4F06656E499
:109F500068520785E85617A5787247C5F87657E521
:109F600061438686E14796A67163C6C6F167D6E669
:109F700069538787E95797A77973C7C7F977D7E7F1
:109F80003D68FFEDA20E1CA8F2C96D89B22E5CE8F7
:109F900012F4FC86AA1E1DA902334BA6BA3E5DE947
:109FA0001BF071C8A30F9CAAF34DF9C9B32FDCEACB
:109FB0009F602ECAAB1F9DAB5FBF2E52BB3FDDEB38
:109FC000624A0E8CE24E1EAC726A4ECCF26E5EECB1
:109FD0006A5A0F8DEA5E1FAD7A7A4FCDFA7E5FED39
:109FE000634B8E8EE34F9EAE736BCECEF36FDEEE81
:109FF0006B5B8F8FEB5F9FAF7B7BCFCFFB7FDFEF09
:10A00000A4F0AA6FA48634B0F4202B8CB4A674F00C
:10A010005615DAD0AC9635B134BBE73BBCB675F11A
:10A02000B5FC261DA587B4B20D6426D2B5A7F4F2FF
:10A030001AFEDA9DAD97B5B396D1C6B3BDB7F5F3A9
:10A0400064C22694E4C636B474E266D4F4E676F4C8
:10A050006CD22795ECD637B57CF267D5FCF677F550
:10A0600065C3A696E5C7B6B675E3E6D6F5E7F6F698
:10A070006DD3A797EDD7B7B77DF3E7D7FDF7F7F720
:10A08000FDF62A55A68E3CB8F648C399B6AE7CF8C4
:10A0900019E252C9AE9E3DB938AE7DA9BEBE7DF96A
:10A0A000F5F48F0AA78FBCBA33AFE8BAB7AFFCFAA2
:10A0B000F4E6AB56AF9FBDBBB82ABF3ABFBFFDFBAE
:10A0C00066CA2E9CE6CE3EBC76EA6EDCF6EE7EFCE0
:10A0D0006EDA2F9DEEDE3FBD7EFA6FDDFEFE7FFD68
:10A0E00067CBAE9EE7CFBEBE77EBEEDEF7EFFEFEB0
:10A0F0006FDBAF9FEFDFBFBF7FFBEFDFFFFFFFFF38
:10A100000000000080041020102040409024506087
:10A11000081001018814112118304141983451610F
:10A1200001018002810590221121C0429125D06257
:10A1300009118103891591231931C1439935D163DF
:10A1400040400204C044122450604244D06452642F
:10A1500048500305C854132558704345D8745365B7
:10A1600041418206C14592265161C246D165D266FF
:10A1700049518307C95593275971C347D975D36787
:10A1800002080808820C182812284848922C58689F
:10A190000A1809098A1C19291A3849499A3C596927
:10A1A0000309880A830D982A1329C84A932DD86A6F
:10A1B0000B19890B8B1D992B1B39C94B9B3DD96BF7
:10A1C00042480A0CC24C1A2C52684A4CD26C5A6C47
:10A1D0004A580B0DCA5C1B2D5A784B4DDA7C5B6DCF
:10A1E00043498A0EC34D9A2E5369CA4ED36DDA6E17
:10A1F0004B598B0FCB5D9B2F5B79CB4FDB7DDB6F9F
:10A20000048020108484303014A0605094A47070B6
:10A210000C9021118C9431311CB061519CB471713E
:10A220000581A0128585B03215A1E05295A5F07286
:10A230000D91A1138D95B1331DB1E1539DB5F1730E
:10A2400044C02214C4C4323454E06254D4E472745E
:10A250004CD02315CCD433355CF06355DCF47375E6
:10A2600045C1A216C5C5B23655E1E256D5E5F2762E
:10A270004DD1A317CDD5B3375DF1E357DDF5F377B6
:10A2800006882818868C383816A8685896AC7878CE
:10A290000E9829198E9C39391EB869599EBC797956
:10A2A0000789A81A878DB83A17A9E85A97ADF87A9E
:10A2B0000F99A91B8F9DB93B1FB9E95B9FBDF97B26
:10A2C00046C82A1CC6CC3A3C56E86A5CD6EC7A7C76
:10A2D0004ED82B1DCEDC3B3D5EF86B5DDEFC7B7DFE
:10A2E00047C9AA1EC7CDBA3E57E9EA5ED7EDFA7E46
:10A2F0004FD9AB1FCFDDBB3F5FF9EB5FDFFDFB7FCE
:10A3000020020480A00614A0302244C0B02654E0ED
:10A3100028120581A81615A1383245C1B83655E175
:10A3200021038482A10794A23123C4C2B127D4E2BD
:10A3300029138583A91795A33933C5C3B937D5E345
:10A3400060420684E04616A4706246C4F06656E495
:10A3500068520785E85617A5787247C5F87657E51D
:10A3600061438686E14796A67163C6C6F167D6E665
:10A3700069538787E95797A77973C7C7F977D7E7ED
:10A38000220A0C88A20E1CA8322A4CC8B22E5CE805
:10A390002A1A0D89AA1E1DA93A3A4DC9BA3E5DE98D
:10A3A000230B8C8AA30F9CAA332BCCCAB32FDCEAD5
:10A3B0002B1B8D8BAB1F9DAB3B3BCDCBBB3FDDEB5D
:10A3C000624A0E8CE24E1EAC726A4ECCF26E5EECAD
:10A3D0006A5A0F8DEA5E1FAD7A7A4FCDFA7E5FED35
:10A3E000634B8E8EE34F9EAE736BCECEF36FDEEE7D
:10A3F0006B5B8F8FEB5F9FAF7B7BCFCFFB7FDFEF05
:10A4000024822490A48634B034A264D0B4A674F01C
:10A410002C922591AC9635B13CB265D1BCB675F1A4
:10A420002583A492A587B4B235A3E4D2B5A7F4F2EC
:10A430002D93A593AD97B5B33DB3E5D3BDB7F5F374
:10A4400064C22694E4C636B474E266D4F4E676F4C4
:10A450006CD22795ECD637B57CF267D5FCF677F54C
:10A4600065C3A696E5C7B6B675E3E6D6F5E7F6F694
:10A470006DD3A797EDD7B7B77DF3E7D7FDF7F7F71C
:10A48000268A2C98A68E3CB836AA6CD8B6AE7CF834
:10A490002E9A2D99AE9E3DB93EBA6DD9BEBE7DF9BC
:10A4A000278BAC9AA78FBCBA37ABECDAB7AFFCFA04
:10A4B0002F9BAD9BAF9FBDBB3FBBEDDBBFBFFDFB8C
:10A4C00066CA2E9CE6CE3EBC76EA6EDCF6EE7EFCDC
:10A4D0006EDA2F9DEEDE3FBD7EFA6FDDFEFE7FFD64
:10A4E00067CBAE9EE7CFBEBE77EBEEDEF7EFFEFEAC
:10A4F0006FDBAF9FEFDFBFBF7FFBEFDFFFFFFFFF34
:10A500000000000080041020102040409024506083
:10A51000081001018814112118304141983451610B
:10A5200001018002810590221121C0429125D06253
:10A5300009118103891591231931C1439935D163DB
:10A5400040400204C044122450604244D06452642B
:10A5500048500305C854132558704345D8745365B3
:10A5600041418206C14592265161C246D165D266FB
:10A5700049518307C95593275971C347D975D36783
:10A5800002080808820C182812284848922C58689B
:10A590000A1809098A1C19291A3849499A3C596923
:10A5A0000309880A830D982A1329C84A932DD86A6B
:10A5B0000B19890B8B1D992B1B39C94B9B3DD96BF3
:10A5C00042480A0CC24C1A2C52684A4CD26C5A6C43
:10A5D0004A580B0DCA5C1B2D5A784B4DDA7C5B6DCB
:10A5E00043498A0EC34D9A2E5369CA4ED36DDA6E13
:10A5F0004B598B0FCB5D9B2F5B79CB4FDB7DDB6F9B
:10A60000048020108484303014A0605094A47070B2
:10A610000C9021118C9431311CB061519CB471713A
:10A620000581A0128585B03215A1E05295A5F07282
:10A630000D91A1138D95B1331DB1E1539DB5F1730A
:10A6400044C02214C4C4323454E06254D4E472745A
:10A650004CD02315CCD433355CF06355DCF47375E2
:10A6600045C1A216C5C5B23655E1E256D5E5F2762A
:10A670004DD1A317CDD5B3375DF1E357DDF5F377B2
:10A6800006882818868C383816A8685896AC7878CA
:10A690000E9829198E9C39391EB869599EBC797952
:10A6A0000789A81A878DB83A17A9E85A97ADF87A9A
:10A6B0000F99A91B8F9DB93B1FB9E95B9FBDF97B22
:10A6C00046C82A1CC6CC3A3C56E86A5CD6EC7A7C72
:10A6D0004ED82B1DCEDC3B3D5EF86B5DDEFC7B7DFA
:10A6E00047C9AA1EC7CDBA3E57E9EA5ED7EDFA7E42
:10A6F0004FD9AB1FCFDDBB3F5FF9EB5FDFFDFB7FCA
:10A7000020020480A00614A0302244C0B02654E0E9
:10A7100028120581A81615A1383245C1B83655E171
:10A7200021038482A10794A23123C4C2B127D4E2B9
:10A7300029138583A91795A33933C5C3B937D5E341
:10A7400060420684E04616A4706246C4F06656E491
:10A7500068520785E85617A5787247C5F87657E519
:10A7600061438686E14796A67163C6C6F167D6E661
:10A7700069538787E95797A77973C7C7F977D7E7E9
:10A78000220A0C88A20E1CA8322A4CC8B22E5CE801
:10A790002A1A0D89AA1E1DA93A3A4DC9BA3E5DE989
:10A7A000230B8C8AA30F9CAA332BCCCAB32FDCEAD1
:10A7B0002B1B8D8BAB1F9DAB3B3BCDCBBB3FDDEB59
:10A7C000624A0E8CE24E1EAC726A4ECCF26E5EECA9
:10A7D0006A5A0F8DEA5E1FAD7A7A4FCDFA7E5FED31
:10A7E000634B8E8EE34F9EAE736BCECEF36FDEEE79
:10A7F0006B5B8F8FEB5F9FAF7B7BCFCFFB7FDFEF01
:10A8000024822490A48634B034A264D0B4A674F018
:10A810002C922591AC9635B13CB265D1BCB675F1A0
:10A820002583A492A587B4B235A3E4D2B5A7F4F2E8
:10A830002D93A593AD97B5B33DB3E5D3BDB7F5F370
:10A8400064C22694E4C636B474E266D4F4E676F4C0
:10A850006CD22795ECD637B57CF267D5FCF677F548
:10A8600065C3A696E5C7B6B675E3E6D6F5E7F6F690
:10A870006DD3A797EDD7B7B77DF3E7D7FDF7F7F718
:10A88000268A2C98A68E3CB836AA6CD8B6AE7CF830
:10A890002E9A2D99AE9E3DB93EBA6DD9BEBE7DF9B8
:10A8A000278BAC9AA78FBCBA37ABECDAB7AFFCFA00
:10A8B0002F9BAD9BAF9FBDBB3FBBEDDBBFBFFDFB88
:10A8C00066CA2E9CE6CE3EBC76EA6EDCF6EE7EFCD8
:10A8D0006EDA2F9DEEDE3FBD7EFA6FDDFEFE7FFD60
:10A8E00067CBAE9EE7CFBEBE77EBEEDEF7EFFEFEA8
:10A8F0006FDBAF9FEFDFBFBF7FFBEFDFFFFF189086
:10A9000060C4D10D10772D8BEB07E101F0F5AF6D31
:10A91000C13DDC0EF030F80226902045B9C02C7104
:10A92000FE262104F90170F7FD4E0A61F379F479EE
:10A93000B63622056E6BF027605FA04743BFC1A803
:10A940002099BE09DC93907E178FCD066AE0D33044
:10A9500068BAF28C08171267B0D16166D844956165
:10A96000D1DE778FDDC1136457D4C106D970D46AA4
:10A9700069DBA7F1E190950B46F542728BF152E34A
:10A98000CBC1A997FB7F3AA1730C7BDCFA243F680B
:10A9900032E6A504269E52D6E130ACB6CCDEAED46B
:10A9A000B76B736FA387BC25E9C15887031027379E
:10A9B0009B9B9E22B38F916A1A4F7E5BCEC62878EE
:10A9C000F9388A13518B986632A47641DA795C6043
:10A9D000DAB1E9E0E1D89A25F6079132CBF8D2BC9A
:10A9E0007B390A18EC2F1864284E6BF1D35D8C6A02
:10A9F000E7DC600C834C9D23E0E37C0D1B3E50693B
:10AA0000E3FE4114967BCFEDEFDF0034AC14787F8A
:10AA10006DB4DE9CDE6BCAACA3582D10C25675F423
:10AA20007CE3C116D77A478FEAD3968D059A998F22
:10AA3000DE6F40A0DF6A953EB13E1E8E62C702CC3B
:10AA40006FA2D571EC5D8D5AF52072161760F32C4C
:10AA50003B4631D84C1219349CB27617F46DCC1B9E
:10AA60007D3E2F0D05D4DC3C7DFC828415A7AE34E1
:10AA700057D310CA99D19AD975ECE55B1DE49D7D39
:10AA800079FA5A877DAB99C7F756916E06EB998E86
:10AA900008AF07C6F6BBC4368E50A9840E3E220C02
:10AAA0006745815AE75404E768D37AC568DF2EA565
:10AAB0005513D5B404B94834E5B11494A743557679
:10AAC0005CCAB814F8A0193E1107E51E546E6DBD9E
:10AAD00087F48AA2E268088A423B6D517383E621BB
:10AAE000C7883D18D749E27C515CE91F8DE9593F81
:10AAF0008B5CE8EC2D555E7D6A7BFC0E64B3120620
:10AB0000DF60B7E50C8453A08ACD540DCB02D6BAD2
:10AB1000D135A4C0E6E9B427A8B0421DC3CDA2E751
:10AB200019E8288F9995DCA44F66BFE2A6452B6FE4
:10AB3000721383C3A933A62401CD69CE70FEF13C04
:10AB40006535082BB4860CE658704774394BF77B93
:10AB500064BC25F6AFB998E718BE7BC8D4C28D5A3D
:10AB60003563ECC6C95A90AA4952ECC945052DA4D3
:10AB7000E912302AEFE296372FD364C340ED248BDD
:10AB8000994DED7E18F00C65CD6DCE820D1FFD1731
:10AB900086980A75817CAACC5AFE9CC40E5C3DE95D
:10ABA000DC795A555C2B1EE01C491235088A2BAB08
:10ABB00013998A5793F010EAD8C5E9A8C3BD961433
:10ABC000FBAA028F828237EEB22DAF6ACDEADB4C50
:10ABD000ED6AC9CFE2DA9EC72A84C2B06F10FC903A
:10ABE000A3438882CBCB988227942F68BB735CB435
:10ABF00043170DC52B1DC3ED9C05C9C33B3D876E97
:10AC00008472594310FD970B75D493C04BD4874F72
:10AC10000C78A73BA8B2CADDDB4984071C45F17C50
:10AC20005B84801BA57F37498F5C695F25965573D0
:10AC300050F1C497CD4646BE4697992CEFAC1E976F
:10AC40009905DBE2CCC837544CA5686BB6155C5946
:10AC500076D0B59F6DB7BEB35C1812C3C29B1CFA09
:10AC60003FC1154B2585EA37D99C3C5DEE771DB574
:10AC7000EEA8584C24FA166835EBE1FB7DC5CB48AD
:10AC800047AE179F410C77C78D069B6526DD52594D
:10AC90006BED03C63E59BF73AE3824432E3C266C81
:10ACA00099BA0DE59FFF3CAC62501DC98F5015B994
:10ACB0004FCABE96AFFD7FBA074541D6878E5C046A
:10ACC00066336EDE52ACC1D0C66EEFFDC80C486371
:10ACD0007E9F70DF0D30B0C0563F4D7ED69C83BE48
:10ACE0004FF3AFFE5A5001E3B7A91B9CCCAD5F43B5
:10ACF00047C6A993B66C79AD79DBD19F24FF07864F
:10AD00005B00064058E0928A768143BA239D564BF9
:10AD1000464FBCFD3C76FA8B3011FE5C61569BE2DF
:10AD2000A71FC3F6FE677BA871EDA200286252C878
:10AD3000A27F5458547FA64A3153784FA790D76FBB
:10AD400021B87FF14C49901EB01360060194566BF8
:10AD50007FF0FFC6D0511519EC12B8D84916AC09CE
:10AD600011C55FCF8427F3737D1263D9F1D4503CB2
:10AD7000FAE085DB689211EDF5F434FA1D8E5E6120
:10AD80009DE59A06DD866BD12A46C9450CEC14C5B3
:10AD9000719C7CF44A60E4844B09E8B6C8DEB02AB2
:10ADA0003BF20B075C67EF43AE6B69E747CF74C7B5
:10ADB000D064F61D162D6684258CE7948D5F26C61B
:10ADC000BC3AF1A1C22ED80C9697C7E19C82FBDA5F
:10ADD000E6C708A44A3FA52BB9B84F03C7BC7B9070
:10ADE000DED975B3030EF62483F6236D896FDC621A
:10ADF000746983F002713AD04F3E32E91FF8989C93
:10AE000050519C93579B02E42C4ADDA1B310A0D370
:10AE1000BF2127C8DAE64ECE21099A4C9DC2CE2D1D
:10AE2000B4245CD1539ED6A6EACF968DCC9A15ADAC
:10AE3000B2E28B51566A4AAC4E4B630926FB104C6A
:10AE40004144AB27795B5130D871E00EB4307A7948
:10AE5000AD2E481A4C12117BA37274D608047B7A6B
:10AE6000FA4E5DCBBCA9203E04656314CDF1704C55
:10AE7000CDAA43969B513A369DB3CB284DB38B3B1D
:10AE80002A8D409B33248CDB442C20BDEF934AADAC
:10AE9000DA6B075B621871DA601088FAFE6DC6A47F
:10AEA00079395DB9B2390899290D80494129B8F13C
:10AEB0002398C1D887905890C94A87FBE79A0474B1
:10AEC000273BAEB1CEA91A54BA6C22BF829EF82697
:10AED000EA5CA22EAE100F30CEBF4F11217E6CD493
:10AEE0003F79D7B15D6DB3EF5FE8CE3045697BAE9A
:10AEF000F056409C3021BBA409BFD5D21FEC173DB2
:10AF00007EA7792B7074765F6AA838FFE483A31D4F
:10AF1000B7E36397F86537CD9759985A03876B4E17
:10AF20007389EF21DFA6750D6B5EB21DA79F3F7180
:10AF30000FB7A72ECF6F94E367CA54B66C26F7C637
:10AF40005AE700A89FC45D9BA0912459302563EE69
:10AF50001654EE261591CD2E940125DEF0F7D0463D
:10AF6000D630E077D9A93AAB17C22DA533E35FF409
:10AF7000BAA00B8AC9BD222E0FE5D50A113236E1DF
:10AF8000726A3E2596ADA0EBE2C64C8AA7D2841326
:10AF900010AB671699A7E13AC7F8EC96BABA6E8C6F
:10AFA000F13B883512AE6479BD974FC71314AD716C
:10AFB00075CB8D2F18B29B43535976C51C97090842
:10AFC000996DAF73C2C41F4C6868FD61386FFDE8AE
:10AFD0003C5D64823F5C1950727EC8ECA07FFCAF80
:10AFE00045FF0A2AB3FED8E0A71B4ED871ED99CED3
:10AFF000EB20894F47DA60C12B5AD9CED7F7DE2F25
:10B000005A36D133F5795F5364A0F29124E05CF6AF
:10B010007C90E41CFAE517F36FD80E62EC468AFECA
:10B020007370CE305A74D21D6B0EC9797DE8555DB0
:10B0300053264E8081E45C50D8429395831778550F
:10B04000DF4CCDF7E43F3AF6142B48DBDCFB89916B
:10B050005641453A6CA8B8B3E576BEC9D0D071F96F
:10B0600035B4BAFA65D0ECF4DD43E06A35F61AB4CB
:10B070003FA16DF4A3391641BDA106D1E973762A2B
:10B0800046464EDADEA9D5AB0C2827E7ADEE74B9FB
:10B090002E9ACC366237C5FA1947E9A26E4F17F2DD
:10B0A0002141AC9ADF6292114F8C4F018D5CD655D5
:10B0B0007FE88FF79C3E416825551699E10B6F405C
:10B0C000186FC71F5D4ABF55BFDECFB036AC717178
:10B0D000507F45BE8E0A37B01E232AD09E3243F2DF
:10B0E000716F45DDEFCB3E0D15EEED7C9723C6F17C
:10B0F000117AF79B434DBBB50DFABBDE4B1DDBFF51
:10B1000010393B0640DDB68D3801FF022B953ACF52
:10B1100056F249842466DB0233427E1122103A62E1
:10B12000C829217DD1A57D90393CC64EC734B24295
:10B130001B007E05F7B47085E0DA722F05C4FB7E34
:10B1400060C4833DEB26E1419022623B3821D0AEC2
:10B150008CD48A5C604512E55069C11FF1F08E19EC
:10B1600009757F6AF9BE1D64BDE58AA5D587D4DA65
:10B1700001CD01CD622F46DB51F542661936E86DEF
:10B18000CB3DA957D2FF3A46D2392642A8AE03A0FA
:10B190006AD43104B4B81F053225B62CA2C3D40B2F
:10B1A000EF9689DABDAC524992EFB008EBAFA551EA
:10B1B000E78B8101085DDD8FDB282548CB5FDD4310
:10B1C000462A878AFD13972AAF4F4C40CEEE1D6C5E
:10B1D00048BA8B0F03F81D6193284D4158FE109219
:10B1E000C789C2030AE83B28936B9E48EB7D7965CB
:10B1F000A3E80C674C9DDDF24F964915E36D786925
:10B200003E02372124F75AE36DE766F0CCA522CD44
:10B210002CAC273D38F6CE9534AD9E34484A985232
:10B22000C5C3F4EDFB8211EDC361B41083C70FEF0A
:10B230002313B6A95F937990DDA00D550A4675DEFC
:10B240000D222438BCE391321CE54016051E0D6228
:10B250008C920BE4D236925BCCD05D456870F24B99
:10B260002843B51E0C641397D526C63A0E98F46D84
:10B27000B2BFD555AFD4B2354D51AB541DB64814FD
:10B28000C6CA005A22EECB5DDF9C0B78C610931C19
:10B29000431CA838B520D23A45A603F6679BD81BB5
:10B2A0002B1A2A40BFB053196F8DEE56AF8B15186D
:10B2B000F25EAFBB4FDECD55CDCB6B0162C6917652
:10B2C0006E2ED91AFC2E189F00EC43552D1CEC3E17
:10B2D0005A37A45F86C8B967C111CAA2157810D9B8
:10B2E0008E61AC124249731397A64558FF31FC5248
:10B2F000496CAA0F5D2DFB30F37CC9521FBE373D50
:10B30000E7F20C8FF0A2DC832787AD9927A41F1FDB
:10B310005003E500F1ADD30CBFCDE98380D645A342
:10B3200025FB312975407DC1292BC2CE89C7D08725
:10B330002FEC38ED799F53A93F044799967DD31F91
:10B340005AC041A49861EBAB78E6C786BE99F77BFB
:10B35000ECD68E92C635149518ABBF87B759F6BA9E
:10B36000A100C88CB1F6C2E4DDE7477A45052DE0BF
:10B37000A90907C6D3D580E47F44C1EB4D156846C3
:10B38000C54A428EAB7D21297DAECDE91F6F2CEEE3
:10B390002E7A4502559A945CFA789C440E5CA67508
:10B3A000EA222D035CF07D29CEAF4D3AFDD47D35E8
:10B3B000ABF9851095ABE104E6337AF400652459C6
:10B3C0000292F2CE9A69BDA81F4D48C0CA91EBAE59
:10B3D0000A83B306B05ABCEC7CCF4CBD4E05FC9042
:10B3E0004F16ADDEF5CD898D6784438CDBA32FE14D
:10B3F000EBB92304D1DD88EC45170DEFE97E24621B
:10B40000F2C22ED264C520B8A240C8DF4BDC72FC69
:10B4100061F096F48C8E339D902114D97CB3154C39
:10B4200009D026C8A305A3534B130D517CC968FD51
:10B4300099B404D1C1D0B39FBD927D7EB65728B1D7
:10B4400034562A9574447D0BF5603553D80D70F849
:10B450000C0A8DD78C0F8B49D44343785773E4CAB9
:10B46000E9C729D7DD381ABB4DC307B602B97B94AB
:10B47000418E84A795F04AF5E413BED13DB571B570
:10B480000A19AC18274E78BEAB511FD89A8E7DEBA7
:10B490009A1E657CD61AB4996E4B2E994145FF537E
:10B4A000E7C9F0656EA71D3AEA0F87B0D763C8F702
:10B4B0004F57F6D9B92B5678880F197846DD277083
:10B4C0000613921CCA5B3DDCBEB4CF03A1AF5A2762
:10B4D000165838953BACBD872E8D639F51E008040C
:10B4E0001FECCD0F278C0CF2C389110368126CBCC2
:10B4F000AF99A9FA3B3D381C53386D952075F993E7
:10B50000698217F1F20512D570F1BB4D547A5E7E57
:10B510004089A0811876CF2E6695476DF9D82C23E7
:10B52000394642009F4212786F856C4FECD69B19CA
:10B5300071939690E9D9B92E44F1F845B550D74B9F
:10B5400080030EA5C0C016C04799460682A68B99F7
:10B550001E10E80DC69DB2D438BC2A07DC895B25D5
:10B560004DB28BDB010630207959C187FE9FB9CCE3
:10B5700089128BA6B7F9118F71F5A3E7D5344E9ACE
:10B58000C24A0EF7E00CBB2ED82CE9269E5F72E96A
:10B590002239B6F4348D3B017AEC4D44CAC6267F7D
:10B5A00063C5EA484A2C3929713CCB4313D639C9C3
:10B5B0009E9D08F6099FC2E319DB4B814040DF7076
:10B5C00095BB74D18B2E6C83AD1A3C937F22AF3028
:10B5D0004C1C8B21F261E42B0982C9178A8F712FD1
:10B5E00015F561DD96CFD39469D031C3132F61BABD
:10B5F000DBDB9CCEC5853AFC16FD4A6EF38520F355
:10B6000004F2A24ACF369133C09068EFDA5BD315CB
:10B610000414A053C91626F0C33A16A85CF6CAA5AE
:10B6200092632248B98CB67E2F10C6CDEDE39A33D3
:10B63000F2B6A71FB575A735DD594D114E468FD807
:10B640003CE424189ED5917A342C0016FD3250F635
:10B65000EF54A22AF42A9F3895A065F55CBCFD73CF
:10B66000383EA4EA8047FB3F7D651D505161A2C270
:10B67000B2552E093257FAADEB73F4D4930E52281B
:10B680001267A75ACD3E993B3E636E749EC9135014
:10B690006E54285BA31E2EF8FF3CE883E0F998D691
:10B6A000013CA96A3F84BE666B0C1FD1AEDEC5F8B3
:10B6B000271D567EB77DAD3DDFFABE1917CEFC17AC
:10B6C0002604485EFE36963196AA6CA3628EC5C7E4
:10B6D0008EC9C75F37D4DE423E34091FE700563DAE
:10B6E0006F4D557BB82546F3E36DA2BBB615878534
:10B6F000673D54920F2D2D7D777D14598573D94D5B
:10B700005B801313FA07B7EE304004CF045901EB06
:10B71000E1AA038DF217B6C4C75005CEEC07F41E9C
:10B72000A1126884AD85838369374668F4E1BE4F12
:10B73000E9ECB603F32F36A559E23ACE8797D3EF5B
:10B7400058224B821B5C55008D2540644B3C651193
:10B7500010D0104459E3EFF6B14624A542851C10E1
:10B76000A80BE5267C962AB5A723CCC04B9495F66A
:10B7700051944567DAFE937E0157C1CBAD49F5A7D9
:10B78000E21B1DEDE9BCBDAB490DED777B4CA38DF4
:10B79000E3A20B29AA9C0A6812F6BCC615DCF114B8
:10B7A000E31A608C9B069AB6F36867888BAD971591
:10B7B000421B8D8B93FFA9AD8F406E66C31B3CED82
:10B7C0006ACA08805DCC5522F595CC966911583728
:10B7D000AABE288B06CC0FA5EAFECEF205FA0679A2
:10B7E000BBB46F31DB5F3DA36DEF862B6AEB5F75FA
:10B7F000A26F2E0DFADD88B784FF42D13B3302AD34
:10B80000E493C8D2EF3495B36AB162FCD2DE77E339
:10B810004C5E079C31B2B71BFCF09B0D43C41F224A
:10B820008C23A7D01982B26E93276DFD8B1A94B228
:10B830002F710415D2F55EB0913630B14646B6F39D
:10B840001B4601DF4E093068BDA260747662A7CB4B
:10B85000C28903944198C6E9BCE3F4D5FCF677F5B8
:10B86000A59539D490E32B0BC361F14535B9ACB73D
:10B87000B8D68734C2A86E1A7DF3E75AFDF7F7F7FA
:10B8800022CA7C9E12ECD79B5F416AD490EB378D25
:10B8900056BECC9F51ED1FFBAE1A643969840BBBB9
:10B8A000EEBFCF5A992ED4B7D72F96F2BB81FD4F5A
:10B8B000E63B0EDA872068D75F72C3D624C01493A4
:10B8C000E84EA74D7B5E56B1162612D3F6EE7EFCEF
:10B8D00056582801EE5A3B59A8E55D28FEFE7FFD2B
:10B8E000CB49A9221833BE25C309CA0AF7EFFEFEC9
:10B8F000AF9DF395D5E24062E207EF44FFFFFFFF03
:10B90000000000008004102010204040902450606F
:10B9100008100101881411211830414198345161F7
:10B9200001018002810590221121C0429125D0623F
:10B9300009118103891591231931C1439935D163C7
:10B9400040400204C044122450604244D064526417
:10B9500048500305C854132558704345D87453659F
:10B9600041418206C14592265161C246D165D266E7
:10B9700049518307C95593275971C347D975D3676F
:10B9800002080808820C182812284848922C586887
:10B990000A1809098A1C19291A3849499A3C59690F
:10B9A0000309880A830D982A1329C84A932DD86A57
:10B9B0000B19890B8B1D992B1B39C94B9B3DD96BDF
:10B9C00042480A0CC24C1A2C52684A4CD26C5A6C2F
:10B9D0004A580B0DCA5C1B2D5A784B4DDA7C5B6DB7
:10B9E00043498A0EC34D9A2E5369CA4ED36DDA6EFF
:10B9F0004B598B0FCB5D9B2F5B79CB4FDB7DDB6F87
:10BA0000048020108484303014A0605094A470709E
:10BA10000C9021118C9431311CB061519CB4717126
:10BA20000581A0128585B03215A1E05295A5F0726E
:10BA30000D91A1138D95B1331DB1E1539DB5F173F6
:10BA400044C02214C4C4323454E06254D4E4727446
:10BA50004CD02315CCD433355CF06355DCF47375CE
:10BA600045C1A216C5C5B23655E1E256D5E5F27616
:10BA70004DD1A317CDD5B3375DF1E357DDF5F3779E
:10BA800006882818868C383816A8685896AC7878B6
:10BA90000E9829198E9C39391EB869599EBC79793E
:10BAA0000789A81A878DB83A17A9E85A97ADF87A86
:10BAB0000F99A91B8F9DB93B1FB9E95B9FBDF97B0E
:10BAC00046C82A1CC6CC3A3C56E86A5CD6EC7A7C5E
:10BAD0004ED82B1DCEDC3B3D5EF86B5DDEFC7B7DE6
:10BAE00047C9AA1EC7CDBA3E57E9EA5ED7EDFA7E2E
:10BAF0004FD9AB1FCFDDBB3F5FF9EB5FDFFDFB7FB6
:10BB000020020480A00614A0302244C0B02654E0D5
:10BB100028120581A81615A1383245C1B83655E15D
:10BB200021038482A10794A23123C4C2B127D4E2A5
:10BB300029138583A91795A33933C5C3B937D5E32D
:10BB400060420684E04616A4706246C4F06656E47D
:10BB500068520785E85617A5787247C5F87657E505
:10BB600061438686E14796A67163C6C6F167D6E64D
:10BB700069538787E95797A77973C7C7F977D7E7D5
:10BB8000220A0C88A20E1CA8322A4CC8B22E5CE8ED
:10BB90002A1A0D89AA1E1DA93A3A4DC9BA3E5DE975
:10BBA000230B8C8AA30F9CAA332BCCCAB32FDCEABD
:10BBB0002B1B8D8BAB1F9DAB3B3BCDCBBB3FDDEB45
:10BBC000624A0E8CE24E1EAC726A4ECCF26E5EEC95
:10BBD0006A5A0F8DEA5E1FAD7A7A4FCDFA7E5FED1D
:10BBE000634B8E8EE34F9EAE736BCECEF36FDEEE65
:10BBF0006B5B8F8FEB5F9FAF7B7BCFCFFB7FDFEFED
:10BC000024822490A48634B034A264D0B4A674F004
:10BC10002C922591AC9635B13CB265D1BCB675F18C
:10BC20002583A492A587B4B235A3E4D2B5A7F4F2D4
:10BC30002D93A593AD97B5B33DB3E5D3BDB7F5F35C
:10BC400064C22694E4C636B474E266D4F4E676F4AC
:10BC50006CD22795ECD637B57CF267D5FCF677F534
:10BC600065C3A696E5C7B6B675E3E6D6F5E7F6F67C
:10BC70006DD3A797EDD7B7B77DF3E7D7FDF7F7F704
:10BC8000268A2C98A68E3CB836AA6CD8B6AE7CF81C
:10BC90002E9A2D99AE9E3DB93EBA6DD9BEBE7DF9A4
:10BCA000278BAC9AA78FBCBA37ABECDAB7AFFCFAEC
:10BCB0002F9BAD9BAF9FBDBB3FBBEDDBBFBFFDFB74
:10BCC00066CA2E9CE6CE3EBC76EA6EDCF6EE7EFCC4
:10BCD0006EDA2F9DEEDE3FBD7EFA6FDDFEFE7FFD4C
:10BCE00067CBAE9EE7CFBEBE77EBEEDEF7EFFEFE94
:10BCF0006FDBAF9FEFDFBFBF7FFBEFDFFFFFFFFF1C
:10BD0000000000008004102010204040902450606B
:10BD100008100101881411211830414198345161F3
:10BD200001018002810590221121C0429125D0623B
:10BD300009118103891591231931C1439935D163C3
:10BD400040400204C044122450604244D064526413
:10BD500048500305C854132558704345D87453659B
:10BD600041418206C14592265161C246D165D266E3
:10BD700049518307C95593275971C347D975D3676B
:10BD800002080808820C182812284848922C586883
:10BD90000A1809098A1C19291A3849499A3C59690B
:10BDA0000309880A830D982A1329C84A932DD86A53
:10BDB0000B19890B8B1D992B1B39C94B9B3DD96BDB
:10BDC00042480A0CC24C1A2C52684A4CD26C5A6C2B
:10BDD0004A580B0DCA5C1B2D5A784B4DDA7C5B6DB3
:10BDE00043498A0EC34D9A2E5369CA4ED36DDA6EFB
:10BDF0004B598B0FCB5D9B2F5B79CB4FDB7DDB6F83
:10BE0000048020108484303014A0605094A470709A
:10BE10000C9021118C9431311CB061519CB4717122
:10BE20000581A0128585B03215A1E05295A5F0726A
:10BE30000D91A1138D95B1331DB1E1539DB5F173F2
:10BE400044C02214C4C4323454E06254D4E4727442
:10BE50004CD02315CCD433355CF06355DCF47375CA
:10BE600045C1A216C5C5B23655E1E256D5E5F27612
:10BE70004DD1A317CDD5B3375DF1E357DDF5F3779A
:10BE800006882818868C383816A8685896AC7878B2
:10BE90000E9829198E9C39391EB869599EBC79793A
:10BEA0000789A81A878DB83A17A9E85A97ADF87A82
:10BEB0000F99A91B8F9DB93B1FB9E95B9FBDF97B0A
:10BEC00046C82A1CC6CC3A3C56E86A5CD6EC7A7C5A
:10BED0004ED82B1DCEDC3B3D5EF86B5DDEFC7B7DE2
:10BEE00047C9AA1EC7CDBA3E57E9EA5ED7EDFA7E2A
:10BEF0004FD9AB1FCFDDBB3F5FF9EB5FDFFDFB7FB2
:10BF000020020480A00614A0302244C0B02654E0D1
:10BF100028120581A81615A1383245C1B83655E159
:10BF200021038482A10794A23123C4C2B127D4E2A1
:10BF300029138583A91795A33933C5C3B937D5E329
:10BF400060420684E04616A4706246C4F06656E479
:10BF500068520785E85617A5787247C5F87657E501
:10BF600061438686E14796A67163C6C6F167D6E649
:10BF700069538787E95797A77973C7C7F977D7E7D1
:10BF8000220A0C88A20E1CA8322A4CC8B22E5CE8E9
:10BF90002A1A0D89AA1E1DA93A3A4DC9BA3E5DE971
:10BFA000230B8C8AA30F9CAA332BCCCAB32FDCEAB9
:10BFB0002B1B8D8BAB1F9DAB3B3BCDCBBB3FDDEB41
:10BFC000624A0E8CE24E1EAC726A4ECCF26E5EEC91
:10BFD0006A5A0F8DEA5E1FAD7A7A4FCDFA7E5FED19
:10BFE000634B8E8EE34F9EAE736BCECEF36FDEEE61
:10BFF0006B5B8F8FEB5F9FAF7B7BCFCFFB7FDFEFE9
:10C0000024822490A48634B034A264D0B4A674F000
:10C010002C922591AC9635B13CB265D1BCB675F188
:10C020002583A492A587B4B235A3E4D2B5A7F4F2D0
:10C030002D93A593AD97B5B33DB3E5D3BDB7F5F358
:10C0400064C22694E4C636B474E266D4F4E676F4A8
:10C050006CD22795ECD637B57CF267D5FCF677F530
:10C0600065C3A696E5C7B6B675E3E6D6F5E7F6F678
:10C070006DD3A797EDD7B7B77DF3E7D7FDF7F7F700
:10C08000268A2C98A68E3CB836AA6CD8B6AE7CF818
:10C090002E9A2D99AE9E3DB93EBA6DD9BEBE7DF9A0
:10C0A000278BAC9AA78FBCBA37ABECDAB7AFFCFAE8
:10C0B0002F9BAD9BAF9FBDBB3FBBEDDBBFBFFDFB70
:10C0C00066CA2E9CE6CE3EBC76EA6EDCF6EE7EFCC0
:10C0D0006EDA2F9DEEDE3FBD7EFA6FDDFEFE7FFD48
:10C0E00067CBAE9EE7CFBEBE77EBEEDEF7EFFEFE90
:10C0F0006FDBAF9FEFDFBFBF7FFBEFDFFFFFFFFF18
:10C100000000000080041020102040409024506067
:10C1100008100101881411211830414198345161EF
:10C1200001018002810590221121C0429125D06237
:10C1300009118103891591231931C1439935D163BF
:10C1400040400204C044122450604244D06452640F
:10C1500048500305C854132558704345D874536597
:10C1600041418206C14592265161C246D165D266DF
:10C1700049518307C95593275971C347D975D36767
:10C1800002080808820C182812284848922C58687F
:10C190000A1809098A1C19291A3849499A3C596907
:10C1A0000309880A830D982A1329C84A932DD86A4F
:10C1B0000B19890B8B1D992B1B39C94B9B3DD96BD7
:10C1C00042480A0CC24C1A2C52684A4CD26C5A6C27
:10C1D0004A580B0DCA5C1B2D5A784B4DDA7C5B6DAF
:10C1E00043498A0EC34D9A2E5369CA4ED36DDA6EF7
:10C1F0004B598B0FCB5D9B2F5B79CB4FDB7DDB6F7F
:10C20000048020108484303014A0605094A4707096
:10C210000C9021118C9431311CB061519CB471711E
:10C220000581A0128585B03215A1E05295A5F07266
:10C230000D91A1138D95B1331DB1E1539DB5F173EE
:10C2400044C02214C4C4323454E06254D4E472743E
:10C250004CD02315CCD433355CF06355DCF47375C6
:10C2600045C1A216C5C5B23655E1E256D5E5F2760E
:10C270004DD1A317CDD5B3375DF1E357DDF5F37796
:10C2800006882818868C383816A8685896AC7878AE
:10C290000E9829198E9C39391EB869599EBC797936
:10C2A0000789A81A878DB83A17A9E85A97ADF87A7E
:10C2B0000F99A91B8F9DB93B1FB9E95B9FBDF97B06
:10C2C00046C82A1CC6CC3A3C56E86A5CD6EC7A7C56
:10C2D0004ED82B1DCEDC3B3D5EF86B5DDEFC7B7DDE
:10C2E00047C9AA1EC7CDBA3E57E9EA5ED7EDFA7E26
:10C2F0004FD9AB1FCFDDBB3F5FF9EB5FDFFDFB7FAE
:10C3000020020480A00614A0302244C0B02654E0CD
:10C3100028120581A81615A1383245C1B83655E155
:10C3200021038482A10794A23123C4C2B127D4E29D
:10C3300029138583A91795A33933C5C3B937D5E325
:10C3400060420684E04616A4706246C4F06656E475
:10C3500068520785E85617A5787247C5F87657E5FD
:10C3600061438686E14796A67163C6C6F167D6E645
:10C3700069538787E95797A77973C7C7F977D7E7CD
:10C38000220A0C88A20E1CA8322A4CC8B22E5CE8E5
:10C390002A1A0D89AA1E1DA93A3A4DC9BA3E5DE96D
:10C3A000230B8C8AA30F9CAA332BCCCAB32FDCEAB5
:10C3B0002B1B8D8BAB1F9DAB3B3BCDCBBB3FDDEB3D
:10C3C000624A0E8CE24E1EAC726A4ECCF26E5EEC8D
:10C3D0006A5A0F8DEA5E1FAD7A7A4FCDFA7E5FED15
:10C3E000634B8E8EE34F9EAE736BCECEF36FDEEE5D
:10C3F0006B5B8F8FEB5F9FAF7B7BCFCFFB7FDFEFE5
:10C4000024822490A48634B034A264D0B4A674F0FC
:10C410002C922591AC9635B13CB265D1BCB675F184
:10C420002583A492A587B4B235A3E4D2B5A7F4F2CC
:10C430002D93A593AD97B5B33DB3E5D3BDB7F5F354
:10C4400064C22694E4C636B474E266D4F4E676F4A4
:10C450006CD22795ECD637B57CF267D5FCF677F52C
:10C4600065C3A696E5C7B6B675E3E6D6F5E7F6F674
:10C470006DD3A797EDD7B7B77DF3E7D7FDF7F7F7FC
:10C48000268A2C98A68E3CB836AA6CD8B6AE7CF814
:10C490002E9A2D99AE9E3DB93EBA6DD9BEBE7DF99C
:10C4A000278BAC9AA78FBCBA37ABECDAB7AFFCFAE4
:10C4B0002F9BAD9BAF9FBDBB3FBBEDDBBFBFFDFB6C
:10C4C00066CA2E9CE6CE3EBC76EA6EDCF6EE7EFCBC
:10C4D0006EDA2F9DEEDE3FBD7EFA6FDDFEFE7FFD44
:10C4E00067CBAE9EE7CFBEBE77EBEEDEF7EFFEFE8C
:10C4F0006FDBAF9FEFDFBFBF7FFBEFDFFFFFFFFF14
:10C500000000000080041020102040409024506063
:10C5100008100101881411211830414198345161EB
:10C5200001018002810590221121C0429125D06233
:10C5300009118103891591231931C1439935D163BB
:10C5400040400204C044122450604244D06452640B
:10C5500048500305C854132558704345D874536593
:10C5600041418206C14592265161C246D165D266DB
:10C5700049518307C95593275971C347D975D36763
:10C5800002080808820C182812284848922C58687B
:10C590000A1809098A1C19291A3849499A3C596903
:10C5A0000309880A830D982A1329C84A932DD86A4B
:10C5B0000B19890B8B1D992B1B39C94B9B3DD96BD3
:10C5C00042480A0CC24C1A2C52684A4CD26C5A6C23
:10C5D0004A580B0DCA5C1B2D5A784B4DDA7C5B6DAB
:10C5E00043498A0EC34D9A2E5369CA4ED36DDA6EF3
:10C5F0004B598B0FCB5D9B2F5B79CB4FDB7DDB6F7B
:10C60000048020108484303014A0605094A4707092
:10C610000C9021118C9431311CB061519CB471711A
:10C620000581A0128585B03215A1E05295A5F07262
:10C630000D91A1138D95B1331DB1E1539DB5F173EA
:10C6400044C02214C4C4323454E06254D4E472743A
:10C650004CD02315CCD433355CF06355DCF47375C2
:10C6600045C1A216C5C5B23655E1E256D5E5F2760A
:10C670004DD1A317CDD5B3375DF1E357DDF5F37792
:10C6800006882818868C383816A8685896AC7878AA
:10C690000E9829198E9C39391EB869599EBC797932
:10C6A0000789A81A878DB83A17A9E85A97ADF87A7A
:10C6B0000F99A91B8F9DB93B1FB9E95B9FBDF97B02
:10C6C00046C82A1CC6CC3A3C56E86A5CD6EC7A7C52
:10C6D0004ED82B1DCEDC3B3D5EF86B5DDEFC7B7DDA
:10C6E00047C9AA1EC7CDBA3E57E9EA5ED7EDFA7E22
:10C6F0004FD9AB1FCFDDBB3F5FF9EB5FDFFDFB7FAA
:10C7000020020480A00614A0302244C0B02654E0C9
:10C7100028120581A81615A1383245C1B83655E151
:10C7200021038482A10794A23123C4C2B127D4E299
:10C7300029138583A91795A33933C5C3B937D5E321
:10C7400060420684E04616A4706246C4F06656E471
:10C7500068520785E85617A5787247C5F87657E5F9
:10C7600061438686E14796A67163C6C6F167D6E641
:10C7700069538787E95797A77973C7C7F977D7E7C9
:10C78000220A0C88A20E1CA8322A4CC8B22E5CE8E1
:10C790002A1A0D89AA1E1DA93A3A4DC9BA3E5DE969
:10C7A000230B8C8AA30F9CAA332BCCCAB32FDCEAB1
:10C7B0002B1B8D8BAB1F9DAB3B3BCDCBBB3FDDEB39
:10C7C000624A0E8CE24E1EAC726A4ECCF26E5EEC89
:10C7D0006A5A0F8DEA5E1FAD7A7A4FCDFA7E5FED11
:10C7E000634B8E8EE34F9EAE736BCECEF36FDEEE59
:10C7F0006B5B8F8FEB5F9FAF7B7BCFCFFB7FDFEFE1
:10C8000024822490A48634B034A264D0B4A674F0F8
:10C810002C922591AC9635B13CB265D1BCB675F180
:10C820002583A492A587B4B235A3E4D2B5A7F4F2C8
:10C830002D93A593AD97B5B33DB3E5D3BDB7F5F350
:10C8400064C22694E4C636B474E266D4F4E676F4A0
:10C850006CD22795ECD637B57CF267D5FCF677F528
:10C8600065C3A696E5C7B6B675E3E6D6F5E7F6F670
:10C870006DD3A797EDD7B7B77DF3E7D7FDF7F7F7F8
:10C88000268A2C98A68E3CB836AA6CD8B6AE7CF810
:10C890002E9A2D99AE9E3DB93EBA6DD9BEBE7DF998
:10C8A000278BAC9AA78FBCBA37ABECDAB7AFFCFAE0
:10C8B0002F9BAD9BAF9FBDBB3FBBEDDBBFBFFDFB68
:10C8C00066CA2E9CE6CE3EBC76EA6EDCF6EE7EFCB8
:10C8D0006EDA2F9DEEDE3FBD7EFA6FDDFEFE7FFD40
:10C8E00067CBAE9EE7CFBEBE77EBEEDEF7EFFEFE88
:10C8F0006FDBAF9FEFDFBFBF7FFBEFDFFFFF9D472A
:10C90000000000008004102010204040902450605F
:10C9100008100101881411211830414198345161E7
:10C9200001018002810590221121C0429125D0622F
:10C9300009118103891591231931C1439935D163B7
:10C9400040400204C044122450604244D064526407
:10C9500048500305C854132558704345D87453658F
:10C9600041418206C14592265161C246D165D266D7
:10C9700049518307C95593275971C347D975D3675F
:10C9800002080808820C182812284848922C586877
:10C990000A1809098A1C19291A3849499A3C5969FF
:10C9A0000309880A830D982A1329C84A932DD86A47
:10C9B0000B19890B8B1D992B1B39C94B9B3DD96BCF
:10C9C00042480A0CC24C1A2C52684A4CD26C5A6C1F
:10C9D0004A580B0DCA5C1B2D5A784B4DDA7C5B6DA7
:10C9E00043498A0EC34D9A2E5369CA4ED36DDA6EEF
:10C9F0004B598B0FCB5D9B2F5B79CB4FDB7DDB6F77
:10CA0000048020108484303014A0605094A470708E
:10CA10000C9021118C9431311CB061519CB4717116
:10CA20000581A0128585B03215A1E05295A5F0725E
:10CA30000D91A1138D95B1331DB1E1539DB5F173E6
:10CA400044C02214C4C4323454E06254D4E4727436
:10CA50004CD02315CCD433355CF06355DCF47375BE
:10CA600045C1A216C5C5B23655E1E256D5E5F27606
:10CA70004DD1A317CDD5B3375DF1E357DDF5F3778E
:10CA800006882818868C383816A8685896AC7878A6
:10CA90000E9829198E9C39391EB869599EBC79792E
:10CAA0000789A81A878DB83A17A9E85A97ADF87A76
:10CAB0000F99A91B8F9DB93B1FB9E95B9FBDF97BFE
:10CAC00046C82A1CC6CC3A3C56E86A5CD6EC7A7C4E
:10CAD0004ED82B1DCEDC3B3D5EF86B5DDEFC7B7DD6
:10CAE00047C9AA1EC7CDBA3E57E9EA5ED7EDFA7E1E
:10CAF0004FD9AB1FCFDDBB3F5FF9EB5FDFFDFB7FA6
:10CB000020020480A00614A0302244C0B02654E0C5
:10CB100028120581A81615A1383245C1B83655E14D
:10CB200021038482A10794A23123C4C2B127D4E295
:10CB300029138583A91795A33933C5C3B937D5E31D
:10CB400060420684E04616A4706246C4F06656E46D
:10CB500068520785E85617A5787247C5F87657E5F5
:10CB600061438686E14796A67163C6C6F167D6E63D
:10CB700069538787E95797A77973C7C7F977D7E7C5
:10CB8000220A0C88A20E1CA8322A4CC8B22E5CE8DD
:10CB90002A1A0D89AA1E1DA93A3A4DC9BA3E5DE965
:10CBA000230B8C8AA30F9CAA332BCCCAB32FDCEAAD
:10CBB0002B1B8D8BAB1F9DAB3B3BCDCBBB3FDDEB35
:10CBC000624A0E8CE24E1EAC726A4ECCF26E5EEC85
:10CBD0006A5A0F8DEA5E1FAD7A7A4FCDFA7E5FED0D
:10CBE000634B8E8EE34F9EAE736BCECEF36FDEEE55
:10CBF0006B5B8F8FEB5F9FAF7B7BCFCFFB7FDFEFDD
:10CC000024822490A48634B034A264D0B4A674F0F4
:10CC10002C922591AC9635B13CB265D1BCB675F17C
:10CC20002583A492A587B4B235A3E4D2B5A7F4F2C4
:10CC30002D93A593AD97B5B33DB3E5D3BDB7F5F34C
:10CC400064C22694E4C636B474E266D4F4E676F49C
:10CC50006CD22795ECD637B57CF267D5FCF677F524
:10CC600065C3A696E5C7B6B675E3E6D6F5E7F6F66C
:10CC70006DD3A797EDD7B7B77DF3E7D7FDF7F7F7F4
:10CC8000268A2C98A68E3CB836AA6CD8B6AE7CF80C
:10CC90002E9A2D99AE9E3DB93EBA6DD9BEBE7DF994
:10CCA000278BAC9AA78FBCBA37ABECDAB7AFFCFADC
:10CCB0002F9BAD9BAF9FBDBB3FBBEDDBBFBFFDFB64
:10CCC00066CA2E9CE6CE3EBC76EA6EDCF6EE7EFCB4
:10CCD0006EDA2F9DEEDE3FBD7EFA6FDDFEFE7FFD3C
:10CCE00067CBAE9EE7CFBEBE77EBEEDEF7EFFEFE84
:10CCF0006FDBAF9FEFDFBFBF7FFBEFDFFFFFFFFF0C
:10CD0000000000008004102010204040902450605B
:10CD100008100101881411211830414198345161E3
:10CD200001018002810590221121C0429125D0622B
:10CD300009118103891591231931C1439935D163B3
:10CD400040400204C044122450604244D064526403
:10CD500048500305C854132558704345D87453658B
:10CD600041418206C14592265161C246D165D266D3
:10CD700049518307C95593275971C347D975D3675B
:10CD800002080808820C182812284848922C586873
:10CD90000A1809098A1C19291A3849499A3C5969FB
:10CDA0000309880A830D982A1329C84A932DD86A43
:10CDB0000B19890B8B1D992B1B39C94B9B3DD96BCB
:10CDC00042480A0CC24C1A2C52684A4CD26C5A6C1B
:10CDD0004A580B0DCA5C1B2D5A784B4DDA7C5B6DA3
:10CDE00043498A0EC34D9A2E5369CA4ED36DDA6EEB
:10CDF0004B598B0FCB5D9B2F5B79CB4FDB7DDB6F73
:10CE0000048020108484303014A0605094A470708A
:10CE10000C9021118C9431311CB061519CB4717112
:10CE20000581A0128585B03215A1E05295A5F0725A
:10CE30000D91A1138D95B1331DB1E1539DB5F173E2
:10CE400044C02214C4C4323454E06254D4E4727432
:10CE50004CD02315CCD433355CF06355DCF47375BA
:10CE600045C1A216C5C5B23655E1E256D5E5F27602
:10CE70004DD1A317CDD5B3375DF1E357DDF5F3778A
:10CE800006882818868C383816A8685896AC7878A2
:10CE90000E9829198E9C39391EB869599EBC79792A
:10CEA0000789A81A878DB83A17A9E85A97ADF87A72
:10CEB0000F99A91B8F9DB93B1FB9E95B9FBDF97BFA
:10CEC00046C82A1CC6CC3A3C56E86A5CD6EC7A7C4A
:10CED0004ED82B1DCEDC3B3D5EF86B5DDEFC7B7DD2
:10CEE00047C9AA1EC7CDBA3E57E9EA5ED7EDFA7E1A
:10CEF0004FD9AB1FCFDDBB3F5FF9EB5FDFFDFB7FA2
:10CF000020020480A00614A0302244C0B02654E0C1
:10CF100028120581A81615A1383245C1B83655E149
:10CF200021038482A10794A23123C4C2B127D4E291
:10CF300029138583A91795A33933C5C3B937D5E319
:10CF400060420684E04616A4706246C4F06656E469
:10CF500068520785E85617A5787247C5F87657E5F1
:10CF600061438686E14796A67163C6C6F167D6E639
:10CF700069538787E95797A77973C7C7F977D7E7C1
:10CF8000220A0C88A20E1CA8322A4CC8B22E5CE8D9
:10CF90002A1A0D89AA1E1DA93A3A4DC9BA3E5DE961
:10CFA000230B8C8AA30F9CAA332BCCCAB32FDCEAA9
:10CFB0002B1B8D8BAB1F9DAB3B3BCDCBBB3FDDEB31
:10CFC000624A0E8CE24E1EAC726A4ECCF26E5EEC81
:10CFD0006A5A0F8DEA5E1FAD7A7A4FCDFA7E5FED09
:10CFE000634B8E8EE34F9EAE736BCECEF36FDEEE51
:10CFF0006B5B8F8FEB5F9FAF7B7BCFCFFB7FDFEFD9
:10D0000024822490A48634B034A264D0B4A674F0F0
:10D010002C922591AC9635B13CB265D1BCB675F178
:10D020002583A492A587B4B235A3E4D2B5A7F4F2C0
:10D030002D93A593AD97B5B33DB3E5D3BDB7F5F348
:10D0400064C22694E4C636B474E266D4F4E676F498
:10D050006CD22795ECD637B57CF267D5FCF677F520
:10D0600065C3A696E5C7B6B675E3E6D6F5E7F6F668
:10D070006DD3A797EDD7B7B77DF3E7D7FDF7F7F7F0
:10D08000268A2C98A68E3CB836AA6CD8B6AE7CF808
:10D090002E9A2D99AE9E3DB93EBA6DD9BEBE7DF990
:10D0A000278BAC9AA78FBCBA37ABECDAB7AFFCFAD8
:10D0B0002F9BAD9BAF9FBDBB3FBBEDDBBFBFFDFB60
:10D0C00066CA2E9CE6CE3EBC76EA6EDCF6EE7EFCB0
:10D0D0006EDA2F9DEEDE3FBD7EFA6FDDFEFE7FFD38
:10D0E00067CBAE9EE7CFBEBE77EBEEDEF7EFFEFE80
:10D0F0006FDBAF9FEFDFBFBF7FFBEFDFFFFFFFFF08
:10D100000000000080041020102040409024506057
:10D1100008100101881411211830414198345161DF
:10D1200001018002810590221121C0429125D06227
:10D1300009118103891591231931C1439935D163AF
:10D1400040400204C044122450604244D0645264FF
:10D1500048500305C854132558704345D874536587
:10D1600041418206C14592265161C246D165D266CF
:10D1700049518307C95593275971C347D975D36757
:10D1800002080808820C182812284848922C58686F
:10D190000A1809098A1C19291A3849499A3C5969F7
:10D1A0000309880A830D982A1329C84A932DD86A3F
:10D1B0000B19890B8B1D992B1B39C94B9B3DD96BC7
:10D1C00042480A0CC24C1A2C52684A4CD26C5A6C17
:10D1D0004A580B0DCA5C1B2D5A784B4DDA7C5B6D9F
:10D1E00043498A0EC34D9A2E5369CA4ED36DDA6EE7
:10D1F0004B598B0FCB5D9B2F5B79CB4FDB7DDB6F6F
:10D20000048020108484303014A0605094A4707086
:10D210000C9021118C9431311CB061519CB471710E
:10D220000581A0128585B03215A1E05295A5F07256
:10D230000D91A1138D95B1331DB1E1539DB5F173DE
:10D2400044C02214C4C4323454E06254D4E472742E
:10D250004CD02315CCD433355CF06355DCF47375B6
:10D2600045C1A216C5C5B23655E1E256D5E5F276FE
:10D270004DD1A317CDD5B3375DF1E357DDF5F37786
:10D2800006882818868C383816A8685896AC78789E
:10D290000E9829198E9C39391EB869599EBC797926
:10D2A0000789A81A878DB83A17A9E85A97ADF87A6E
:10D2B0000F99A91B8F9DB93B1FB9E95B9FBDF97BF6
:10D2C00046C82A1CC6CC3A3C56E86A5CD6EC7A7C46
:10D2D0004ED82B1DCEDC3B3D5EF86B5DDEFC7B7DCE
:10D2E00047C9AA1EC7CDBA3E57E9EA5ED7EDFA7E16
:10D2F0004FD9AB1FCFDDBB3F5FF9EB5FDFFDFB7F9E
:10D3000020020480A00614A0302244C0B02654E0BD
:10D3100028120581A81615A1383245C1B83655E145
:10D3200021038482A10794A23123C4C2B127D4E28D
:10D3300029138583A91795A33933C5C3B937D5E315
:10D3400060420684E04616A4706246C4F06656E465
:10D3500068520785E85617A5787247C5F87657E5ED
:10D3600061438686E14796A67163C6C6F167D6E635
:10D3700069538787E95797A77973C7C7F977D7E7BD
:10D38000220A0C88A20E1CA8322A4CC8B22E5CE8D5
:10D390002A1A0D89AA1E1DA93A3A4DC9BA3E5DE95D
:10D3A000230B8C8AA30F9CAA332BCCCAB32FDCEAA5
:10D3B0002B1B8D8BAB1F9DAB3B3BCDCBBB3FDDEB2D
:10D3C000624A0E8CE24E1EAC726A4ECCF26E5EEC7D
:10D3D0006A5A0F8DEA5E1FAD7A7A4FCDFA7E5FED05
:10D3E000634B8E8EE34F9EAE736BCECEF36FDEEE4D
:10D3F0006B5B8F8FEB5F9FAF7B7BCFCFFB7FDFEFD5
:10D4000024822490A48634B034A264D0B4A674F0EC
:10D410002C922591AC9635B13CB265D1BCB675F174
:10D420002583A492A587B4B235A3E4D2B5A7F4F2BC
:10D430002D93A593AD97B5B33DB3E5D3BDB7F5F344
:10D4400064C22694E4C636B474E266D4F4E676F494
:10D450006CD22795ECD637B57CF267D5FCF677F51C
:10D4600065C3A696E5C7B6B675E3E6D6F5E7F6F664
:10D470006DD3A797EDD7B7B77DF3E7D7FDF7F7F7EC
:10D48000268A2C98A68E3CB836AA6CD8B6AE7CF804
:10D490002E9A2D99AE9E3DB93EBA6DD9BEBE7DF98C
:10D4A000278BAC9AA78FBCBA37ABECDAB7AFFCFAD4
:10D4B0002F9BAD9BAF9FBDBB3FBBEDDBBFBFFDFB5C
:10D4C00066CA2E9CE6CE3EBC76EA6EDCF6EE7EFCAC
:10D4D0006EDA2F9DEEDE3FBD7EFA6FDDFEFE7FFD34
:10D4E00067CBAE9EE7CFBEBE77EBEEDEF7EFFEFE7C
:10D4F0006FDBAF9FEFDFBFBF7FFBEFDFFFFFFFFF04
:10D500000000000080041020102040409024506053
:10D5100008100101881411211830414198345161DB
:10D5200001018002810590221121C0429125D06223
:10D5300009118103891591231931C1439935D163AB
:10D5400040400204C044122450604244D0645264FB
:10D5500048500305C854132558704345D874536583
:10D5600041418206C14592265161C246D165D266CB
:10D5700049518307C95593275971C347D975D36753
:10D5800002080808820C182812284848922C58686B
:10D590000A1809098A1C19291A3849499A3C5969F3
:10D5A0000309880A830D982A1329C84A932DD86A3B
:10D5B0000B19890B8B1D992B1B39C94B9B3DD96BC3
:10D5C00042480A0CC24C1A2C52684A4CD26C5A6C13
:10D5D0004A580B0DCA5C1B2D5A784B4DDA7C5B6D9B
:10D5E00043498A0EC34D9A2E5369CA4ED36DDA6EE3
:10D5F0004B598B0FCB5D9B2F5B79CB4FDB7DDB6F6B
:10D60000048020108484303014A0605094A4707082
:10D610000C9021118C9431311CB061519CB471710A
:10D620000581A0128585B03215A1E05295A5F07252
:10D630000D91A1138D95B1331DB1E1539DB5F173DA
:10D6400044C02214C4C4323454E06254D4E472742A
:10D650004CD02315CCD433355CF06355DCF47375B2
:10D6600045C1A216C5C5B23655E1E256D5E5F276FA
:10D670004DD1A317CDD5B3375DF1E357DDF5F37782
:10D6800006882818868C383816A8685896AC78789A
:10D690000E9829198E9C39391EB869599EBC797922
:10D6A0000789A81A878DB83A17A9E85A97ADF87A6A
:10D6B0000F99A91B8F9DB93B1FB9E95B9FBDF97BF2
:10D6C00046C82A1CC6CC3A3C56E86A5CD6EC7A7C42
:10D6D0004ED82B1DCEDC3B3D5EF86B5DDEFC7B7DCA
:10D6E00047C9AA1EC7CDBA3E57E9EA5ED7EDFA7E12
:10D6F0004FD9AB1FCFDDBB3F5FF9EB5FDFFDFB7F9A
:10D7000020020480A00614A0302244C0B02654E0B9
:10D7100028120581A81615A1383245C1B83655E141
:10D7200021038482A10794A23123C4C2B127D4E289
:10D7300029138583A91795A33933C5C3B937D5E311
:10D7400060420684E04616A4706246C4F06656E461
:10D7500068520785E85617A5787247C5F87657E5E9
:10D7600061438686E14796A67163C6C6F167D6E631
:10D7700069538787E95797A77973C7C7F977D7E7B9
:10D78000220A0C88A20E1CA8322A4CC8B22E5CE8D1
:10D790002A1A0D89AA1E1DA93A3A4DC9BA3E5DE959
:10D7A000230B8C8AA30F9CAA332BCCCAB32FDCEAA1
:10D7B0002B1B8D8BAB1F9DAB3B3BCDCBBB3FDDEB29
:10D7C000624A0E8CE24E1EAC726A4ECCF26E5EEC79
:10D7D0006A5A0F8DEA5E1FAD7A7A4FCDFA7E5FED01
:10D7E000634B8E8EE34F9EAE736BCECEF36FDEEE49
:10D7F0006B5B8F8FEB5F9FAF7B7BCFCFFB7FDFEFD1
:10D8000024822490A48634B034A264D0B4A674F0E8
:10D810002C922591AC9635B13CB265D1BCB675F170
:10D820002583A492A587B4B235A3E4D2B5A7F4F2B8
:10D830002D93A593AD97B5B33DB3E5D3BDB7F5F340
:10D8400064C22694E4C636B474E266D4F4E676F490
:10D850006CD22795ECD637B57CF267D5FCF677F518
:10D8600065C3A696E5C7B6B675E3E6D6F5E7F6F660
:10D870006DD3A797EDD7B7B77DF3E7D7FDF7F7F7E8
:10D88000268A2C98A68E3CB836AA6CD8B6AE7CF800
:10D890002E9A2D99AE9E3DB93EBA6DD9BEBE7DF988
:10D8A000278BAC9AA78FBCBA37ABECDAB7AFFCFAD0
:10D8B0002F9BAD9BAF9FBDBB3FBBEDDBBFBFFDFB58
:10D8C00066CA2E9CE6CE3EBC76EA6EDCF6EE7EFCA8
:10D8D0006EDA2F9DEEDE3FBD7EFA6FDDFEFE7FFD30
:10D8E00067CBAE9EE7CFBEBE77EBEEDEF7EFFEFE78
:10D8F0006FDBAF9FEFDFBFBF7FFBEFDFFFFFFFFF00
:10D90000000000008004102010204040902450604F
:10D9100008100101881411211830414198345161D7
:10D9200001018002810590221121C0429125D0621F
:10D9300009118103891591231931C1439935D163A7
:10D9400040400204C044122450604244D0645264F7
:10D9500048500305C854132558704345D87453657F
:10D9600041418206C14592265161C246D165D266C7
:10D9700049518307C95593275971C347D975D3674F
:10D9800002080808820C182812284848922C586867
:10D990000A1809098A1C19291A3849499A3C5969EF
:10D9A0000309880A830D982A1329C84A932DD86A37
:10D9B0000B19890B8B1D992B1B39C94B9B3DD96BBF
:10D9C00042480A0CC24C1A2C52684A4CD26C5A6C0F
:10D9D0004A580B0DCA5C1B2D5A784B4DDA7C5B6D97
:10D9E00043498A0EC34D9A2E5369CA4ED36DDA6EDF
:10D9F0004B598B0FCB5D9B2F5B79CB4FDB7DDB6F67
:10DA0000048020108484303014A0605094A470707E
:10DA10000C9021118C9431311CB061519CB4717106
:10DA20000581A0128585B03215A1E05295A5F0724E
:10DA30000D91A1138D95B1331DB1E1539DB5F173D6
:10DA400044C02214C4C4323454E06254D4E4727426
:10DA50004CD02315CCD433355CF06355DCF47375AE
:10DA600045C1A216C5C5B23655E1E256D5E5F276F6
:10DA70004DD1A317CDD5B3375DF1E357DDF5F3777E
:10DA800006882818868C383816A8685896AC787896
:10DA90000E9829198E9C39391EB869599EBC79791E
:10DAA0000789A81A878DB83A17A9E85A97ADF87A66
:10DAB0000F99A91B8F9DB93B1FB9E95B9FBDF97BEE
:10DAC00046C82A1CC6CC3A3C56E86A5CD6EC7A7C3E
:10DAD0004ED82B1DCEDC3B3D5EF86B5DDEFC7B7DC6
:10DAE00047C9AA1EC7CDBA3E57E9EA5ED7EDFA7E0E
:10DAF0004FD9AB1FCFDDBB3F5FF9EB5FDFFDFB7F96
:10DB000020020480A00614A0302244C0B02654E0B5
:10DB100028120581A81615A1383245C1B83655E13D
:10DB200021038482A10794A23123C4C2B127D4E285
:10DB300029138583A91795A33933C5C3B937D5E30D
:10DB400060420684E04616A4706246C4F06656E45D
:10DB500068520785E85617A5787247C5F87657E5E5
:10DB600061438686E14796A67163C6C6F167D6E62D
:10DB700069538787E95797A77973C7C7F977D7E7B5
:10DB8000220A0C88A20E1CA8322A4CC8B22E5CE8CD
:10DB90002A1A0D89AA1E1DA93A3A4DC9BA3E5DE955
:10DBA000230B8C8AA30F9CAA332BCCCAB32FDCEA9D
:10DBB0002B1B8D8BAB1F9DAB3B3BCDCBBB3FDDEB25
:10DBC000624A0E8CE24E1EAC726A4ECCF26E5EEC75
:10DBD0006A5A0F8DEA5E1FAD7A7A4FCDFA7E5FEDFD
:10DBE000634B8E8EE34F9EAE736BCECEF36FDEEE45
:10DBF0006B5B8F8FEB5F9FAF7B7BCFCFFB7FDFEFCD
:10DC000024822490A48634B034A264D0B4A674F0E4
:10DC10002C922591AC9635B13CB265D1BCB675F16C
:10DC20002583A492A587B4B235A3E4D2B5A7F4F2B4
:10DC30002D93A593AD97B5B33DB3E5D3BDB7F5F33C
:10DC400064C22694E4C636B474E266D4F4E676F48C
:10DC50006CD22795ECD637B57CF267D5FCF677F514
:10DC600065C3A696E5C7B6B675E3E6D6F5E7F6F65C
:10DC70006DD3A797EDD7B7B77DF3E7D7FDF7F7F7E4
:10DC8000268A2C98A68E3CB836AA6CD8B6AE7CF8FC
:10DC90002E9A2D99AE9E3DB93EBA6DD9BEBE7DF984
:10DCA000278BAC9AA78FBCBA37ABECDAB7AFFCFACC
:10DCB0002F9BAD9BAF9FBDBB3FBBEDDBBFBFFDFB54
:10DCC00066CA2E9CE6CE3EBC76EA6EDCF6EE7EFCA4
:10DCD0006EDA2F9DEEDE3FBD7EFA6FDDFEFE7FFD2C
:10DCE00067CBAE9EE7CFBEBE77EBEEDEF7EFFEFE74
:10DCF0006FDBAF9FEFDFBFBF7FFBEFDFFFFFFFFFFC
:10DD0000000000008004102010204040902450604B
:10DD100008100101881411211830414198345161D3
:10DD200001018002810590221121C0429125D0621B
:10DD300009118103891591231931C1439935D163A3
:10DD400040400204C044122450604244D0645264F3
:10DD500048500305C854132558704345D87453657B
:10DD600041418206C14592265161C246D165D266C3
:10DD700049518307C95593275971C347D975D3674B
:10DD800002080808820C182812284848922C586863
:10DD90000A1809098A1C19291A3849499A3C5969EB
:10DDA0000309880A830D982A1329C84A932DD86A33
:10DDB0000B19890B8B1D992B1B39C94B9B3DD96BBB
:10DDC00042480A0CC24C1A2C52684A4CD26C5A6C0B
:10DDD0004A580B0DCA5C1B2D5A784B4DDA7C5B6D93
:10DDE00043498A0EC34D9A2E5369CA4ED36DDA6EDB
:10DDF0004B598B0FCB5D9B2F5B79CB4FDB7DDB6F63
:10DE0000048020108484303014A0605094A470707A
:10DE10000C9021118C9431311CB061519CB4717102
:10DE20000581A0128585B03215A1E05295A5F0724A
:10DE30000D91A1138D95B1331DB1E1539DB5F173D2
:10DE400044C02214C4C4323454E06254D4E4727422
:10DE50004CD02315CCD433355CF06355DCF47375AA
:10DE600045C1A216C5C5B23655E1E256D5E5F276F2
:10DE70004DD1A317CDD5B3375DF1E357DDF5F3777A
:10DE800006882818868C383816A8685896AC787892
:10DE90000E9829198E9C39391EB869599EBC79791A
:10DEA0000789A81A878DB83A17A9E85A97ADF87A62
:10DEB0000F99A91B8F9DB93B1FB9E95B9FBDF97BEA
:10DEC00046C82A1CC6CC3A3C56E86A5CD6EC7A7C3A
:10DED0004ED82B1DCEDC3B3D5EF86B5DDEFC7B7DC2
:10DEE00047C9AA1EC7CDBA3E57E9EA5ED7EDFA7E0A
:10DEF0004FD9AB1FCFDDBB3F5FF9EB5FDFFDFB7F92
:10DF000020020480A00614A0302244C0B02654E0B1
:10DF100028120581A81615A1383245C1B83655E139
:10DF200021038482A10794A23123C4C2B127D4E281
:10DF300029138583A91795A33933C5C3B937D5E309
:10DF400060420684E04616A4706246C4F06656E459
:10DF500068520785E85617A5787247C5F87657E5E1
:10DF600061438686E14796A67163C6C6F167D6E629
:10DF700069538787E95797A77973C7C7F977D7E7B1
:10DF8000220A0C88A20E1CA8322A4CC8B22E5CE8C9
:10DF90002A1A0D89AA1E1DA93A3A4DC9BA3E5DE951
:10DFA000230B8C8AA30F9CAA332BCCCAB32FDCEA99
:10DFB0002B1B8D8BAB1F9DAB3B3BCDCBBB3FDDEB21
:10DFC000624A0E8CE24E1EAC726A4ECCF26E5EEC71
:10DFD0006A5A0F8DEA5E1FAD7A7A4FCDFA7E5FEDF9
:10DFE000634B8E8EE34F9EAE736BCECEF36FDEEE41
:10DFF0006B5B8F8FEB5F9FAF7B7BCFCFFB7FDFEFC9
:10E0000024822490A48634B034A264D0B4A674F0E0
:10E010002C922591AC9635B13CB265D1BCB675F168
:10E020002583A492A587B4B235A3E4D2B5A7F4F2B0
:10E030002D93A593AD97B5B33DB3E5D3BDB7F5F338
:10E0400064C22694E4C636B474E266D4F4E676F488
:10E050006CD22795ECD637B57CF267D5FCF677F510
:10E0600065C3A696E5C7B6B675E3E6D6F5E7F6F658
:10E070006DD3A797EDD7B7B77DF3E7D7FDF7F7F7E0
:10E08000268A2C98A68E3CB836AA6CD8B6AE7CF8F8
:10E090002E9A2D99AE9E3DB93EBA6DD9BEBE7DF980
:10E0A000278BAC9AA78FBCBA37ABECDAB7AFFCFAC8
:10E0B0002F9BAD9BAF9FBDBB3FBBEDDBBFBFFDFB50
:10E0C00066CA2E9CE6CE3EBC76EA6EDCF6EE7EFCA0
:10E0D0006EDA2F9DEEDE3FBD7EFA6FDDFEFE7FFD28
:10E0E00067CBAE9EE7CFBEBE77EBEEDEF7EFFEFE70
:10E0F0006FDBAF9FEFDFBFBF7FFBEFDFFFFFFFFFF8
:10E100000000000080041020102040409024506047
:10E1100008100101881411211830414198345161CF
:10E1200001018002810590221121C0429125D06217
:10E1300009118103891591231931C1439935D1639F
:10E1400040400204C044122450604244D0645264EF
:10E1500048500305C854132558704345D874536577
:10E1600041418206C14592265161C246D165D266BF
:10E1700049518307C95593275971C347D975D36747
:10E1800002080808820C182812284848922C58685F
:10E190000A1809098A1C19291A3849499A3C5969E7
:10E1A0000309880A830D982A1329C84A932DD86A2F
:10E1B0000B19890B8B1D992B1B39C94B9B3DD96BB7
:10E1C00042480A0CC24C1A2C52684A4CD26C5A6C07
:10E1D0004A580B0DCA5C1B2D5A784B4DDA7C5B6D8F
:10E1E00043498A0EC34D9A2E5369CA4ED36DDA6ED7
:10E1F0004B598B0FCB5D9B2F5B79CB4FDB7DDB6F5F
:10E20000048020108484303014A0605094A4707076
:10E210000C9021118C9431311CB061519CB47171FE
:10E220000581A0128585B03215A1E05295A5F07246
:10E230000D91A1138D95B1331DB1E1539DB5F173CE
:10E2400044C02214C4C4323454E06254D4E472741E
:10E250004CD02315CCD433355CF06355DCF47375A6
:10E2600045C1A216C5C5B23655E1E256D5E5F276EE
:10E270004DD1A317CDD5B3375DF1E357DDF5F37776
:10E2800006882818868C383816A8685896AC78788E
:10E290000E9829198E9C39391EB869599EBC797916
:10E2A0000789A81A878DB83A17A9E85A97ADF87A5E
:10E2B0000F99A91B8F9DB93B1FB9E95B9FBDF97BE6
:10E2C00046C82A1CC6CC3A3C56E86A5CD6EC7A7C36
:10E2D0004ED82B1DCEDC3B3D5EF86B5DDEFC7B7DBE
:10E2E00047C9AA1EC7CDBA3E57E9EA5ED7EDFA7E06
:10E2F0004FD9AB1FCFDDBB3F5FF9EB5FDFFDFB7F8E
:10E3000020020480A00614A0302244C0B02654E0AD
:10E3100028120581A81615A1383245C1B83655E135
:10E3200021038482A10794A23123C4C2B127D4E27D
:10E3300029138583A91795A33933C5C3B937D5E305
:10E3400060420684E04616A4706246C4F06656E455
:10E3500068520785E85617A5787247C5F87657E5DD
:10E3600061438686E14796A67163C6C6F167D6E625
:10E3700069538787E95797A77973C7C7F977D7E7AD
:10E38000220A0C88A20E1CA8322A4CC8B22E5CE8C5
:10E390002A1A0D89AA1E1DA93A3A4DC9BA3E5DE94D
:10E3A000230B8C8AA30F9CAA332BCCCAB32FDCEA95
:10E3B0002B1B8D8BAB1F9DAB3B3BCDCBBB3FDDEB1D
:10E3C000624A0E8CE24E1EAC726A4ECCF26E5EEC6D
:10E3D0006A5A0F8DEA5E1FAD7A7A4FCDFA7E5FEDF5
:10E3E000634B8E8EE34F9EAE736BCECEF36FDEEE3D
:10E3F0006B5B8F8FEB5F9FAF7B7BCFCFFB7FDFEFC5
:10E4000024822490A48634B034A264D0B4A674F0DC
:10E410002C922591AC9635B13CB265D1BCB675F164
:10E420002583A492A587B4B235A3E4D2B5A7F4F2AC
:10E430002D93A593AD97B5B33DB3E5D3BDB7F5F334
:10E4400064C22694E4C636B474E266D4F4E676F484
:10E450006CD22795ECD637B57CF267D5FCF677F50C
:10E4600065C3A696E5C7B6B675E3E6D6F5E7F6F654
:10E470006DD3A797EDD7B7B77DF3E7D7FDF7F7F7DC
:10E48000268A2C98A68E3CB836AA6CD8B6AE7CF8F4
:10E490002E9A2D99AE9E3DB93EBA6DD9BEBE7DF97C
:10E4A000278BAC9AA78FBCBA37ABECDAB7AFFCFAC4
:10E4B0002F9BAD9BAF9FBDBB3FBBEDDBBFBFFDFB4C
:10E4C00066CA2E9CE6CE3EBC76EA6EDCF6EE7EFC9C
:10E4D0006EDA2F9DEEDE3FBD7EFA6FDDFEFE7FFD24
:10E4E00067CBAE9EE7CFBEBE77EBEEDEF7EFFEFE6C
:10E4F0006FDBAF9FEFDFBFBF7FFBEFDFFFFFFFFFF4
:10E500000000000080041020102040409024506043
:10E5100008100101881411211830414198345161CB
:10E5200001018002810590221121C0429125D06213
:10E5300009118103891591231931C1439935D1639B
:10E5400040400204C044122450604244D0645264EB
:10E5500048500305C854132558704345D874536573
:10E5600041418206C14592265161C246D165D266BB
:10E5700049518307C95593275971C347D975D36743
:10E5800002080808820C182812284848922C58685B
:10E590000A1809098A1C19291A3849499A3C5969E3
:10E5A0000309880A830D982A1329C84A932DD86A2B
:10E5B0000B19890B8B1D992B1B39C94B9B3DD96BB3
:10E5C00042480A0CC24C1A2C52684A4CD26C5A6C03
:10E5D0004A580B0DCA5C1B2D5A784B4DDA7C5B6D8B
:10E5E00043498A0EC34D9A2E5369CA4ED36DDA6ED3
:10E5F0004B598B0FCB5D9B2F5B79CB4FDB7DDB6F5B
:10E60000048020108484303014A0605094A4707072
:10E610000C9021118C9431311CB061519CB47171FA
:10E620000581A0128585B03215A1E05295A5F07242
:10E630000D91A1138D95B1331DB1E1539DB5F173CA
:10E6400044C02214C4C4323454E06254D4E472741A
:10E650004CD02315CCD433355CF06355DCF47375A2
:10E6600045C1A216C5C5B23655E1E256D5E5F276EA
:10E670004DD1A317CDD5B3375DF1E357DDF5F37772
:10E6800006882818868C383816A8685896AC78788A
:10E690000E9829198E9C39391EB869599EBC797912
:10E6A0000789A81A878DB83A17A9E85A97ADF87A5A
:10E6B0000F99A91B8F9DB93B1FB9E95B9FBDF97BE2
:10E6C00046C82A1CC6CC3A3C56E86A5CD6EC7A7C32
:10E6D0004ED82B1DCEDC3B3D5EF86B5DDEFC7B7DBA
:10E6E00047C9AA1EC7CDBA3E57E9EA5ED7EDFA7E02
:10E6F0004FD9AB1FCFDDBB3F5FF9EB5FDFFDFB7F8A
:10E7000020020480A00614A0302244C0B02654E0A9
:10E7100028120581A81615A1383245C1B83655E131
:10E7200021038482A10794A23123C4C2B127D4E279
:10E7300029138583A91795A33933C5C3B937D5E301
:10E7400060420684E04616A4706246C4F06656E451
:10E7500068520785E85617A5787247C5F87657E5D9
:10E7600061438686E14796A67163C6C6F167D6E621
:10E7700069538787E95797A77973C7C7F977D7E7A9
:10E78000220A0C88A20E1CA8322A4CC8B22E5CE8C1
:10E790002A1A0D89AA1E1DA93A3A4DC9BA3E5DE949
:10E7A000230B8C8AA30F9CAA332BCCCAB32FDCEA91
:10E7B0002B1B8D8BAB1F9DAB3B3BCDCBBB3FDDEB19
:10E7C000624A0E8CE24E1EAC726A4ECCF26E5EEC69
:10E7D0006A5A0F8DEA5E1FAD7A7A4FCDFA7E5FEDF1
:10E7E000634B8E8EE34F9EAE736BCECEF36FDEEE39
:10E7F0006B5B8F8FEB5F9FAF7B7BCFCFFB7FDFEFC1
:10E8000024822490A48634B034A264D0B4A674F0D8
:10E810002C922591AC9635B13CB265D1BCB675F160
:10E820002583A492A587B4B235A3E4D2B5A7F4F2A8
:10E830002D93A593AD97B5B33DB3E5D3BDB7F5F330
:10E8400064C22694E4C636B474E266D4F4E676F480
:10E850006CD22795ECD637B57CF267D5FCF677F508
:10E8600065C3A696E5C7B6B675E3E6D6F5E7F6F650
:10E870006DD3A797EDD7B7B77DF3E7D7FDF7F7F7D8
:10E88000268A2C98A68E3CB836AA6CD8B6AE7CF8F0
:10E890002E9A2D99AE9E3DB93EBA6DD9BEBE7DF978
:10E8A000278BAC9AA78FBCBA37ABECDAB7AFFCFAC0
:10E8B0002F9BAD9BAF9FBDBB3FBBEDDBBFBFFDFB48
:10E8C00066CA2E9CE6CE3EBC76EA6EDCF6EE7EFC98
:10E8D0006EDA2F9DEEDE3FBD7EFA6FDDFEFE7FFD20
:10E8E00067CBAE9EE7CFBEBE77EBEEDEF7EFFEFE68
:10E8F0006FDBAF9FEFDFBFBF7FFBEFDFFFFF07FFE8
:10E900005982E5ABDEE614A587DFC2AAAE953B6F60
:10E9100008E385AC7333B0DEDCCEBC2308472BCADA
:10E92000790560839301B42FAF43B62E1117B0223F
:10E9300071A184ACE951952E794C7FBCE13131E273
:10E94000FAAF69A76CDBE3F2AF91E1C4B51232F81C
:10E95000C0AD07DEF013D18F608FFAEE4787DF6816
:10E9600045B8869D51276543C1033523AF6333E521
:10E970004575E80872C79366217523C649172002BA
:10E98000A62C3B0EF92BB969A9CAE4B51208336766
:10E990003828FEA65B985D19AE5AB2B4E43AB06668
:10E9A000B9F82B4ADDEF9C876B0D69D5911FB8BA7A
:10E9B000AB6A2A88B3E7352645DBCDCEC9F5320FE1
:10E9C000C53B6C899D4C25D3504C2143EA2B84F1E7
:10E9D00070E9A8A24A5DF920D871EAD2A3FE405599
:10E9E00055FC614A184DE5AED31AFC0C30493B5139
:10E9F000EF2A0F4E307A1622EF1B3021E34D9B9009
:10EA000072DF8375B9CEC12C6C48E29DECA090F109
:10EA1000F398C41737DAACCC0EBC8A15E40452DE86
:10EA2000BA63B0DFA8FE296E4B43A0D7545674DFFB
:10EA300092267C1C20B110EC235383493991508CD1
:10EA40009733AE195B0F9375EFAE46310717F6D9C2
:10EA5000DC2027B435F3924A6437BDC87886FD348C
:10EA6000BEE603E99B27F23BE1831133715523D9BD
:10EA70001822279AF2F15A74BED50E3BE34471EB8B
:10EA8000B2F78B1E32EEC73E68AFC9A722CEFA623C
:10EA9000BAFAD61F3AFE1D926AE7CA3C215EFB31E4
:10EAA000C9FA09C58B8919A5A3CB6AA314F25B1F08
:10EAB000C1EB08EAF7995098A05B0CF01FDF061E27
:10EAC000148DC178D0AEC5919217E551116B5EB12E
:10EAD000103A2F98903E3F903CF84F5B85FC00BD6C
:10EAE0007FED431D93684D7F289630D32CE51F8121
:10EAF0005DDD8FE01D59FF0F53FD4A805FF961E432
:10EB000028F1888DDF752221222660C60BC4F81DEE
:10EB100092E3A6C153697DAC8C50C73880CCF9EC28
:10EB2000DA24257DA5F875C1783F653DC9033F8688
:10EB30001B23852C5669BB7C0E6C66A62EC8243020
:10EB40005AA9B5821F3DC839CFF9B352CAC3724022
:10EB5000C4A24D734C34E4C0941085CD5C529FF632
:10EB60002C0B27790263E009E10131A323611E45E3
:10EB700096214587D1ACB3FAC2E1C7865964B983FF
:10EB80008279AF0B32E6C4658DC8CED21EABAB1511
:10EB90007315E87690E4E6F602B8303CB84D336C75
:10EBA0002FF800CB58077955734933AF77D0B7E5C5
:10EBB0002A6D0F72D6F59BCB94D961362B4CB7409A
:10EBC0009938FD33D07E1C032B75ABCA620CA98922
:10EBD000FA29697CA37A9D542375AA12C281DD1497
:10EBE000A34E3713433C3D2D58F6408FCB9053AF87
:10EBF000155D662C803D60A97A0D7093131DFB6E28
:10EC0000DB006BFD96B6E31F4CB284518C828853B7
:10EC1000D7ED2B6E3365B9F04402767E2B45F17C3F
:10EC20001D3F29F005F417313650607FB31697BCAD
:10EC30004DEE1F4ED390146C99D11AB6EFCA1E97A1
:10EC40005C388A99DC389AB9C08042D2F41F7AB411
:10EC500093ACF54A51EBC8E804F6875438086F18AE
:10EC60001A845B201AB99289BB28477D756C1B9A60
:10EC700057295CEC3E294E845D00637A390816689A
:10EC80005EADD19712ECC3E50E2811BF26CC8F9D47
:10EC9000D5BD8C66BC9A19B4469E9A9B3EDC8A9C74
:10ECA000475E1597F96DB83F984940278F547EB25B
:10ECB0004F4E1C9654B81C443D4B0478879BCEFDA8
:10ECC0009924958399B40C230E5A639D89CA95980B
:10ECD0005590D6DCECBCC8D84CCA6B9C86DAFD04D7
:10ECE000A7CE17825CEB3C96481A4D9E4E0D528380
:10ECF00057250392D7209BA4470143D24A1D537244
:10ED000078821BE3DE7BB38B8F04A0C17CB60268E4
:10ED1000BC728C874276700160803C00CE7393A3F6
:10ED2000392521DDD0851229E6D244EF1166E7CFDF
:10ED3000216F43039108974F532C3EE8A784D201DB
:10ED400038F061ABF83B932928E4CB3E2BA6F3DBEC
:10ED500070D48AA29C96B2DA5E812D1418653D6F3C
:10ED6000E52375631C55940A91268A4EB907210A3A
:10ED70005B906843A13764297974A8A4C233FB254A
:10ED8000923666FDA9BE65186A2CA1ABCCCE40EDCB
:10ED9000A3669C48F23BBA2DA5BA98BBA08C88C646
:10EDA00052467576434E87A7210D14E98194332E80
:10EDB000F47B7A6E829FBAE1FFC6CFA53F4F57C45E
:10EDC0007CAA6887FAB79921C0ECC3363953A76586
:10EDD00086AB8FA01C1C1663CFFCC2FAF2545D41B7
:10EDE000830A6E8FB88A9C8E933BA646C985582CA1
:10EDF00033E9E8A0DFD94CDA63836742508656993D
:10EE00007A86C19344C72FBD06C38B1434D7D3F37E
:10EE1000347E8D1CF496272A62B79C5EE4938C7E28
:10EE2000CB722C53FDA2D3382B4382F9CF567CFFF3
:10EE3000A10A851EEDE3F3354353F98E5DF3A5F288
:10EE400016312438ECC493EB2CDF0815EF7A73A449
:10EE5000ECA380960B1437189C97FA53F6713095F3
:10EE6000F7F1BCB97102B45A8A1EC659B52C947B0D
:10EE700013222FCAB057A8F4058442888D97FF65E6
:10EE8000C20D2692DEFC9B95D6EE661A4B5FFCD532
:10EE90005CFAE87BB4BB3FF53D88CCF63ACEF7860A
:10EEA000C0AD2A20D61D1435BB16EED6331D21D594
:10EEB0009F680A5B21193041BFCA4AD85FFE1FFA1A
:10EEC0003EEFD713FE4934B6E28A951D0C43F8464F
:10EED00054C4088BF23729F65F8ED41F1A2C777E24
:10EEE000417C43FD10ED1B7E0EF68DA1058F3B1C72
:10EEF0001171F1043EF98809F7E8ED83E770C8EA7B
:10EF000018F98B7698B41CB06FE2483B6224146108
:10EF1000D335A4ED3712952394A003CBC68353AD0C
:10EF20001A9DA08F61404525CE072D61CFD4B26FC9
:10EF30004B47700597A6182574412E203A07D94CE7
:10EF4000C43CA5E15F2628E69CF12859CBF855146E
:10EF50009A625D2A6EAD9A5346C38507D2A60BE628
:10EF6000DEA180AAC947908A1363C7A491AEB0EB13
:10EF7000C9202404D2C9945771662E64C147C52C98
:10EF8000222E6FDA604E50050C9BBB63125DD06B76
:10EF900072A6E6EDA20A1BC5FEBEC03E5EC15BC501
:10EFA000B4F80801F5C85E384B22CA869CDC50676D
:10EFB000BBEB62FA80ADB0DB11BF0C5F490FD644EA
:10EFC0003CB98281828778EE9EF81CC4436C00F7BE
:10EFD00046E96FBF6A3DA4BF081F57CBC280F3E06C
:10EFE000986C2FCCC912BEA3F1EF435293EB5FFF95
:10EFF000155D66803170BBED23AEACEF04B8261909
:10F0000016B220D11F64984D6A51E82DF155F05D7C
:10F0100080EDFF4C6CC459BBEA00755D18C4D694F2
:10F020005AF1D60DDD033DC84DB28A7FCD179F5DE5
:10F030004EB7D6932DD4741E03028EDC0255BD103C
:10F0400004B4A49F5EA632997060295BCED289E693
:10F050003D308B1E2C9017B9FC91DCCE507438E8F3
:10F060007F210A3B984333A14D93EEDF4F570D2983
:10F070006957627BD5AC36BA9C85C40EC568751DD0
:10F0800079862AD8F049FE9A33980C70881B9E081E
:10F090001CAAD736CC0A3EF91549E1547EFD9B786F
:10F0A000814C51DBAF0E551949AD0D59C1DD171912
:10F0B0008FE80E1883735418DB6BB1DDF14C795671
:10F0C000A689D4415D8C9F41B6ACDC9E488CA8F6E5
:10F0D0004ECF29B12E9D15B32EB8CE6001DA7FFD3B
:10F0E0001FEC5391CFAD818CDB7DE892F507223583
:10F0F00018A90CFAD7203CB257991AD3FFFFFFFF8B
:10F10000A7B833E8BEB89DA658288868BA57226BBE
:10F1100055E7076D0625673E382189F2B01CF09E41
:10F120005A01B7BE83C5F4A9C632C54A85CD52205F
:10F13000499508CC33EAF2CBCA3381E12D57537994
:10F1400043C21125964092847FE4CF53D506A10196
:10F150005832D50D9ED09A6801FEA64C3BB45FC1D3
:10F1600079DE001CFBB6F489FDFEC156E9220CFBDA
:10F170000FD38A47F1A6FD65DD1328A48FDD9BC45C
:10F18000A14DE38094B5ABE54529780A0273FB0DE8
:10F1900050E7E2FACAEC548864789D611A5EA60CC6
:10F1A000A05863C278CA4622BBE61CB92CCFDE66E3
:10F1B0007559BA0D58F75CF6657D28E4A3BFCAEA15
:10F1C0007AB7A601EE2ABB8332159341F2BAD895DD
:10F1D000668B8917F2AF21A6E0E8A07EE28F6D6012
:10F1E0002381DC4C92C913632DC1F948780F315D3E
:10F1F0005B06286A236CF16D9B3E7921A5CC32CC4D
:10F200003C7E8C1D3B66D19FAB33658DF46C661ED6
:10F2100073145A4FDB7ED473BFF1BD19A73A70E166
:10F22000FA052978D275FD9373E0E1B255E2BD0489
:10F23000B6D300EEA50FB73F3B08F011FD7DAF7EC2
:10F240009D9B196BFC375C51D692899782E6ED6FD6
:10F250008CD1C113F427092E22455053097660053D
:10F260009EC1DDD6FD368053359C655BB593B0D924
:10F2700004DCC0E8ADA3F198E761084487E150736E
:10F280002EEA2E341108BDA33AA36E54712E6BAA38
:10F29000366685144E6FBD9478E89CFFFE747B74CF
:10F2A000220D292AB93458BB122D657DAF33F922BE
:10F2B000F01D208BF72DAA799379A58F649A587D3C
:10F2C0003E4CAF1B174E294C362076D796117278DC
:10F2D0003B64B6B3F2AED0FE3E85B81FF7FCF967CB
:10F2E00087DDE0429DDC1917D30BC373579F053CA4
:10F2F000479722C5AFA06232F35396545A0DBF70A0
:10F300009A92EF530AF6590167513EAE1FC4F81D99
:10F310007190E0ED020763A5F871DD833B54A28490
:10F320009B936F31F6ED515F579FC788C90356F81D
:10F33000EDEC6C304506EF0E110EC3AF81B5C63152
:10F34000DFA084ACCC2DB72B972256DF5C8ED42265
:10F3500050D014C4FEE71189F8705FDE7805616053
:10F36000E12179E3F95FF5E8901524E6B9FEBDE9FE
:10F37000A9104C81D4357CF498052587EB73D1EB2B
:10F38000CE950D72F5BC5C9446B94D15727C0EE0BD
:10F3900072D30BA586409FB3998791C17A79109F4C
:10F3A0001DB3EDAAC34E98E85596CF2A36ADCFB817
:10F3B0000E9F0C7AEB403ECE1D8280A580B1DCA270
:10F3C0002B7AD383C2D32DAAF0E833A2F7EAD797DA
:10F3D00033EE7C8DCACBFE02F708A40E522D5E8D53
:10F3E000D7342DCF59DF75FD4B98F4E7332DC6ACDC
:10F3F000345BB07039DDE2E11B0616CBDDCEE94FA0
:10F400005B065FCE8818D1F2B8BD2574FD86727C8C
:10F4100093C9A69CA912B02A5AE69077F52E739D3F
:10F420000EFD752E8D1DB2BE62EA6B2FF6E7E8F475
:10F43000D251044C932E553233F3A907333804A527
:10F44000CD2B0BE89A73971B75808D1764646584C8
:10F45000F69CB42C8CABE2B86C701AEBC6051D7E22
:10F4600028B23B38B4A55D152B52EED2CD15D73559
:10F47000C010DACB12A4DDDBBDB4552E2FC69DE83B
:10F48000E6EBE14CE47DB81538B5297CBE0EFEE212
:10F4900010DEE7918200750A1E8D8C768651F2444B
:10F4A0002B94A9F4DF3FAFF860E7A469F4CD4B9F3C
:10F4B00011DA676891265F3B68A897085AC56BF315
:10F4C0004A3EB3CF010E60112E6EEC254C119DF516
:10F4D00052A8C45E2E9C27FFFB7812B33EBC03F0FB
:10F4E000B9CBAEE2B64B7F041E890CBE676B7F883A
:10F4F000116E2D66C332B9B34708897404D85E0013
:10F500003EB1062C9EA04CAC3A8534DEDB33FEEED9
:10F510006B9480314A1151C34CEAEF0221F6249BCF
:10F52000E177860EB2F595231225832AABCA272DE3
:10F53000C957F2AE98C001F4723C9D01538D9143BE
:10F54000BF5E68F0001667820FAE96B7F86D54E89C
:10F55000195F3988C094FAB64CF4C676BB876D271C
:10F56000935BECB2123B5895F621C46AD896A03B47
:10F57000292C100891D911DE99366F05F1FAD56B57
:10F58000548C850BE8F359EE0667EA0AD6903D0ED7
:10F590005C6B638E91304D29487590CAF5B59FD547
:10F5A000C34A5EAA69F2096F7893D42A38DE2765C8
:10F5B0008942AD620EB5A4BC10FFE72B657309D379
:10F5C00022359503AB2ED86CFAEE4BCC450EA9092B
:10F5D000B0AB35A2A7AF9FA08578D6B072735D613E
:10F5E0001AC26D1E8B543BAF8C684A0EEB96272CCB
:10F5F00018DD066A9920704BF60ABDE74CF91A77B8
:10F600001AC5061283B025793F054CC0D5296BD6A3
:10F6100096E1605279F3C4BE5CB0264A1F81247A19
:10F62000FA9DA0D95D697C5413B6873ABC5AB07272
:10F630008A6F5413746A3E369CAD86DA42BB6FE41F
:10F640001A782ACF29A6723B46BB8910B31B87E2E2
:10F65000C93C23AEAEC03005F883555AEF598BE64E
:10F66000DA3C7B6D9C4B575A6F519FF9789A6F2902
:10F67000B255845C77E53475047AA7236E4C0FA4E9
:10F680006702115CCB2D66CB16A80CB12E5F8727C5
:10F690000A67DE47322A4451E14B0C939E9528FDC0
:10F6A000C7AD8C3A9A364DC5C9BCACA5ED35A46A38
:10F6B0006E6DC0188FB08A0E9846B5A4ACDF0644B4
:10F6C0007C3B1CB1EAA7D36F836CE37D16E8B6A838
:10F6D0009F9FF5156B64736EFE8B051F67A6A200D6
:10F6E000125955B3BF252CFE694196F173F27EE2A3
:10F6F000CFBAFC5DE3189F94F7B9ED33F0C3C18A2C
:10F70000BC676D299D0600B2B406B410E7D7F61F9A
:10F71000F66B7C38081C9B743B37695279DF8AC4CE
:10F720003FF6EB6933DAB799637F65A35DADB6C287
:10F73000366AAAE8C561265C12B6B71F30BECEAEE7
:10F7400058BCAA89DEEAB5A2278242B18EDAE372FA
:10F75000A8148A8D882B88A86047B3761DF2D6D569
:10F760009EC70BE37E8D1694A410F8BF8FDED0EAFF
:10F77000EDA2B9A745C593ADCECFC14BC18D7BEAF4
:10F78000FB7E6941270B14BAE62F0C5F5EB55F8ADA
:10F790008A19810D770C87F5021F41499F8A43E33F
:10F7A0002BFFFA50776AFF011CAEBE5639C251B426
:10F7B000B41B1F40D1E466EB1061E358DBF57762C0
:10F7C000A20DBA81E52C7E32E9F94F118D9FFDAC77
:10F7D000AA1DBBCF75AD930023F1AA4B3A3C47E07D
:10F7E000986C2F719D497F2D15D6CFFC4C5DBE6E58
:10F7F000C31C8EEF3ABD1D567DBB970200587E8319
:10F80000A383782D9EF0BDCBCB59D41A0FC8915D40
:10F81000AB022D6E71B5EE4EC34DD2C473D31088BA
:10F820005477E7D12802AEC17FF2D782B536D2CA6B
:10F83000D419C2F9C95E855377E3AC59E6245F4F0A
:10F84000C8E520B89CC2CBF6C566E392256272106B
:10F85000AC2BB0410E52B6445CF618D5C2F116F18D
:10F86000274723A5CDFFB0BA7DF399F619983CB28E
:10F870003ACCD1D52D85A618D08C7A7A848996F386
:10F88000328A70D8A6A32B1DB4558052084983F83C
:10F89000FA22FC0960A63DB9C1BA927DBEBE7D06C2
:10F8A000F32E7DD6DB707FAC3DDADB06B7AFFCFA1A
:10F8B000A83E8B262F86D9A34587741F404002049B
:10F8C000CAE428B037A0EC137EBB10D797AE7A926B
:10F8D00010DCC67E515ABE7D2D974E07FEFE7FFD81
:10F8E00025B89C6FB23E1DFEF7C49C7367A8DAFE74
:10F8F000AF9DAEDD2F9D79FDCC4613D7FFFFFFFFF7
:10F900003AF32EAFDACC6262BC7C46CC3CA0D50E7A
:10F91000A44C62DF1FE795AA20CFA8C2F8E1CA6C09
:10F9200055F2A6402D30F362C1433727D921D9D1F2
:10F930009EE2058801A97A47D9723F4E64CC55F8FA
:10F94000922220096C1414A82ECDCD39EBFA533431
:10F9500068F10509A81017678E30531170475225BA
:10F9600047C9E5DE98C11F6937C977E01127E2244E
:10F9700049D50E75650595AB8F7EF1FA3551519ECF
:10F980009DB4E36CB9EEB495690FE9F71ED15CB391
:10F99000CA4A2F825AFCF18979F845EDC3B2BC07F7
:10F9A00039EB2405FB1CBE87BF5612971FA90D4AD1
:10F9B000F4FB2504DF1F3186CB892028F93DD82BA5
:10F9C0000A6588E662C89763509B380EBB0ED7EA7B
:10F9D000CA6A6BD64A231D215F1AFC2845B3FAEB8D
:10F9E0002E2BE101E3D1F121FB9BCC42D72DCA683C
:10F9F0008B1F724DD8D91EB4639646E9DFBDDF0375
:10FA0000DD805BEFCC8039834D2285AF3891F218D1
:10FA1000CC740653EE9032712211A351A44B77CAD5
:10FA2000DA85D77AE5502B3FB9D2C6A435C7071778
:10FA30007644CA90812C82355570081074CB7C11A5
:10FA40001FC015A8D4A6365A747A83EB4B3ED33622
:10FA50000C54A66B20463F3FF062235FD99684107A
:10FA60001826A47A552D28FBFA9A3FABFD7FF47A2D
:10FA7000EE6048D44FDD56B14901DDA6E532312DA7
:10FA8000F9FAAA133C633E74A5095B18692E63005A
:10FA90006E4DCA14D712DC57B572D2E6F9CEBB79D7
:10FAA000C96B437981096D1ABB0C3D39AF56758717
:10FAB00015988AF1ED9DB87B34C738DA9760FF77E7
:10FAC000E57DC10FC48C3E522F9E9DD76D7E7A7608
:10FAD000ED71C04EF61BF9BD253FBD55B79E995D32
:10FAE000878A4DE1574FB77E82D05993D3C9788723
:10FAF0007522981987C81732DC09D5AEDDDA5A1A93
:10FB000026A6EDC37441D68042234864BC9FD60A22
:10FB1000328E4CA21AA613EF06966681EE372EA5FA
:10FB20007907CCA1F81895D2E1938C81DC456B491B
:10FB300071D8830C7A9302983F924845E272AAA347
:10FB4000C80384ECDFC2D7BFA10C8CF760E42BDACA
:10FB50005015D918C05211E9DDDEBE4538342BE806
:10FB6000C12175E3210440E4396B52F5C9E35770B4
:10FB70008A93D381B22C912B07CA48BA02507618C7
:10FB80001F8E97E715AE3863F159664E696B5A665A
:10FB9000EA5C45CB428F2EAF5ADA0AC6E23A545A93
:10FBA0007A8969F55CF263EB336B34472150BDCA47
:10FBB000801AB28F11585FEB459A26887B7970A91D
:10FBC0002FFEAFE042CA977A950498C492138DE154
:10FBD0002BAE1EC1B2F03BEFD5159270D24359A1A6
:10FBE000A7EB2F2EE434FF2EF2357B12332D0CAC15
:10FBF0002D7FBCFCC18BDC4F7988B97F80BF91E938
:10FC00005A23CFD3A83F329CB751E05BB422FD10FA
:10FC1000CE8D079713E63DBA045CC9DC5FF62BB3C3
:10FC20009227A21E5E0377737C1B0FB6CA602A6FF1
:10FC30007546049A2DD6CFF1C037680B15D0F3BFA7
:10FC4000DE38DFF886D635940DB497188C640B6ACD
:10FC5000C42021991352B239D68CA2251594F803E9
:10FC60000603B9D4754333C82F4E9EC9CD18740FFF
:10FC7000FAB110F2E5DE4A315D38BF60F543750E2A
:10FC800070F90E178E8E3A946CAE1077BA2C71BC48
:10FC9000103FA21F47E0B0DBFEFDCA525221C82F21
:10FCA0003F2BE4F9DB70BA01975BE5098F4150F710
:10FCB0002BDBF3D9501DA6C37F82069FB7A77FC158
:10FCC0005E25A33ACEB0FCBC742C8F639D8C78F07B
:10FCD00026D2BB3EC65A9E22C4054C8FC610D3F016
:10FCE000B5A5643DAFCE9AFC2D4696C1946B7FCEF0
:10FCF000CA6F561F5BBD30491FBAEB9D027B763041
:10FD0000FF848DFE5F053480B053660250632F9FE1
:10FD1000DBEEFCA08830174DE7F2E09E18F375EC9F
:10FD2000BC3C7F5F5306BED9BD15434F517A8F6AE5
:10FD300031EE746053911849D9C85697E4B15C9874
:10FD40004522F5619726ED8990227249C8FCAFEDF6
:10FD5000F3C2030F4BD65CAAE52EFE0780A0F2E2A9
:10FD60007986401A91824C2CE5033D9AD9059C6016
:10FD700048D3FE79F1AA2E4B73A8C54BDD702D9E9A
:10FD8000F98C85F62E93E9FE47377E0AD0D3E1043D
:10FD9000CA5ADB4BA57EE66B0A7AE8F4B23CF8B6A9
:10FDA00063741F07CB611AD339A8CE0674ED8D2872
:10FDB00023108F4724C09A0B335B3C472F5F265696
:10FDC0007A380E05258C5A78C54FEBF357EE79A695
:10FDD000D582AA4F04AEBAAFF6EA6D47DCC3262D32
:10FDE000C38EAE08974FD828939482B3EB1DD26789
:10FDF00063C38D03343216D9DBBEEF0D3759262D80
:10FE00005086E813A89C367C1CB589F385C68715F7
:10FE100024F2DC1D249A373D8C34A073B0B2777D78
:10FE2000A1052D086645D6704DA49F72AD5A493084
:10FE300035E2C75188F74656DDF627110A317CC7EF
:10FE4000C40706120482417634969DEF3A3B1D9A10
:10FE50008C97157B2F2590B53C3833A8F823C231F9
:10FE6000DA0F036969F8B41A5D653D71EB093DABC2
:10FE7000AA91BF1174E7D3E725835451339A7F9930
:10FE80002AADC13BBECBE2E5BE08E9559EB07E740B
:10FE90005E1CA4D84EDF397B36DA94555EFE053BF6
:10FEA000907A2CB7E4CDDC0728EB498786297DDEE4
:10FEB00067FB5615A7A018E42787D3AE33A6FA3BF5
:10FEC000D9132C70B8CAD3331FF0CB63AAFE7A7C47
:10FED0007637965FD558BACCDE9B0046A4F8E87D0D
:10FEE0001056A95E9505BC12EEAE70563916FE206E
:10FEF000E72AAD13743F17C23F8F29575F22C03FD7
:10FF00005BC20CC13084691C085DC5CD706537A229
:10FF10008FB3D5C2C860575E02C8BEBA0C54DA1798
:10FF20008D27508199172FB9828A3891992E757D26
:10FF30000EB6190094504BAB7CB74CB082A9D6A03A
:10FF40006520F1E1A84F10285C94C94272F7999995
:10FF50000730018949F70BE7306F41C91695000B4F
:10FF600059BC047FB634BCA9581D04C622B061EE4A
:10FF70000AD706B7418391AB791130A283121829B1
:10FF800018F96A25222DF5955A48B3C6726C58AAFD
:10FF9000F85DD3818217BC7645F8EC56BFBAD05DC8
:10FFA000719B7327634D4EE80BD54FC71B3CDAE6B8
:10FFB000AB38C12F1F7D62E9D7BF8528B30FDBE7C0
:10FFC0005AB0A281752CE9C94AAD8C37ECB9B1257C
:10FFD0008625CD76C6D819E1FABD6BA1910390A014
:10FFE0001CCFF5D0DBB02BECC8F9CEC61DA4A70002
:10FFF000D0C98F8721DB1E9FEB0970D427A82A2444
:020000021000EC
:100000001C7C222B10E4CBF2E5D0976F18826CD5C4
:100010007D810BD54F5637F3E970C42E96627B93E2
:10002000CC9DCA668942B2FEE8B3E2FE9260D0B0CF
:100030000B3729D10599B3BF55D112DDF7B6D5FEDF
:10004000F3E587359C3795347C72D32B9A91729A5D
:1000500002D42337C0AE31B927F261957C281AB596
:100060005D3CEED22580CAF4AEE3036920E325931C
:10007000C942239AE8A914D2DB981C951667F34964
:100080008A42AD9531ECCBDD0E51EFD5366958FE85
:10009000FC1EA4F8CDDE39D5E87A7D74FD99DCBB71
:1000A00098C90D379F4866674CECEA7A28655DF37E
:1000B000113ED1343F96155A6909E5BB9725FBF7E8
:1000C000B23428F0592C2A90F661B2DF81EAA57586
:1000D0008245DE4BD636BD721E3322D091EB7BC3F8
:1000E000884F27F4484DAD2E57EF7ADD772031BE8B
:1000F00027469C997FA0DE7667C2E953E6B8DBFF0E
:1001000060C962421FBFE52FD063A72C7C006356F5
:1001100088D7251AA40CEA2718F049009030DE2071
:100120002B5CA00F357A336073DC35C42BE212A24E
:100130006C670E8516AA602C794C5A4EA3CA539A46
:10014000BBC483F5A532F0649262100605E0D36467
:100150002885AE47AA5110E55A02A441188DC4C89B
:1001600079BF2E0BC64D7748F9C320021126799925
:10017000E18C020A7312510799F546408CC7DB26C1
:1001800080C858183677BB2ED26A9A0AFD4EAF95B2
:10019000886E848F3E63BA2F22C7CBB05A7EC72B9E
:1001A000B99BCC001C4E6D253B20692F3FB3DB1B58
:1001B0008FD98D65145A6824F25BCF47B30078F469
:1001C000820B47378A48956D206F0A878BE7BFEB14
:1001D000223A0D61A87EEEABF2DAA9C936EE5F676E
:1001E000E6CD07C3030B0540956BDA0CD7E1CAA334
:1001F000D51B2AF2CB1D9F41DB8DD90D1F0EE5E9E2
:100200003C04A18630FB93725EA5E27813A6ED76DE
:10021000F7B7AC5338F6B3C8DCF3B457FCC9EA7C83
:10022000C5C3B81FADAD11CD950141110A7F51ADC8
:10023000A5BAA233A0CA125654313C5C312BF2D37A
:10024000F0A2A0FE291831B66C1FCE596B76F2A928
:1002500064B225398550B20524D79E5A70874DF374
:10026000FB4527ECFB6CB47A359C1AAAB7E5F1067E
:10027000C3387B5579B74C753D245A5A9386C5F1DE
:10028000960A5566396E3E34A2D7CB4822CE877C7B
:100290006EE5F214B61E4445E19FC85FA6431A59A5
:1002A0003F3BACF807EF475FD7EBD857912F85441A
:1002B000CFDB7B59207F15C6563D345408397CC3AB
:1002C000EABEA911EECC3C42ADCFCB5AD62C7E1261
:1002D00076A7AA10C875BB21F97A24F0934CDA7C72
:1002E000878EC7120C0DB27FC8D6EC5247AADE78B3
:1002F00016C2AD5363F91A5A67024752E7F9743EC2
:10030000B08079FE147DB7BB53A6C5F00444AF6F2F
:100310000012A45E90E9B9ACF8CF0D3CB3565BA3D4
:100320001963D8C0C18315B30904657DBA479A5FC4
:100330009D710805C96A5C5FD5A1BACB91B8D3EFAE
:10034000482000C87034FD97D8C040A8D01560621E
:100350000030F88B17252DC9BCA24BC647E41C38CA
:1003600010313D99813A43AB889C07A4F1A7CE8A0E
:1003700051D706D80E97EF0A4176C19B9B77D4469A
:100380000274CE88DA29E1A730ED68A6B74CAF8DAC
:100390004A6792845539BCAF9D4C4BA5A22EA471DF
:1003A0006B0F03CB634D98A7A36CE8D18BD43F723E
:1003B000591A8BEE344840A4C269C3A9E33B52AA40
:1003C000A2087251B7CA97D823EECFA91E4A6DDA98
:1003D000AA18F8CFD2A12CABBDFDAD74B2F74F2057
:1003E0001B6C7381230DE2CB321D4C5249A81CAE0D
:1003F00043522E502B1DAFEDAFF980A2897E9D8117
:100400000C8B854FDC02B5D580DDC792583464FA79
:1004100024ECE791CC5F5FF388D0E7CB7CF445B365
:1004200091E1291465C586F31DA7452DB183C7F455
:100430006592819587CA95BE7FEC46B611A6F6D324
:1004400095B09D8BDC3D304F149FCC682BE7708AB4
:100450005456A6CAFCF2EB861C8FC9083CB477B789
:100460000DA15998E3B83B300DC41FD96C27FEB7D6
:10047000AD91BF4AB455B1BB05D41AD8D1E20C76C0
:10048000B9408D11264918BE8948EEC226E9587533
:10049000B15C2BF52AFE71B42ADBCC061256FF3F65
:1004A000A76BDE9C38401D33B25BE8D5C91E1559D9
:1004B00078E68E0BB59B9CFB8BD912DDF753FBF7CF
:1004C0001EEDD393F7ACCDD9B6A85C9DFE019F6F0E
:1004D000FE5EAA9A03213906D27F4FD045707CDD9B
:1004E000617A8651DF34B8F217228CD30EA80388C4
:1004F0001DD8EF5406C1894BFF3CCBC46F7D8243AE
:1005000038848196FBC4144EAFB2184AB82D562CCD
:10051000F337A0FEC5A4B043C9F7834108DCD32359
:10052000C143FC0F1142B4249130F6EFA765D40CFF
:100530006950850E4DC5EF2251282830B11DD74F87
:10054000ECDFF3D2A091F729C7E4C7E1C006560A51
:10055000A032FC47A881FA289832430734E65F6F3F
:10056000095900FF26AD42E959654D07418D48AB59
:10057000E68C80472ADD742175644CB15B7D36E1E1
:10058000FB2FA964BA089769702C497819EB86F596
:100590000E3C3A5FE80C1AE99A784D2705FAF8966E
:1005A000E4675E00DA867D442D9147CC706DCC6C9B
:1005B000B1AB8D3B8A6B5BAB8B28F34F5B62866381
:1005C000AE6C874D0C3B1C4069F64BDC562C5E0232
:1005D000E6DD2B00F2C328F9A5FC96B725F4BE9CF6
:1005E0002380E003B7CFD5733314134343854CA363
:1005F000CB9EAFF431DFD412537D440E240FF5B0FF
:10060000D5731EBFAC00916F768E95D650747C71F9
:100610005512C490350A327334B0673DA64B770F3C
:1006200056709A3231E73FC41561F010ADA17F33A7
:10063000726E48204DD2D65D1B71E53D04F5AD7557
:10064000A7003612682CE2F9C409BA52D4E47274D5
:100650008C8F7C1FC4DD00E1F7B05BAEDCF47375FA
:10066000DA9A03E9224D57E018ACE41AD5E5F276A0
:100670008F552217774AA1FA59D5C376DDF5F3775E
:10068000AA172BA0B913C9EE862A15E4096AD93A2C
:10069000549D2F554E18BCA6DEFA151B9B38B8B9D1
:1006A000C7CFB1E58F81BE362F2D69CCBF37FE761F
:1006B0008262AFE0C799367A33E589F1D7B9763AE5
:1006C000868B6672250C3E52C2C82C3ED6EC7A7CD4
:1006D0004D5A56A1621BB626640B011FDEFC7B7DC2
:1006E000A0B37C165725267C0E6B0F21D7EDFA7E22
:1006F0007726ADE36CAB652DF7E8EDD1DFFDFB7F31
:10070000E04532EEA8029BE1866560C6F1CED6A236
:10071000B8968481840375B00036CA8033718B7CAF
:10072000C64380EC614594E07C9265C3990FD2CEBC
:10073000E9549B896945F4A960B820AD5AF785E56D
:1007400064C699DDD8D8046BB02046861C19944441
:10075000473001894F20F4AC43EC44E5D836538B45
:10076000695E047F211155BD5D764B304A17566096
:100770000AD706766D530440E934E3C469F30434C0
:10078000A7887134A62A1AC4502E4F082DE8FD17E9
:10079000E5DA05C8D559C334323EC2883AF97985BD
:1007A0001BF48A76798B15C0325D0E4A737083E232
:1007B000873F6C2448DFC5E9FB782AA52BBB1C21A9
:1007C000A2184A86229124A466F26E0E6211D15AB2
:1007D000425A09A17ADC0465BAA82B30555A7BED40
:1007E000E38CAACC67CB1DAE70EF4711FB7F0353A0
:1007F000ED1C5112D3A29F70637EB0CFFB7FDFEF61
:10080000227228D2645520F1F4F005D8ED2472FC50
:1008100084DBDEFF681376420436E44750298427E0
:100820008DCE53D0C54EDEBFF621990EA4237D2A6E
:10083000CED3E533BDF5B1DDFDF199DEB5BB770A69
:10084000AB0222FA5E583796E69D47B4F4E676F49A
:100850002162869449A0C4A5D9707C8DFCF677F5F9
:10086000F5848290258039ADAAE3C2EDF5E7F6F66E
:1008700055D728D6572C384ABDB532DFFDF7F7F7E4
:10088000F388602536FCC3FACD8DCD595ECC83BA92
:100890002822D0F7CEE3BAB4C552EF9BE73C7BF5F4
:1008A0008B15AFDA4AE3BD4A79540D091872FFE897
:1008B0004D9EAC7B6FDD6FF91793EB97AE3B7423C6
:1008C000B9CB28E281B0ECB4F217669DF6EE7EFC5F
:1008D000F1818EDF7E5C243E9441ED37FEFE7FFD8C
:1008E000FE8BF29867089AD2A8EBCA9CF7EFFEFE3F
:1008F0004741A993D78DFC4FC37F62F8FFFF690082
:1009000026A584A4FE02F92F2EC26450ADCCDC6D66
:1009100088636B4333F6BDDC46D245C4623CACAE63
:10092000D106EB0DD3E47B46EBC9428F6E02719E7C
:100930008B18740CF13178600B312A0709DD4DAE4C
:1009400044AD0ADF94B79689949E5AA92F6CB79844
:100950004CE2EA2DA88194282754E29A4853F06388
:1009600041BC9E46B9F5B967959E23D9A9422F6926
:1009700017B3878225C79B66ED133C2B464E7298B2
:10098000B677ABAC946EE7852CCA6CE56924BD17CD
:10099000AEE9AA49D321F26D280835E6E7D67D7283
:1009A000D70F4049D7A86FA11FD86B0A3A534DE71C
:1009B00035A88FCBD169EF84BB4A6AC83F5F260E4A
:1009C000503DE148BC4BBB33C29BC641660E7EB076
:1009D000DAB0D7C09E6DBA6C64DC2340755893754D
:1009E0007DABE805772F6583A84E6B0FE83307D3FF
:1009F000B0DB987FAB94A522A40AE12C7B6E960B0A
:100A000036B019BFB6B42A9F6AA7C1CF30C6547694
:100A10005463AD50D2B03771A6EFC23428D6CA1491
:100A2000A5F2039125F613B1A1C31B13CD6D516D32
:100A3000332CC1332BCF44AFA253D2B7A55B5D7E1D
:100A400045B6FF1B91EF049F2CC79F5BDCD5D38B72
:100A500015C7C6CA5CFB0160CB03E7F84C7096A1D2
:100A6000F1BE0157BDC15B3EC51F0B9EEB58DCA913
:100A70004CA75C1A98FE859C534D083306158C4E86
:100A8000F9FA06C7A9F3E195AC57783D6B88B090A9
:100A9000B53DF55DB0DD3788A15A4DF4A0F812766A
:100AA000B8B809E58FCAB6E5ADF64B3F37BEBD1EF7
:100AB000719EAF7B70E7CFE4138916A41FB9BD4BBD
:100AC000D620A6D1BEC8D314E28A4E83169AD27A13
:100AD000DE30A9D0B0DAD225FE8B728E1D7E763D37
:100AE000BCC14FE157BEA38F69A596F18F995B7585
:100AF0000D5B88969C2E373221FE4752E70279D44F
:100B00002560F7E5042276886CD1C8CD8879B3F0EA
:100B100028EDE4D21C74EAE0584FBB1C3006AA1E34
:100B200019ED7503DF00357D4A0465830ED1F04F62
:100B3000D200ABC797BBFEAC411438CC83872A3CAC
:100B400058BA06051FC4591A8B462584601524FF20
:100B5000082FBB8AB1D4F0A342C24A6AB9E07348F5
:100B600061BC7755D98048E767222D82D3F13F9544
:100B7000DD2C24C6279C34A1DD577CBA2A9F47214F
:100B800004AE8025223C7C8252FFD7C50D1FFD5745
:100B9000AA0E1524F8EE39042838A68D3407B6AD10
:100BA00075FA2FCADD0975A56DC9C84F088A2F4788
:100BB000FCEA2ECB7AEE3EEB05D9AFA3856BAF44B2
:100BC0005AB4A2812C98BDEDE595FB1FCCD74C2AD9
:100BD00052A0A3805E3CC26241D2BC10A88FB489EF
:100BE000030E0A71BA583F518810F471639C5A631E
:100BF000147F6A707B70ADFAEBF9C800C384FB42C6
:100C00003A7DD09F97C6CC980E129B0FD4464DFDCF
:100C1000ACA0CED526B2942E871741CAE017A8FE05
:100C20001B3ECF9D65832E468A92452D4A8055F402
:100C30000B7129D319F54EDF6F4BE56809C856B221
:100C40001C40050E744ED36BE4BDC5B1C8848DB68F
:100C50007230033E7C2DC7BACB9098B084F2970ACD
:100C60005D53249DE4B149BBCA01642F0ED00B5DD6
:100C700015D74716D36AD79745D7846D9D17CE5A97
:100C8000A2FBDBDA1915C36536476403EC22005773
:100C90007078291C9464C6E63A0806D6C0B959E2B1
:100CA000257B4589C46243653756FC9A175FDF2967
:100CB0003D9F46DFD275B9DBBF898DF8A647B240AC
:100CC000A739AA3119BC10FD60AE85988E0CD201EF
:100CD000C7A4BAE19334393DDA984B768101794261
:100CE0001F7B8DDFDD22FEE14D5BCD718FEDFC734F
:100CF000D09442F3B5A19B7207FF0F5E8B7B5E72AF
:100D000060E0390FB4F5B360CB20460D98D722CD03
:100D10003472830A8076EE448FCFB4D25857D66CA3
:100D2000B57E2340BF44962F90A5616746993B113D
:100D300013737E66B197BA1C39B020FC621270C280
:100D4000A822E9B7C44616FF849A4404FB1A83D844
:100D500032B00FA87D94539EE392EFB874F1A4C80B
:100D6000F52369D5C102944B34E3E1AF6E3E3B9568
:100D70001EA3A297CD57979C2155B46CD1F0AB9888
:100D80003AF30EF32DEEB4D5A5694EF79ADF2EC5D2
:100D90008ADFC3A1D455A2F2DA5AE1B8364F2BCF7D
:100DA0000516C181FBFC890167AD6D1A449133D9E9
:100DB000031CE2A3D7ECDC00E443BF944A4EE7CD2A
:100DC0007C0862DFC20BEF9A8DC9C847E9D0ADF944
:100DD0001CE1E0BEA85E1ABD2595DA165AF7870514
:100DE0003DF563FD388AFB2AC90B29CE0456DB2C5E
:100DF000A72AF9A9742D1BA95BFDEC04FB78B007A9
:100E0000DF80261DF9973D78DEE7897843BB713294
:100E10005F9275A486D4351D22E1017128D69A22ED
:100E2000E1BC5FCFBBC13F9473F00B3AA9921B4169
:100E300001E35E51451792FAE2C3CF8CE755FDDE20
:100E4000E4D33370E456B23EEE1B64EFEAA1FDF248
:100E500099328FB8AED630955418AF985033B167E9
:100E600085A231BBC6BAD332BCFF9CA254A5A2DB7B
:100E70001E33EB5F9394A33326F906E895E4983F7D
:100E8000792B2E15BE6C517ABADB61AEC35E59C8A0
:100E9000DD66C031D4FF517144BAFB538810922AE9
:100EA000E3B457873FAB19C5ACD9684557CA068725
:100EB000CFFB1EBB4FFA53799B48E47B240CC3D471
:100EC00072986234060BCFB5E1549EEF56EE6ED1A8
:100ED00050BA4BE24FA35A39E1B7FE80D6F910352C
:100EE000637B2815E75F3A3497107D225B2A386CC4
:100EF000B0ABC9E0ADDFBA5FF63EED325B8EF2F625
:100F0000A0F30DA0FE533EA46EC0406DE5E6104474
:100F100026D23787F6F4110C83D0E93CEBF1BC32D2
:100F20001F420924E28371763DA765CAE48A1CB199
:100F300071672488A59334AB4122CCC7DF8F3C5026
:100F4000B1313822C0065E29E0E0650D20155B8ACC
:100F50003DFFCFD6442876A1A53870C5C28552E1A1
:100F60003403C2229F0616D5499186799377D546D8
:100F70003A146E548B559617B997E086A904DA890E
:100F8000E38801C8626DB10344DB45E8D4835FA800
:100F90003C5B0BE4FEE23602C54944A58D7AA1C153
:100FA0001BF4EFA7AAEEF79253CBADC79F9355F969
:100FB0005D9F7A6E21FEF643DC7BC9E77BC4773FF9
:100FC00004F2E73F0E317FA8D1C7925F907E5F7C2D
:100FD0004CE33129B41F5FA9408946D67BBE174632
:100FE00005E68D4E814D9D0E50D2161DCD2A5168BD
:100FF000B8E347B779186A26DF0D3CDF737E5F5D83
:101000002880AD3B5FB15F430AE30C78E122D95AF7
:1010100080016C9B90A182D422D09A7CC20E96FA59
:1010200029824DBAA598B5F04BF366D9CB0A58FF83
:101030002711865A9578B3DE37743BDB39C4CB7CF5
:101040009FBD4E99BA87666140A2262FF6863E590B
:10105000529B5B3AEC2F7FF77CB561B8C2B717950E
:101060009ABD884932F8B72D71E1E22DF955A6C62F
:10107000CDA0B6446DC03ACA4933A70C5164F208FA
:101080001E6A32DA51E1401734C82E77AEB695F0B9
:101090004E6B8494FB1A901306971AF28003178AFA
:1010A0009FAD0D6576E1CA153DD8E5D9A117176941
:1010B000501F5A7E54B81C1AE050EB16C112FBD6D2
:1010C000A6ACA46301A0E8B672E86A07669D775DE6
:1010D00011580C1441B1E206813D69B0FEFE7FFD5E
:1010E000072BC793F2910B6277AC13087F10DAFEDF
:1010F00057E254126E5BBB5BCABBAF04FFFFFFFF3E
:10110000A5A894330C4414082E60CDC62446D26B97
:10111000D994B495487628DE96D12A5934A65569D3
:1011200024AD8662D1813D910B610FE95EC7396ABA
:1011300069F1B8DE3AF72D5064C0886818B1701DA7
:1011400040001246A032F9F7DB90BDE76F3F5449EB
:1011500048A356A59550152A574F1604E7965548AB
:10116000F93FE9BE1C44A50E5E929B93521F71038A
:10117000C1228680C9B89B7CA64F60321FF17633AE
:101180007A2FF50733B4A09B4C7C62E3524AD76EAA
:1011900010E5684B8698B81036C95422967B9B2977
:1011A000C36A29B1DDEF9C871ECDA312CB4D7BC74F
:1011B000D408748AF4273A69456151E09321304399
:1011C000C42FE3D4D8A5B83787463879B0C8AFEA7A
:1011D00045E97DD20ABA40A02542E80F65EECAB0C3
:1011E00055F475A3A33BD89104EDC61DD3ADC2023F
:1011F0008B3E1DA4B5FC706CA50FEFC2B97DDA4D16
:10120000C477C5BD84C42C9D756064AB54C2FF76A1
:101210009B6FD0C25BE747527EC0603194F3B3113D
:10122000090501B452B4119D11D2ED3CCDC153DF7B
:10123000F6E2A851F329C63843F4CCDE9529185BB1
:101240003A9CDE0CBCC7789F2AE601AD09BD0D8B28
:10125000C2C3720D9225490724D7C017E016D28A5F
:10126000F6946A6E10C4D9A586126EDB159F4F34B2
:101270006B98BEB3AD35E03A611380A81D8F4E3533
:101280003E666030595507E868EC6E35F4A8796A17
:1012900014D8B4B24E65F47B26090AA65EDEA6A673
:1012A00039C8259C5E8DC3C5F6DAED18A9EC98A562
:1012B0000798AF76B752BF76679E4AFBA1E585D403
:1012C000CF90E2B4B870051C2ECFC91EEA0ED671BD
:1012D000ED89F7D50E3E3B4626DFC8FD01037DE0D4
:1012E0004ADAEF461E3D81146BF589A12869C5C60F
:1012F00049994217CB3196048F8ACD54B59F043D4E
:10130000A6F1452B5E70C0733823C96DA2D852ED8B
:1013100099AABD327F84670C06722D49D8D67CEE1F
:101320002D0238F106BA190F39B0853D5EA3714E12
:101330001752838E7A8595A947762C4B8777586507
:101340001846EFAC57E2102B0EC2ADA71C1994A79C
:101350001075FA8AB8E4A8E5B89F1E3EE309956CBB
:10136000A1579E5B2358B40B0FD2B9394AF5D6EE7C
:101370006F128F18C95E15BDF8F7F87F42E5D7EDFB
:10138000B8F1FC87247CF77B202BB745326E1E45D5
:101390001FB60BE9066D632F96A1BC40394D54680A
:1013A00096A338B9DDB21C68E7D125C2BFBDD0E233
:1013B000FAE47984626CEB2D1BD1AECFC4BB7C15F3
:1013C0005C026E40E52CFC8CAD6B48B7E87F701773
:1013D000E4A98380D6427CDD04DE4980250059964D
:1013E0001D4D6F2D603D3DEC7C1925ED0CEBE1565C
:1013F000150223829378FCB81A8B183EF4822AAD2A
:10140000730685A98A04170ABCD1615714D56923CC
:1014100024168001D290DC59BCC16493DC5658FE7E
:10142000E5ED743FDDF4A5432FD98FDDCBA058FF48
:10143000EDF10D627E6439D605F3446CE7481E4B2E
:10144000C850479EDD44152EF4F34C5DCF34DAF9D5
:10145000A22086FB140F5CC610808C16C253F87352
:10146000E5C20290DD574DF4F4B2CCDD0A63C94EFB
:101470000FDBA675E926C5DE03468C54F9B7A1B586
:10148000D9F05A479E0C1F6282C86AB5C8F29D57B0
:1014900079E48EFC88CFB1140158B1F141799421DF
:1014A00019CBAA97DF9CF9FED6F04FBF3F2B5927E7
:1014B0009079E593A31B14E501FA627D58CCA47DD5
:1014C0008AB97B1AB8778FC78919409E4E6478D144
:1014D0006E9A7F169E5A8EBD7A0B1D95C601967E1A
:1014E00085B8F718E323DF858AFE85AD8F8D099BCC
:1014F000F6EAFA30C4A16E032142EBC43F99C2BDA3
:101500003823FB6CD903F5DFB45AE32562DB147092
:101510004015C9424876D2332694626408B0F44B31
:10152000BE9A75948087DF4F2EC3880163DAD40E8C
:101530005B62AF8433EA81461F9041F5F974D56E42
:10154000BC226324F1C65D191864CF05A860AFE121
:10155000F2C20F0D37D0E4589812FE07E696317F9D
:1015600059F9B100F9BB3E2B88B4F92BC379392264
:101570001F967A81A9281EFAE6FEF02AA772226831
:10158000060DC04B426E893A72E01C45E90BF9D753
:10159000DAF80DA98AF015927A794D94CA23736FFF
:1015A0005118AEA7436F1B51E80E69B553D44FBE17
:1015B0005F5E4B5B74E09DF0631E34441339DF269D
:1015C000C332C80CBA6BE72309BD316C6617F99CAE
:1015D0002854BE8B0A3E8BAEE2B978A962F57F0330
:1015E0004B710573A3980123930B650C2465152C8F
:1015F0004B19A78447D932AEE183DB82E5CCE8EB17
:1016000084C70ECC44E2469D2B5FE2A9AFFA43307B
:1016100073CAD48DEC41AABAA3529D52587ECA8E89
:10162000D1DF332D1C37B4F0A0DF43373EE2FEAEEE
:101630001F8D4A57897782978D593D9871C6DB85F2
:101640007C272419A4B9FFC8CB5B975B02239B4777
:1016500074F3D857ACA9FA38C34BC2AA8D7CB57DB8
:101660006371AB54BDE24F39E19E41508CEF34DBE6
:10167000F510A5AC32F21231E99361AE5B831864C8
:101680005C405AB7E6C93C7AE9559719A80CAE7286
:1016900036772F54EED9BD7BCE89C8A65EDAED7FB2
:1016A000A3EB1F7F3B708B0ED744B1F7882FB79702
:1016B0006E69ADEA3360347A2118C78451D3588DEE
:1016C000AFD608E85987E7337AB7C939D79A914F27
:1016D0001C9C2D10519B9AC244A4486FFF6A922E05
:1016E000134D0BBA73B21938E80BF8937B9EC4659F
:1016F0007B2298FB7BBF39C63F2C521D9E6BF89F07
:101700001EA3C680AC8233EB5066401DB9DCF8EDF9
:1017100012E12F2EACF4F4A70697C8471B928982DA
:101720006907AD83C1D25329490439CDCEA3AFBCDB
:10173000F9FB074E67F036B83D73936ED9E278A196
:1017400064A035F9800312A90FE6B127121534F60B
:10175000B1873CE8172C61C92A33418886C64728DF
:101760003A967DF99A603757E1E7676213279A2B1B
:10177000A93128DC2DA96AC51D8C45EF87C65A4AB8
:10178000DD4DE5CBC2FA14B3603A7F3C0A20DE029D
:101790002ADA46246A786BB27337EEDBDAEBB4E40C
:1017A000C478A60C078D95EAC92329CC094D0255AA
:1017B000FB25A7900D9D98EB81C56C7458C5243707
:1017C000ACA3B3CE1DCC6300F208BDA924869E2A2B
:1017D0008FB2B21692DC625AA93D4112B26BBA4284
:1017E0005B24887358AD32534B563153CDDBCC2834
:1017F000A5A287CDD3A033A2C4FE30C929773A4031
:101800005A8447B864687AAB6E4A187F49243BCD46
:1018100054B5989EEDE057F142B5419317D8A0EA30
:10182000F67028CF96F5D04D955381018D39438FB1
:101830007713DD3C56E886A7E0EA0C903DE9789105
:10184000DE3C3659499995D1CC42600B4E1540E4A7
:10185000CF76FBF6692677BA1C278AD8FC1A77CE92
:101860009A47DDC85A2534ACC86747C34F14C88DA2
:10187000C1A08D11D728DCB886D44628AFD3C01DAF
:10188000867A3F0B3C6E306520C893751D2BEFC7E1
:10189000AEA7C6DD90F21CF95E6FAAD459CD5B2FBE
:1018A000E7E92D11E6FB9F7A630E1B9B48681599AB
:1018B00075DFDB3403BB8E5F25BACCD2F7EF7F1127
:1018C0001CB90C1A66B1DE3DB614B1D8AB7978D12B
:1018D000507FED12966E42FFBE9C4D9F961C5BFDA5
:1018E000630BF6F2903C3A13B169A1330A9D7C1464
:1018F000517F6DBFD7FC44148424E9D2FFFFFFFF62
:10190000A5A89433E2067B2F181F49DBF0F1976FEF
:101910004194491F0B90B0299827CEEC8075D38B4A
:1019200024AD02090176EE2811D88200F1F0136F80
:1019300009118103B1EB3D2E95AE280B74572AE4B3
:101940006BA2AE8F4854EDD99003CF28542487C999
:101950007F2EA0608BD0BE1DD81142C8D0712C1A2A
:1019600045A300FF6DD69B2C9170AC4D84221006D0
:10197000F6B301FE0937AA98273528D449F7BA3CAF
:1019800038FB76A590BEE7A5F1E80CE596A8DA52FB
:10199000DD5FD701B25CB8F69FBCE83A1FBE16C740
:1019A000D09977A7500F9A681F78C941454FFA67B9
:1019B0008B38B07E3F7F664721DB65C0A30D587032
:1019C000F532A9B1F1AE71236CD0C7EAEA9F6CC1C0
:1019D000D5FB0D406A4FB849490B390F05837FC0CD
:1019E000832E120843327A818629CE6702DF250EC4
:1019F00077DBF668F046386DE396CD020A1D9F69E5
:101A00001904817D5300954F9524C908ECD6F29AAC
:101A1000848F2C64F4B3D809928F2413F65655772B
:101A2000C56295C6FB82592A4BF4E4E7EB477298EE
:101A30005CBF9B26F511185F602FE75E537A50FA62
:101A40003C705FBB54B6D96783CB144138767A7C3F
:101A500034CDDD37732541359C93EE17E60749D821
:101A6000E1B301737AF5BAC90265EE6B5118093713
:101A70007053B087B37852985F013F7F88B23924A2
:101A8000D70C8980BC76C345C3DACB3D16CC7C50DD
:101A9000B50B8A1175E7038690FF80F1A63977F3BD
:101AA00078CE55AC10720DE9A84B09F5DC2FE399FF
:101AB0000968E83BB4354A3D05BB2B5F481D58E03B
:101AC0001CC9890793BE52AF68A9E5DA9EAD190714
:101AD0002E0DB412FE2650975209C81DE44C12D2A6
:101AE000E03D7B93B8BE84BD57A9EEFCC144113ADA
:101AF000DFC2956B4F3088646141ED527B9F04D209
:101B0000712C3EB5FA6ECA5FF9C0C46317D0D4C257
:101B1000E8753CC368742B7C34414067D8FF3BECCC
:101B2000F087250BFB06427DDD50C9648E95D0D031
:101B3000117483ACD13068AC310DC03615B2F7EEFC
:101B4000CFA0FBC664FC4AA0149DA75BEE8EF7EF06
:101B5000EBD6A2A8EEEE1EA30632AE3698076CE8CE
:101B6000DD48049C0A549FEE0E10C737759A2DA7C6
:101B7000099B857B5CFF2394AA80B97A06F5986857
:101B8000BB140D7C114EE080BED24CC2F2C6802345
:101B9000793177CB6A7FD07D067626210FDCF16420
:101BA0002F24B2DF904B64C2B2D2AD8898595E1335
:101BB000136B8BE6A20084063F39DD70C3BD92959E
:101BC0001A6DF383D7E29CAC24D6A51FCA9023E5F7
:101BD000EA25EF0C152DBC592D083044FABE4B30C8
:101BE000BC5AE58163CB920748DAB4617110516841
:101BF000DEA80B2293DB93198054CE9A897EC712FC
:101C000004874F18FC4E32103C2B8D58D473ABFD1B
:101C10007FB95FD368B2E9F574E663DC0732D0467A
:101C2000DAAC9AC71396CA922FA126D64E80550DCC
:101C300015CB5EFFD390B3D3E8D112B6DD625CFE64
:101C400035CC1CA0FA3B3EF67C8091B1A162DF2529
:101C5000126FCC460AB456E071C08C914889D47E8C
:101C6000B4B14D9EE98634B54D1CE0BB8BE017F94D
:101C7000136A72CAF53D56085B116B0A20C6C1583B
:101C80009911D93EB871C8B70E55E153CD89DD47DA
:101C9000209BADF96E6DCFB1DDB81DB7C69984F646
:101CA0005FCBE43167762BFB45341357D76ABE67A9
:101CB00071CA524E2FDEEE3601EB8CDFDFC241706F
:101CC000CD95976039264915D10868BC569C1C559E
:101CD000AE23E210F6D7778E18BEE05BE85794B9D2
:101CE000BA8119212736884304AC07F689E817BA68
:101CF00090255400D17632397BBB8B72C54E735020
:101D0000A462FFAD40FAFFF4D0D2C14DA8373248EB
:101D10007617E00ED8531F8E7A88B4C7943057CE0A
:101D2000548529B1D11ABA8FEA06612E51477864D9
:101D3000BD6E22A3D966BB4119F1D9452CF5D3213B
:101D40007CC4E59D994EF7ABC002B1212A7AD08EB2
:101D5000869FA003B2341267B137B6C3A006D18FF5
:101D600009646300994080EB699AC4FD3807BACFD3
:101D7000455522F871941E21DD55A0B83297D50A39
:101D8000570ABAFDFCADF92E5B312B68AA3F3A2009
:101D9000CAFF000F44731F64DA5E522C12385FC60C
:101DA000D22D5419DBD93B2C6BD4370B534F706CAD
:101DB00053C174042A9FD6F64138CFC42E7D91E6D4
:101DC000F62A88E68FF5BBDA0B7FAD5C91AC1A6121
:101DD000F5BA8945299C2F2B24D8C90743BB994DB7
:101DE000AC16296BA384E823A92FE2C3C51C79C3D1
:101DF000CB3B746A86E09D42E11B34E2D36C3A69C6
:101E00003C7F26AF823133432C5F662BDEB15330EB
:101E100036B7279E349AB3DB221881D0F7D65041CB
:101E2000C5050528E5504D701A5043123981729846
:101E3000E7A176BC75F76FCCF64265FEA737BE0DFD
:101E4000BEC321B64CA6E43E2A41E0BEC5183D8F74
:101E50001C54826E96D59074EB50657CA3700899E3
:101E60001B23A6BB4747FDA8B992C0592B08F029F0
:101E70001F95A53AF3B990C61B82C1F6BD2018FC88
:101E8000A6FB8B9BE65993356E1815F7EE8BDB148A
:101E9000D1672F62F1717166A2F3EB5296A8987F19
:101EA000980D01DA647359A5B38D4B18072955E8CD
:101EB00000647859F619B50681DB1E3E51725A3A14
:101EC000544A2F5CA619F9BC6ED88DF3D20E7C1142
:101ED000C8AAA9F7B6234C3D9E9F69DCE5164819B0
:101EE000873F2216BFEA5315F79B8814D62DF63C80
:101EF000A23B265E94D8C03EFBB30C4F6502EB7943
:101F000018F025B09899EBA6DAA6E139D0C613EF00
:101F10002A70E73E7507138C69B6E0B83CD4715E51
:101F200019733B8B6F7C3574F140806FD1F27B6904
:101F3000ADEE3AC277933828F9554FAD81C979EEA5
:101F400058C049A9FCD9949E202598CE3EA9F5E217
:101F50001020EC86ABD40C8D2898E2CCFE51F66DA7
:101F6000CEA12A7B322540AEBC93B2673FA477EF67
:101F700057F30A9C29318651F6F188A9B995550D78
:101F8000F9FB73A58A6CE1A4505AB94E4DAA27B645
:101F900075E50BC2C27CE2A773232EE901AD7FA8D1
:101FA000FE09BB8A9B8B351E336B88CC5F5016C9EC
:101FB000F399AE1193E112E943C6328ADBF6B3E638
:101FC00002DC0D8F82871FA14A9527CF1C0C7DFE56
:101FD00033DEA6CCA71B19C0626B24EE9AABBCE023
:101FE0005DEB8883008FCAA86B62334193BA49E1E5
:101FF0000B1A8BCDF7C01D957F79D742A363D98289
:10200000F9DB5B0C64E157BC0C5D0FDFD473EBFDB7
:10201000D3161A29F58D339CAC302ABEDCF771FC3F
:10202000E56EFD699DF835BFB5D0D657EDA3749325
:102030007371A13E0A55144C05C3EDDA469054F570
:102040006262A68824C2FAAFCB148FD7BDF370F9B1
:102050006E30A8D45320042002F4865615318A73BA
:102060000516399B41B951A663818654DCC3F04DF6
:1020700092B154F2D7E38CA3B1774AD58F8935F763
:1020800077B84C46CEECCBD4B6898CC378717A370E
:102090007CE7C6FD2C1C1E7384457D1436BADC26F5
:1020A000598D4595679ED2B092DD1BCAACEFA0FC5E
:1020B000EF692CFEF59E1EF944B308640BDD7F1119
:1020C0005E3128271846DB3F64FDFF13FEE61DE561
:1020D00060B8F19B20195C426AEEE8FC1D005BFDD4
:1020E0008E0C2CA4674651B8769409DF10109DDE43
:1020F000228B0E4997DDB3FD795B6F89FFFFFFFFF0
:102100006041000DDFA8EDAFEFD070E1AAA61FCFB0
:102110001CF8DDCCF0E8E7DA4A71AA2534A651694B
:10212000190484F98387D94945D244CFE9CD52AF08
:1021300073F1852362ECEEB8A6D3C7B81E435EE503
:1021400040C40A6BC63690CE2E66AB4B3A86D05E44
:10215000AF1007D1B6FCFA36DAF20C7B16BAF209E8
:10216000BE3297682CA7B6AB0324C46B00072D6062
:10217000C4229EAC65BD11E1616160063EB59B7CE9
:10218000E4F4080E82882B4D06AA0746B2EC406E96
:102190008A5F27D5B0829BDEC1ED36471EB8E6D2F6
:1021A0009C3329112F7F46D5492D6B0B5DFB79633D
:1021B000DF471A34E0FF35D6C685FE6B7719053345
:1021C0003A4DEAAD8A201C2132BD89417598A52D72
:1021D000D3280F06AA89B66F427D4D92B8795ADF8F
:1021E000CCB6AEA319C9336F4B7C23178AEF3F02DD
:1021F00093DBC431F7310AB2470AFEC89A89242D0D
:102200005FC15B5044FAD8721B42576A13552D7355
:10221000CC70DECA09F69D3EE14C28AA7F744D04BD
:10222000D8A597123D0C322848F9E67FAF5A0D1E0B
:10223000446CF58861B133D94B5CFD08969BA84688
:10224000FB5222C904A77676BC8223D4B42D1C7914
:102250008CB2810E0CB75333640FE1BF5854D205D2
:1022600027C5A1D4FD31D07E2D63F965FF60FCFC4C
:1022700068A7540703A2B51AB4936CA1BD3DEF7AC9
:102280000A71186DF8EEDA1816DA931A1DB3FCD33A
:102290005667AB31EE49FE344848245662479021D8
:1022A00053A78A58030907A7CF4D6AF233ADFE5AE8
:1022B0000F6989149798BF14AB49A0543326F819B5
:1022C000FC372CA75F86CB205EE49755291E5B1C4C
:1022D0004EA6E95DE9589E2666A87B5241C6DAF013
:1022E000AE0E5798F88F1B05D16BA51063925978E5
:1022F000477898BBA7BFBD729F9EFB57A77FE8EFAB
:102300005EA3D083D82212CD0AD9428BC727564B61
:102310007792033E53779AE062CDE6DA43C70065D1
:10232000FA7EFB37A047DCE0E9A18BACBAD8BF5AF4
:10233000B5EF9678C9C212AEDFCB8A78622A344CE8
:1023400058BD8B02C93D97A9F077C42E1B9165102B
:10235000C8B0232EB194B6E7000172AB98BF39E83C
:102360006903C60DBC4890EB990187E64BD529C49B
:1023700011577AC5516916AA1B77C6B70625D985A4
:10238000A1792EE4BA969E9236C744933D2C565FAF
:10239000559EF6E0B2061B87823FCF2345CF043619
:1023A000E778A6E8716DDFCAFDC2FD883333B772E6
:1023B000F066F2FEFA3FD76B26594FF1E5631F3006
:1023C0005A4508815D0CBFEE12BFC9C136BE56EF3B
:1023D0009152EA72159CBEEF2085ECCE1D96DD2051
:1023E00090A34643DF541DA3796F6DABCB6AD8B37E
:1023F000ABA218E1D3BBFD87BB6E4D259BB78FE029
:102400009072309FFDF4B65A80526BDF0B55F05B33
:1024100073A2232AD2F4D7F18850C9DEB8518E5C5A
:10242000FEC2DB92CA65365881B3475F11A758B028
:10243000FCEC46136915AE5B895149DC34F02FF989
:10244000DE3C365957849749F66029FACC19F40DC9
:10245000542921982CB5EBBBB23DC6DCC4ABD4B437
:102460009A41E9A8CDA585022FE245D04085559334
:102470003463AAD5D52834BA3871A8099D3EBAFA72
:1024800046CB4C979E71BE528248C05836B1610807
:10249000193B2B22E68A9C18464624220FE7C521C9
:1024A000FCCAD38B5DED334C4F8C4FBF976D4062B0
:1024B000FEE44E1BB17D30FA2C42A0991CB9969FC8
:1024C0005ADE1DA826AC193F4EDB07D3EE27FC16BB
:1024D000912B8CDDE87616ED817820039CE37C5708
:1024E000DD35BE536F4B177E1722D0D38D8D0190F3
:1024F00050E9CFDB7FAD3D55473C31D7401FE7E486
:1025000060766120F8773B29D0427FC36FA03A3BC9
:1025100068C5E20CD196F427D846E3CAE013AC6E46
:10252000593000A00567D02D99A5614E5147D0BF05
:102530001BE76A4747DF32631D00E3019F84D76EC4
:102540008E8AA3147CC3362409E2A505D0645264A4
:1025500070AFAF08C85413251EFD6384D87453654B
:10256000BBC38B46C14592265170DE44D165D2660D
:10257000480E6417C95593274ED4F56FD975D367A4
:1025800038B847A7FB0CC41BAA1EB547854EA70D3C
:10259000539A6C02B61F9B824ABCE83235DEF59432
:1025A000A76BE84AE3FD93684DCBCCE7ABAFD7E828
:1025B000889B9AEBCE9934A84978222FE3C4D1E6C0
:1025C000FDBE8844C24C1A2C5FA95DC5D26C5A6C02
:1025D0007250D6C2CA5C1B2DDDF9098FDA7C5B6DA7
:1025E000C32B756BC34D9A2E53649A9ED36DDA6ECE
:1025F000F4DD2A6BCB5D9B2F9AE4A3BEDB7DDB6F02
:10260000CA7281909228DB74CB9C66EFECA0893271
:102610007492651728EB927324C0695AA84F77CA41
:102620007DA6C352BF35DB9DE823AF5CA904F67FCE
:10263000C363C233B1AD5A579533E85374ABA08727
:10264000E4E41112C4C43234C41D6215D4E47274BB
:102650001E91C871CCD433353C25F45ADCF4737523
:10266000FF45030DC5C5B2366F654F47D5E5F27618
:10267000F6330FEACDD5B3373D246458DDF5F37753
:102680007EFAAAF246EFB07A6E2CDF5E995DDB38F7
:10269000029C2F344EFB5B29205948F9430C7C3BAC
:1026A000FD6B8C1CBB20535E29C5CBDAA9E1FE77FC
:1026B000EA1BAC5B306BF168DF4EB85FA38D9274A0
:1026C0003EBE2C11C6CC3A3C363DE153D6EC7A7C6A
:1026D000EAA28878CEDC3B3D588AE9B7DEFC7B7DF8
:1026E0001E79AFB1C7CDBA3E169F08A1D7EDFA7ECD
:1026F000703BEF71CFDDBB3F251BCF31DFFDFB7F93
:1027000018FCA88DA179F30BF041DA6B4FA23EBB08
:10271000E8EC6B9A04852FABF8507A42C011A8EE12
:102720009587216170067DF149272DC17145D43F00
:102730004965C77CFF933C32B1C049CEBF867D7AE4
:102740003203EDE0E04616A4A7BFB83BF06656E4BE
:10275000BA2D0188E85617A5A763BAABF87657E5F6
:1027600038D080EBE14796A66B379084F167D6E6C8
:10277000CDE38228E95797A71B66C647F977D7E7C5
:1027800042DFEF8562689657CD0DEDD32231495C6B
:1027900010AA4226923DE6EB85CC05CA05BAFC920A
:1027A00031FC67CE636CA2E895742BDA3EDE7FAA1B
:1027B0008F642E8D11BDFEA61B15E9897B5CF94047
:1027C000C6A2C0CEE24E1EAC28EA9033F26E5EEC9A
:1027D0000A2C820BEA5E1FAD326FB2CBFA7E5FED40
:1027E0005F4CAA95E34F9EAECC2C0CAEF36FDEEEA1
:1027F0004B1B8344EB5F9FAF80494130FB7FDFEF92
:102800007D9522BD84D41064F45F209234D569B2E2
:102810001232A88AFEE4DE12AC726993884D734AC4
:10282000427286B275989A0654A3E2ED89E7F2FFE8
:102830004D05A64B93263815C6E19A9354EC084FE4
:10284000F43E696FE4C636B4CB799342F4E676F48D
:102850006CA0DCD7ECD637B598D643BBFCF677F541
:102860000F2EB2CDE5C7B6B67DF3E0BBF5E7F6F6C1
:102870003284D07DEDD7B7B7C2681241FDF7F7F7C4
:1028800078682835F44E46FAF6206CDE9DD0AD2DE2
:10289000EEF909321AFCE0FBBE9DCEDFA2E959E257
:1028A000770F0DE19FB61D45F9794DD1BC90A5B8C4
:1028B000579F449817245C04F16C0482184B02FD66
:1028C000B93D119EE6CE3EBC7EEB4A9EF6EE7EFC06
:1028D000AE23E210EEDE3FBDC1619A4BFEFE7FFDEE
:1028E000BECB4F21E7CFBEBECB6CCAB0F7EFFEFE2A
:1028F0000F0E4490EFDFBFBF77FACB9DFFFFA532ED
:10290000A83F8540E9FB6EDF71CEBBBB30A0E94A32
:1029100070922DC1D2A5171CC0D47E57A0B0E898E4
:102920006124CC8F7E8129DB29DD7000B947696E77
:102930007195743284979339C03120FC35C5A72135
:10294000E0C4BB2EFD7293401AE40A5AED4FD30047
:1029500070D4BAFC8416B218981B4A079436F25801
:1029600069233B0AE943941BAE9E3D49F963D45B5E
:10297000E5A1D845E137951A64474223F117D55AA6
:10298000622CC885421DF485CDC43F7DAF605EC812
:1029900032482906C2989B68A3514FA4F25E5F5447
:1029A0007B8BA06E8E4A5A3BD3CDEF0811EF795541
:1029B0006BD94380C17F66A0C8BD784B50FF5D6571
:1029C0007F040CACCEC852EC7A6E4C71DEE812ACCF
:1029D000223A0D30F2D8A2F7721A4D70E2F8E2B73F
:1029E000C18B2B31AB2F21201F2B6B73BB0F616071
:1029F000809B0F01A35B184BC43EA82EB37B580BE2
:102A00006492309D0AC5909D4ED4C35B3420C95A50
:102A100074B7C01EC48CB3533C5B4557A430C88800
:102A20007DA6C3C088C272F19541EC52BDC7497EF4
:102A3000B961A31CC711F92D8D79E7F33145B23186
:102A4000BB23A055F9EFB3503D1F9DABE9CFF31069
:102A5000EC549A3F809692089C9B875990B6D24836
:102A60000C832E1AEDC3B40BD2655B7EFDE3F44BF1
:102A700065B31A1BE5B7B50AF9B36715F597F54ABB
:102A8000B2782017797397C77F5797A7ABE07ED8A6
:102A90006E8A3694220E07334447CA5FF6DE7F44BF
:102AA000B3792A15A7BD5102E82BCCD0156F594533
:102AB00077BE0A598C1FB7B15F69EFFB547F7D75F4
:102AC0007E4C93E5CA4872FC6B29EB51DA6832BC44
:102AD00073942DBDF65882E763B96DFDE678C2A701
:102AE000EB39B75CAFAF01306AAB4B1CBF8F4170A5
:102AF000CD1B0A20A7DB385BDD3B4A60B7FB781BA8
:102B000091E086E13682A173F04D00C614A2ED7902
:102B10004832AB0CC1EC9D7139D043BC27454C8D7C
:102B2000E4F34E8D810319C11323654A1DD7A2CA50
:102B30005191A961C93386AF9EB105C3DB72D6D06E
:102B4000C4C6BF1DFC24FF9CB0095386D0DABFDC8D
:102B5000551E8587BDD4192F05B0E687ABF4596F94
:102B6000CDB39BC40DD5CEAE777745CB1DF5DAEE50
:102B70002032262A2946045844AF44833966441833
:102B80001ADAFB87064C98EA0A7ACCC7D2AB1FAA9E
:102B9000BCF80B72975CBCEB183A2EDD7DC1DFA848
:102BA000432E92019ECE1DA7F3556CCCB5E523159F
:102BB000EF9F6C499662102043B9CE6DF27D51E7CC
:102BC0006F0DCC141D53E1EE1A6D67C17591A1AE66
:102BD0000ADF4CCFAEDAA6F5BB3A6DCBBEFAE6B54E
:102BE0006B4F06ACDE3213254D224148CE125365A1
:102BF0006D9170708BDF8CEDBFABC96F9BFFCCAD5F
:102C00001BEBA69A6497A74F5DA264D01022CD69F2
:102C10002D925A13E8E52CDDFCA3F6D16FC56C9D0F
:102C200043E146C75A78CAB63521E6C81957F1F6C6
:102C3000ED6B0D97CF2AB6803DB3E5D2DFFFF600EE
:102C40000CA020A9F8A4DF8C1C8060E934F79AF06E
:102C5000C8569E0CB954393FD893C6783CE7E40A6D
:102C6000AE0122980955A6BEBE2162D8E665F87C61
:102C7000C123BAD52DC62448703425F57A0808B585
:102C80005A08ECD8C60B7FFAA4AE6533D62B3FBAF0
:102C9000EF18ED995179BFF8297A7CDF4141FFB8EF
:102CA0001D69AAC7A145434509E2615CB165039569
:102CB00057BC0EE0E6DD31B7FB6BEB7BF6FD71F741
:102CC0005B86AC9E9E31C1FE7E4AECBECB93F37711
:102CD000631DED6FAA5A86E58105CC229E7E6CBFEE
:102CE0002DAA0F33DAB233353D6FA6C0B36B47A6BA
:102CF000676F2DFD8F5FACFDBF90E69DF9C87DBE6F
:102D00004A62FF8BE08417AB5ADEE34614C6D20258
:102D100028148C620766B22760B24F239214F267C0
:102D2000858535D152E71220518CA3235547939EB8
:102D300060EB62F9C949F20121E1364C5DF8B2431A
:102D400040400204B8C6108F5060C006581A30E0E8
:102D50004E9A03057C26B040587043457887DFE8DB
:102D600021C59344F9159A2953E58A58AF241A2EA0
:102D700049510145B1D7911C39F5D305A106D2259A
:102D80007AF50048FA8E1AB072A862C3EAAE560904
:102D9000C19A2DD0CA9DBA2FBE5A0A965E183A091A
:102DA000582A8EA1D9283B2C17CB4A28C9387B6CCE
:102DB00051182A0DCBCD9F8B63BBC768E3BFD74AA1
:102DC0000BCC4212FA1C122354A24A4C6B25AB6363
:102DD0002AD9BB4F7E2EB82B1AFC0353E282F76030
:102DE00043498A0E77BD92215369480CECE96F562E
:102DF0004D938B0F8BBCDB205B79CB4F248C782FD2
:102E000094718198FCA3933684BEC312EC83138F14
:102E100056F2628E7776B33398D22031C6B5D2306F
:102E200025632253C57411B8AC8D6230ED27F29240
:102E30000790021554E7125665D3A2AF42BF861120
:102E400024456156C83737762C626C35B2DB77A1E2
:102E5000B32FA1774CA6909A24726D748CD93773D6
:102E6000430B5DE9FB9F30B22D63EC17D9610FA4D2
:102E700069B3E0EA1A25E7962573ED0DFFF152F7E5
:102E8000C6322EB8FE0E3A031C28CB5E565D168362
:102E90000E1A2BF9EE1C1EB4663A6792FE3C27F21E
:102EA0006E89A81ABF5D4F3587698B7A0B298721F8
:102EB000357B2B19F7BA1A3D27691454075FFF4673
:102EC0003E4A2417114883F70CE9C95AAEFD04D1D4
:102ED0008A2D8A975BC33A739A5DCAD596F8D2C594
:102EE0001DC80918BDAD8D729388495800AA386F66
:102EF000B43B297D59CEBA87DB1B693D4FBA06C961
:102F0000B07AE58FC906185F0AC0C6A2EA33F7E6B1
:102F1000AEF003BC680786A140B04BA23ED4F46972
:102F20004127DB095E8596B89141873F7526756A12
:102F3000539187732DE86AA501E338CCE1D557A2F8
:102F4000604284A654B656AB10E60486CEDBB66566
:102F500068520785A85074D07872C58780C6E7A7E5
:102F600010C7CE98553535A077A9C6C6C994524B1F
:102F700009D7B6C5917076A838F78FD9C4295026DD
:102F80001ADAFB87E2CFBD2252AF6943FDDE54E778
:102F90006065AE84E2EE15A67CD8CFABB03FFEEF05
:102FA000438E8A871CED1EA837C94EA8D3AFD0E741
:102FB000211E2E8DCB9FFA26A7496ECDFB69BE0B35
:102FC00064800E8C82CE02A1726A4ECCCC2A3E6CFA
:102FD00033DE47932E5E7CCD70DAECCBF68D46491E
:102FE000634B0CCCE94E3DA813EEEEC38D233F4D51
:102FF0006B5B8F8F937B7E00BFB6ACAF2C32D972E8
:10300000A5E0670FE46797B6548248DD182476532D
:103010006C37841B7378332A7645C693A6D27378AF
:103020002F820794E591F4BD3FAB47DFEFA657B081
:1030300082712791991595ABE2CF67D1F9334C7C1A
:10304000BEA067B424BC78FAA41226DB0998A4AB0E
:1030500036D384932CB4AA4E368DC4D37AB19683DA
:103060001D41826277D4B78E15638DDB3589D0FC24
:10307000A926061FE9534EF93D1A465D008561A851
:10308000640E6486FC8F9FFA7AC82F07D62A4CBA42
:10309000141E9435311C33B8066A90D6BEBEFFBBF1
:1030A000278BAC9A3BCDBAD34F29EEAAB165FCFA77
:1030B0004F1B8396974F0E33076B1AD4EE3BB5E543
:1030C000E628ACDD26A012BAC908ECDE368058F43A
:1030D0000E5E2FDF960ADF681E7A625057A0CA2163
:1030E000A83BA291C5CB1F15D11BE2D1F5A1BFFA18
:1030F0006911AF9F97EF9E100779ED97509022BE10
:103100003AF349AFFE48F1833668C402372284049B
:103110000194E89D5F5917BCB8230C25E632B0C274
:103120008BF2CDAD0FF68986A8FC085AAF23B0E824
:1031300069038D8EEF2A80F6D95FC5EE3DC65DEE40
:103140003864AE611B56146FFCF34B4E824F5459DA
:103150007600A044E3D6D385981BEA4F0F339174D1
:103160007F0421631961948B949133B77A74ACCB4B
:10317000DEA2078CF3B7AC2D5FF57A89D16BF7250A
:103180007A2FABA70C88E5CB981808B7EA0BFB2978
:10319000DD9CB0C2A80CB8A9C7707E4994CFD56495
:1031A000D4F9EEABD320DC2C29988195ED2B39E9AD
:1031B00071F98D2AF30CE78621C2CF00E580B9367C
:1031C00077F4E1683BB76577727C29D1EC36D8E8B3
:1031D000327CA702122EF0DE247FA2BED392A096EC
:1031E00078AB26B318669C65C4ED73C8511F79157A
:1031F000FFBB27009141F3DC23644BB17281632D47
:103200005603CBB814F64F10D4CB581214B068FB49
:10321000B54DE9D918D3FB096C34D4D1E43673B277
:1032200023D524507E7E43B92814E66FFC27F29103
:10323000AD82E877F07FB5937DA3F15EE5911A1733
:10324000493E4134FF3BE63CC3D09316D4E472724E
:10325000DCF780B186507B2B624DC0A51C8E8CA103
:103260006CBF330662843054687309324535137974
:10327000C5D76B3F322A4CC87D3E02A8D5EAFA7109
:10328000C6E62CBC19EE8B5DED8FC9342D4ED4856E
:10329000AABF851477BB984692787117C4080DD6DB
:1032A0008D8F60B2BF66143771F91DFCEF892C89D0
:1032B00074BE08A4B6B90A468A3B297B3FCF9BFF60
:1032C000E2EF865D06B6C57EE9AFA054123C7CDC19
:1032D000B7FF8A717D9C3DD0C90BEFD021788A82DF
:1032E00027DBBE137EE846161FD8895CBE12058117
:1032F000A8B78FB0A0A3F8C40DADED621F93D78A15
:10330000674438C27741D621E8513A40CE20B563B0
:103310000E561CC338E71CA194A025CBF2B21D04A5
:103320001C2A0143E9039C004F632DCA150356E094
:10333000115C83BE0E531042ECC3A362D913C6A224
:10334000D4A02238202D712B4E23CB422882B74B9C
:10335000437685E74F1F11A8870DCA632FF2EE2E23
:10336000DE18575BF99A11676323AA4B2697B0477B
:103370007931C47B44D322F671B3966A831780AB4C
:10338000F488CCE8844A45EA3AAEF5038C7A3C6886
:103390001824AE08AE9AE4E70798ACC6B4CDD14481
:1033A0001BFA2F52989AB85141D4D488CD293D495F
:1033B00043E8C856085A41238FD94D4AB3CE7EAB55
:1033C0001A6E8371826A0DEE7E572E51607147AE80
:1033D00013246E89EA5E9DEC7CFEF6036BFC7BF7A2
:1033E0000431EF8AE5859EAEB30067C4CB20D8B325
:1033F0000A7F0229A12D3CED5B7326E73B6E4CEF63
:103400001A3F4C9D6B79816A0CF260DF2455F07D88
:10341000763223CC954EC6F08BE691798448F877C6
:10342000DAF18A4D5EECEF0D33E36405E7F61F96A3
:103430002E1165136D86593EFDCD1ED0AF9364CE1F
:10344000C0B12F9B9F42833ECE222E96F8D877B6EE
:10345000FCC11ABDCED7963D26721B7A688C340EFD
:10346000D1B0A3998607EEB0483566A64B3CF0ABC9
:103470004BABA6ECEC353533DD81851F0673427D01
:103480001E7B8F52798FCB07A3BEEE5C9FAA3401BF
:1034900007693C44942EFD169697E818F461DEFF08
:1034A00015B50F1BDCAB57FEB3C9ACD5D72FE8F76A
:1034B0007D0146730BFD42FA01F38D5BFFBB9EDB82
:1034C00077377ADEE0AC7EB3B681F473152E26FA38
:1034D000B16E29C039EC5FE6F9F8A49CFF1CFD79B8
:1034E000DE31911FB92DBA13D39890D1D5EE5F7606
:1034F00014A9506291D956B0A6FB94207D9DBFF0CF
:103500003EBD680DC008B1A8ABA24AC7CB24562067
:10351000525E075C8215B227254EC303E633AC0327
:10352000FE73AEDD05E73C2FD14AB100375B5D008D
:103530000A00FFAEC91030AB43B589A6E733386B3C
:103540000C33018D495B96F00E5352EBD0645264FC
:103550005252910DC3D0AA317B6B9BEED874536548
:1035600061AB6BDE653616A7632750D2D165D26694
:103570004A22DEA1960995FAFCF94451D975D36720
:10358000D54FCA8986EE6768CD294CD3802DA7E533
:10359000107C0F809A99B8A11C75C9294D07582B2A
:1035A0000B16AC4843F5302C2789ACCAC5902FFFC9
:1035B0004FE48149ABFF9FD621CAD4301B2A2C0788
:1035C0000EB7E3D4AA3F0FAD02F6B1B9D26C5A6C74
:1035D000CF1FE2279C151D102D42B943DA7C5B6D8D
:1035E00025897D0AC8BE1EA3A4573CFBD36DDA6EA5
:1035F0002D0474A260794F4733FF370EDB7DDB6FFC
:10360000BF02269ADFABB2B4FC95BCE83B95718C47
:10361000717A27B1B46B79751834981F3318F3F5A4
:1036200025D4C00E86A21193D5DBAEA9C3182D03F5
:103630009213A792E393B5913BFD65F750575D8ECA
:103640001E1D817104BAB1998B0C1561D4E472749A
:10365000161580706CA6590DED74965ADCF47375CE
:103660001F9C01734CF5F199959F6150D5E5F27659
:103670004F3342550DBE6676E98E4016DDF5F37781
:10368000C6E3595A221DBC351BAF81C0EE88A4C0C9
:10369000049A0FB471E24BE6669F9456114F7AD6A6
:1036A0003AF72A58537341CBD7C21287AD5EADD5D6
:1036B000005E6B39D09FCA3B7FABF956D3394017B8
:1036C000FF448697A65C3631F5A5B6C4D6EC7A7C65
:1036D000483A5CB5CA58481865BFB157DEFC7B7DD7
:1036E000C72B0695D7AF01C56D161DC1D7EDFA7E64
:1036F00090E1D0F79F2240391EE8BAF2DFFDFB7F50
:103700007B212661E874EB7F78CE444D74D8A98282
:103710004ABA03BC2BA81BBE35B6628A0387D94EB2
:10372000F370DDEE26B894824E1CD117A7213FA678
:10373000B660DC895E1D7EA51F7E946E1D09AB16EA
:1037400028D1535B471610994A9D3D04F06656E414
:10375000F8AE4E7E5394FE2DC3B0C541F87657E5C2
:10376000C21F5A7EC1BED1E4F69F0684F167D6E639
:103770003FBE9BDCFB877CE3FF0C647CF977D7E7DB
:10378000643ADFB7E00BBDA9396D8ED9BA75E15443
:103790004A9E6FCB6E7C5E522C624BF41C4135AD61
:1037A0005A8FC4739BE41EAB7B63AF1AE82FDAAA6F
:1037B00016638BB6D36D6A14E1C9EC984441B78F98
:1037C0006238F5CED8FF13EE1397EF17F26E5EEC6A
:1037D0003CAA2D82E7410AEF1A517C10FA7E5FED78
:1037E000BBAF0C26DE11BA7A42EF3BC0F36FDEEEC0
:1037F000DF4B2CEAD65DE465035C32C0FB7FDFEF74
:10380000E4E9599864F809AB4F85C5BC74DC8B2496
:10381000977996D33C7ED17C787459D7B3D67FF70D
:10382000E3F0FD132703FCC8D2D932D83EB8A95F14
:103830002BEE27B1F32AB51C1FB244D0FD029633FC
:10384000A43B1069A4C3973C7FCC7BDFF4E676F4FD
:10385000B03003FBECD637B502F4F3B1FCF677F5E4
:103860001FD3243EA52592B6F5F2FB54F5E7F6F6F4
:103870002DECAFFBEDD7B7B745CE185AFDF7F7F7EC
:10388000140E9501AE665CF5A4BB2DF8CE2C7E3BE4
:10389000EEEAADBBAA6188DA3C5825411D7EA1D372
:1038A000E7E0599C5A63BC3B4FA9E052CF2B0D0572
:1038B0001AC2ABA654C400071F18C9DD53CCA05DC3
:1038C0004E08FA5AE6CE3EBCA5143ED8F6EE7EFC73
:1038D000082BEDDDEEDE3FBD8188B902FEFE7FFDE7
:1038E000C05C4F31E7CFBEBECBAC0F28F7EFFEFE7A
:1038F00011ED447AEFDFBFBFEFE5F62BFFFFF9E1F3
:00000001FF
